combo_key,variant,params_json,symbol,status,n_folds,median_oos_pf,worst_fold_oos_pf,median_oos_sharpe,max_oos_dd_pct,max_is_to_oos_sharpe_degradation_pct,total_oos_trades,min_fold_oos_trades,raw_p,bonferroni_p,n_tested,survives_raw,survives_bonferroni,verdict,gate_reason
"V0|atr_stop_mult=1.5,ema_fast=13,ema_slow=34,rsi_length=10",V0,"{""atr_stop_mult"": 1.5, ""ema_fast"": 13, ""ema_slow"": 34, ""rsi_length"": 10}",EURUSD,OK,5,0.498688,0.000000,0.000000,1.388409,100.000000,35,1,0.893241,1.000000,123,false,false,BLOCKED,min_fold_oos_trades=1 < 5; total_oos_trades=35 < 40; median_oos_pf=0.499 < 1.30; median_oos_sharpe=0.000 < 0.70; folds_with_oos_pf>1=2 < 3; max_is_to_oos_sharpe_degradation_pct=100.0% > 30%
"V0|atr_stop_mult=1.5,ema_fast=13,ema_slow=34,rsi_length=10",V0,"{""atr_stop_mult"": 1.5, ""ema_fast"": 13, ""ema_slow"": 34, ""rsi_length"": 10}",GBPUSD,OK,5,1.988694,1.027855,4.113314,0.760421,100.000000,43,2,0.040305,1.000000,123,true,false,BLOCKED,min_fold_oos_trades=2 < 5; max_is_to_oos_sharpe_degradation_pct=100.0% > 30%
"V0|atr_stop_mult=1.5,ema_fast=13,ema_slow=34,rsi_length=10",V0,"{""atr_stop_mult"": 1.5, ""ema_fast"": 13, ""ema_slow"": 34, ""rsi_length"": 10}",XAUUSD,OK,5,1.784070,0.952506,3.056403,2.132235,100.000000,60,7,0.044370,1.000000,123,true,false,BLOCKED,max_is_to_oos_sharpe_degradation_pct=100.0% > 30%
"V0|atr_stop_mult=1.5,ema_fast=13,ema_slow=34,rsi_length=10",V0,"{""atr_stop_mult"": 1.5, ""ema_fast"": 13, ""ema_slow"": 34, ""rsi_length"": 10}",USDJPY,OK,5,2.159825,0.323818,2.923197,1.767131,354.886227,45,7,0.341890,1.000000,123,false,false,BLOCKED,max_is_to_oos_sharpe_degradation_pct=354.9% > 30%
"V0|atr_stop_mult=1.5,ema_fast=13,ema_slow=34,rsi_length=14",V0,"{""atr_stop_mult"": 1.5, ""ema_fast"": 13, ""ema_slow"": 34, ""rsi_length"": 14}",EURUSD,OK,5,0.743248,0.000000,0.000000,1.511982,3753.744458,32,0,0.826697,1.000000,123,false,false,BLOCKED,min_fold_oos_trades=0 < 5; total_oos_trades=32 < 40; median_oos_pf=0.743 < 1.30; median_oos_sharpe=0.000 < 0.70; folds_with_oos_pf>1=2 < 3; max_is_to_oos_sharpe_degradation_pct=3753.7% > 30%
"V0|atr_stop_mult=1.5,ema_fast=13,ema_slow=34,rsi_length=14",V0,"{""atr_stop_mult"": 1.5, ""ema_fast"": 13, ""ema_slow"": 34, ""rsi_length"": 14}",GBPUSD,OK,5,1.689832,0.401349,3.579492,0.945890,100.000000,34,2,0.138119,1.000000,123,false,false,BLOCKED,min_fold_oos_trades=2 < 5; total_oos_trades=34 < 40; max_is_to_oos_sharpe_degradation_pct=100.0% > 30%
"V0|atr_stop_mult=1.5,ema_fast=13,ema_slow=34,rsi_length=14",V0,"{""atr_stop_mult"": 1.5, ""ema_fast"": 13, ""ema_slow"": 34, ""rsi_length"": 14}",XAUUSD,OK,5,1.252403,0.026693,1.223223,2.027346,100.000000,47,3,0.576412,1.000000,123,false,false,BLOCKED,min_fold_oos_trades=3 < 5; median_oos_pf=1.252 < 1.30; max_is_to_oos_sharpe_degradation_pct=100.0% > 30%
"V0|atr_stop_mult=1.5,ema_fast=13,ema_slow=34,rsi_length=14",V0,"{""atr_stop_mult"": 1.5, ""ema_fast"": 13, ""ema_slow"": 34, ""rsi_length"": 14}",USDJPY,OK,5,0.831919,0.251500,-1.125063,1.921563,564.283267,33,5,0.500182,1.000000,123,false,false,BLOCKED,total_oos_trades=33 < 40; median_oos_pf=0.832 < 1.30; median_oos_sharpe=-1.125 < 0.70; folds_with_oos_pf>1=2 < 3; max_is_to_oos_sharpe_degradation_pct=564.3% > 30%
"V0|atr_stop_mult=1.5,ema_fast=13,ema_slow=34,rsi_length=21",V0,"{""atr_stop_mult"": 1.5, ""ema_fast"": 13, ""ema_slow"": 34, ""rsi_length"": 21}",EURUSD,OK,5,0.574114,0.000000,-1.574211,0.873460,521.599789,17,0,0.745688,1.000000,123,false,false,BLOCKED,min_fold_oos_trades=0 < 5; total_oos_trades=17 < 40; median_oos_pf=0.574 < 1.30; median_oos_sharpe=-1.574 < 0.70; folds_with_oos_pf>1=1 < 3; max_is_to_oos_sharpe_degradation_pct=521.6% > 30%
"V0|atr_stop_mult=1.5,ema_fast=13,ema_slow=34,rsi_length=21",V0,"{""atr_stop_mult"": 1.5, ""ema_fast"": 13, ""ema_slow"": 34, ""rsi_length"": 21}",GBPUSD,OK,5,0.749699,0.000000,-1.830015,1.060895,260247.124994,22,1,0.812642,1.000000,123,false,false,BLOCKED,min_fold_oos_trades=1 < 5; total_oos_trades=22 < 40; median_oos_pf=0.750 < 1.30; median_oos_sharpe=-1.830 < 0.70; folds_with_oos_pf>1=2 < 3; max_is_to_oos_sharpe_degradation_pct=260247.1% > 30%
"V0|atr_stop_mult=1.5,ema_fast=13,ema_slow=34,rsi_length=21",V0,"{""atr_stop_mult"": 1.5, ""ema_fast"": 13, ""ema_slow"": 34, ""rsi_length"": 21}",XAUUSD,OK,5,3.286820,0.000000,3.181140,0.631686,100.000000,20,0,0.047979,1.000000,123,true,false,BLOCKED,min_fold_oos_trades=0 < 5; total_oos_trades=20 < 40; max_is_to_oos_sharpe_degradation_pct=100.0% > 30%
"V0|atr_stop_mult=1.5,ema_fast=13,ema_slow=34,rsi_length=21",V0,"{""atr_stop_mult"": 1.5, ""ema_fast"": 13, ""ema_slow"": 34, ""rsi_length"": 21}",USDJPY,OK,5,1.107469,0.606865,0.695734,1.034837,100.000000,25,2,0.367704,1.000000,123,false,false,BLOCKED,min_fold_oos_trades=2 < 5; total_oos_trades=25 < 40; median_oos_pf=1.107 < 1.30; median_oos_sharpe=0.696 < 0.70; max_is_to_oos_sharpe_degradation_pct=100.0% > 30%
"V0|atr_stop_mult=1.5,ema_fast=13,ema_slow=55,rsi_length=10",V0,"{""atr_stop_mult"": 1.5, ""ema_fast"": 13, ""ema_slow"": 55, ""rsi_length"": 10}",EURUSD,OK,5,0.435727,0.000000,0.000000,1.784846,5924.721481,39,1,0.822187,1.000000,123,false,false,BLOCKED,min_fold_oos_trades=1 < 5; total_oos_trades=39 < 40; median_oos_pf=0.436 < 1.30; median_oos_sharpe=0.000 < 0.70; folds_with_oos_pf>1=2 < 3; max_is_to_oos_sharpe_degradation_pct=5924.7% > 30%
"V0|atr_stop_mult=1.5,ema_fast=13,ema_slow=55,rsi_length=10",V0,"{""atr_stop_mult"": 1.5, ""ema_fast"": 13, ""ema_slow"": 55, ""rsi_length"": 10}",GBPUSD,OK,5,1.017315,0.745557,0.135688,1.574823,100.000000,53,2,0.158252,1.000000,123,false,false,BLOCKED,min_fold_oos_trades=2 < 5; median_oos_pf=1.017 < 1.30; median_oos_sharpe=0.136 < 0.70; max_is_to_oos_sharpe_degradation_pct=100.0% > 30%
"V0|atr_stop_mult=1.5,ema_fast=13,ema_slow=55,rsi_length=10",V0,"{""atr_stop_mult"": 1.5, ""ema_fast"": 13, ""ema_slow"": 55, ""rsi_length"": 10}",XAUUSD,OK,5,1.309700,1.077273,1.451723,2.430722,100.000000,70,10,0.040822,1.000000,123,true,false,BLOCKED,max_is_to_oos_sharpe_degradation_pct=100.0% > 30%
"V0|atr_stop_mult=1.5,ema_fast=13,ema_slow=55,rsi_length=10",V0,"{""atr_stop_mult"": 1.5, ""ema_fast"": 13, ""ema_slow"": 55, ""rsi_length"": 10}",USDJPY,OK,5,1.876634,0.473094,2.437469,1.767131,313.416453,55,8,0.341302,1.000000,123,false,false,BLOCKED,max_is_to_oos_sharpe_degradation_pct=313.4% > 30%
"V0|atr_stop_mult=1.5,ema_fast=13,ema_slow=55,rsi_length=14",V0,"{""atr_stop_mult"": 1.5, ""ema_fast"": 13, ""ema_slow"": 55, ""rsi_length"": 14}",EURUSD,OK,5,0.557846,0.000000,0.000000,1.493385,1252.240778,36,0,0.744834,1.000000,123,false,false,BLOCKED,min_fold_oos_trades=0 < 5; total_oos_trades=36 < 40; median_oos_pf=0.558 < 1.30; median_oos_sharpe=0.000 < 0.70; folds_with_oos_pf>1=2 < 3; max_is_to_oos_sharpe_degradation_pct=1252.2% > 30%
"V0|atr_stop_mult=1.5,ema_fast=13,ema_slow=55,rsi_length=14",V0,"{""atr_stop_mult"": 1.5, ""ema_fast"": 13, ""ema_slow"": 55, ""rsi_length"": 14}",GBPUSD,OK,5,1.447092,0.401349,2.171879,1.492674,100.000000,42,2,0.222168,1.000000,123,false,false,BLOCKED,min_fold_oos_trades=2 < 5; max_is_to_oos_sharpe_degradation_pct=100.0% > 30%
"V0|atr_stop_mult=1.5,ema_fast=13,ema_slow=55,rsi_length=14",V0,"{""atr_stop_mult"": 1.5, ""ema_fast"": 13, ""ema_slow"": 55, ""rsi_length"": 14}",XAUUSD,OK,5,1.802008,0.009978,2.591111,2.535159,100.000000,54,7,0.624921,1.000000,123,false,false,BLOCKED,max_is_to_oos_sharpe_degradation_pct=100.0% > 30%
"V0|atr_stop_mult=1.5,ema_fast=13,ema_slow=55,rsi_length=14",V0,"{""atr_stop_mult"": 1.5, ""ema_fast"": 13, ""ema_slow"": 55, ""rsi_length"": 14}",USDJPY,OK,5,0.533999,0.377345,-3.982634,1.921563,522.291350,42,6,0.553264,1.000000,123,false,false,BLOCKED,median_oos_pf=0.534 < 1.30; median_oos_sharpe=-3.983 < 0.70; folds_with_oos_pf>1=2 < 3; max_is_to_oos_sharpe_degradation_pct=522.3% > 30%
"V0|atr_stop_mult=1.5,ema_fast=13,ema_slow=55,rsi_length=21",V0,"{""atr_stop_mult"": 1.5, ""ema_fast"": 13, ""ema_slow"": 55, ""rsi_length"": 21}",EURUSD,OK,5,0.752619,0.000000,0.000000,1.401690,1655.336391,22,0,0.515377,1.000000,123,false,false,BLOCKED,min_fold_oos_trades=0 < 5; total_oos_trades=22 < 40; median_oos_pf=0.753 < 1.30; median_oos_sharpe=0.000 < 0.70; folds_with_oos_pf>1=2 < 3; max_is_to_oos_sharpe_degradation_pct=1655.3% > 30%
"V0|atr_stop_mult=1.5,ema_fast=13,ema_slow=55,rsi_length=21",V0,"{""atr_stop_mult"": 1.5, ""ema_fast"": 13, ""ema_slow"": 55, ""rsi_length"": 21}",GBPUSD,OK,5,1.850704,0.474368,3.719292,1.861179,508.723857,34,2,0.223128,1.000000,123,false,false,BLOCKED,min_fold_oos_trades=2 < 5; total_oos_trades=34 < 40; max_is_to_oos_sharpe_degradation_pct=508.7% > 30%
"V0|atr_stop_mult=1.5,ema_fast=13,ema_slow=55,rsi_length=21",V0,"{""atr_stop_mult"": 1.5, ""ema_fast"": 13, ""ema_slow"": 55, ""rsi_length"": 21}",XAUUSD,OK,5,7.012982,0.000000,0.000000,1.859428,100.000000,34,1,0.600909,1.000000,123,false,false,BLOCKED,min_fold_oos_trades=1 < 5; total_oos_trades=34 < 40; median_oos_sharpe=0.000 < 0.70; max_is_to_oos_sharpe_degradation_pct=100.0% > 30%
"V0|atr_stop_mult=1.5,ema_fast=13,ema_slow=55,rsi_length=21",V0,"{""atr_stop_mult"": 1.5, ""ema_fast"": 13, ""ema_slow"": 55, ""rsi_length"": 21}",USDJPY,OK,5,0.824808,0.424143,-1.301112,1.154109,603.831993,34,5,0.481772,1.000000,123,false,false,BLOCKED,total_oos_trades=34 < 40; median_oos_pf=0.825 < 1.30; median_oos_sharpe=-1.301 < 0.70; folds_with_oos_pf>1=2 < 3; max_is_to_oos_sharpe_degradation_pct=603.8% > 30%
"V0|atr_stop_mult=1.5,ema_fast=13,ema_slow=89,rsi_length=10",V0,"{""atr_stop_mult"": 1.5, ""ema_fast"": 13, ""ema_slow"": 89, ""rsi_length"": 10}",EURUSD,OK,5,0.380174,0.000000,0.000000,2.091348,100.000000,45,1,0.626164,1.000000,123,false,false,BLOCKED,min_fold_oos_trades=1 < 5; median_oos_pf=0.380 < 1.30; median_oos_sharpe=0.000 < 0.70; folds_with_oos_pf>1=2 < 3; max_is_to_oos_sharpe_degradation_pct=100.0% > 30%
"V0|atr_stop_mult=1.5,ema_fast=13,ema_slow=89,rsi_length=10",V0,"{""atr_stop_mult"": 1.5, ""ema_fast"": 13, ""ema_slow"": 89, ""rsi_length"": 10}",GBPUSD,OK,5,0.818936,0.597493,-1.218115,1.670873,100.000000,60,2,0.244152,1.000000,123,false,false,BLOCKED,min_fold_oos_trades=2 < 5; median_oos_pf=0.819 < 1.30; median_oos_sharpe=-1.218 < 0.70; folds_with_oos_pf>1=2 < 3; max_is_to_oos_sharpe_degradation_pct=100.0% > 30%
"V0|atr_stop_mult=1.5,ema_fast=13,ema_slow=89,rsi_length=10",V0,"{""atr_stop_mult"": 1.5, ""ema_fast"": 13, ""ema_slow"": 89, ""rsi_length"": 10}",XAUUSD,OK,5,1.651688,1.022403,2.653478,2.433701,100.000000,78,12,0.017505,1.000000,123,true,false,BLOCKED,max_is_to_oos_sharpe_degradation_pct=100.0% > 30%
"V0|atr_stop_mult=1.5,ema_fast=13,ema_slow=89,rsi_length=10",V0,"{""atr_stop_mult"": 1.5, ""ema_fast"": 13, ""ema_slow"": 89, ""rsi_length"": 10}",USDJPY,OK,5,2.492943,0.403333,3.581092,2.076595,449.003047,61,9,0.207505,1.000000,123,false,false,BLOCKED,max_is_to_oos_sharpe_degradation_pct=449.0% > 30%
"V0|atr_stop_mult=1.5,ema_fast=13,ema_slow=89,rsi_length=14",V0,"{""atr_stop_mult"": 1.5, ""ema_fast"": 13, ""ema_slow"": 89, ""rsi_length"": 14}",EURUSD,OK,5,0.478170,0.000000,0.000000,1.800797,6752.736792,40,0,0.496268,1.000000,123,false,false,BLOCKED,min_fold_oos_trades=0 < 5; median_oos_pf=0.478 < 1.30; median_oos_sharpe=0.000 < 0.70; folds_with_oos_pf>1=2 < 3; max_is_to_oos_sharpe_degradation_pct=6752.7% > 30%
"V0|atr_stop_mult=1.5,ema_fast=13,ema_slow=89,rsi_length=14",V0,"{""atr_stop_mult"": 1.5, ""ema_fast"": 13, ""ema_slow"": 89, ""rsi_length"": 14}",GBPUSD,OK,5,1.217035,0.273816,1.130629,2.002382,100.000000,50,2,0.410422,1.000000,123,false,false,BLOCKED,min_fold_oos_trades=2 < 5; median_oos_pf=1.217 < 1.30; max_is_to_oos_sharpe_degradation_pct=100.0% > 30%
"V0|atr_stop_mult=1.5,ema_fast=13,ema_slow=89,rsi_length=14",V0,"{""atr_stop_mult"": 1.5, ""ema_fast"": 13, ""ema_slow"": 89, ""rsi_length"": 14}",XAUUSD,OK,5,3.384607,0.007926,4.237936,2.761826,6747.324772,63,8,0.575312,1.000000,123,false,false,BLOCKED,max_is_to_oos_sharpe_degradation_pct=6747.3% > 30%
"V0|atr_stop_mult=1.5,ema_fast=13,ema_slow=89,rsi_length=14",V0,"{""atr_stop_mult"": 1.5, ""ema_fast"": 13, ""ema_slow"": 89, ""rsi_length"": 14}",USDJPY,OK,5,1.819503,0.329262,2.932529,2.230540,784.120846,48,8,0.231214,1.000000,123,false,false,BLOCKED,max_is_to_oos_sharpe_degradation_pct=784.1% > 30%
"V0|atr_stop_mult=1.5,ema_fast=13,ema_slow=89,rsi_length=21",V0,"{""atr_stop_mult"": 1.5, ""ema_fast"": 13, ""ema_slow"": 89, ""rsi_length"": 21}",EURUSD,OK,5,1.515698,0.000000,2.005188,1.709388,100.000000,27,0,0.478565,1.000000,123,false,false,BLOCKED,min_fold_oos_trades=0 < 5; total_oos_trades=27 < 40; max_is_to_oos_sharpe_degradation_pct=100.0% > 30%
"V0|atr_stop_mult=1.5,ema_fast=13,ema_slow=89,rsi_length=21",V0,"{""atr_stop_mult"": 1.5, ""ema_fast"": 13, ""ema_slow"": 89, ""rsi_length"": 21}",GBPUSD,OK,5,1.320992,0.384388,1.667148,2.368981,475.951210,39,2,0.401477,1.000000,123,false,false,BLOCKED,min_fold_oos_trades=2 < 5; total_oos_trades=39 < 40; max_is_to_oos_sharpe_degradation_pct=476.0% > 30%
"V0|atr_stop_mult=1.5,ema_fast=13,ema_slow=89,rsi_length=21",V0,"{""atr_stop_mult"": 1.5, ""ema_fast"": 13, ""ema_slow"": 89, ""rsi_length"": 21}",XAUUSD,OK,5,7.012982,0.000000,5.189320,3.093751,3866.184827,43,2,0.449161,1.000000,123,false,false,BLOCKED,min_fold_oos_trades=2 < 5; max_is_to_oos_sharpe_degradation_pct=3866.2% > 30%
"V0|atr_stop_mult=1.5,ema_fast=13,ema_slow=89,rsi_length=21",V0,"{""atr_stop_mult"": 1.5, ""ema_fast"": 13, ""ema_slow"": 89, ""rsi_length"": 21}",USDJPY,OK,5,1.581471,0.659203,2.935137,1.365135,100.000000,40,5,0.086996,1.000000,123,false,false,BLOCKED,max_is_to_oos_sharpe_degradation_pct=100.0% > 30%
"V0|atr_stop_mult=1.5,ema_fast=21,ema_slow=34,rsi_length=10",V0,"{""atr_stop_mult"": 1.5, ""ema_fast"": 21, ""ema_slow"": 34, ""rsi_length"": 10}",EURUSD,OK,5,1.933530,0.000000,0.000000,1.386207,100.000000,36,1,0.455544,1.000000,123,false,false,BLOCKED,min_fold_oos_trades=1 < 5; total_oos_trades=36 < 40; median_oos_sharpe=0.000 < 0.70; max_is_to_oos_sharpe_degradation_pct=100.0% > 30%
"V0|atr_stop_mult=1.5,ema_fast=21,ema_slow=34,rsi_length=10",V0,"{""atr_stop_mult"": 1.5, ""ema_fast"": 21, ""ema_slow"": 34, ""rsi_length"": 10}",GBPUSD,OK,5,0.930887,0.000000,-0.433710,1.052640,100.000000,44,2,0.689372,1.000000,123,false,false,BLOCKED,min_fold_oos_trades=2 < 5; median_oos_pf=0.931 < 1.30; median_oos_sharpe=-0.434 < 0.70; folds_with_oos_pf>1=1 < 3; max_is_to_oos_sharpe_degradation_pct=100.0% > 30%
"V0|atr_stop_mult=1.5,ema_fast=21,ema_slow=34,rsi_length=10",V0,"{""atr_stop_mult"": 1.5, ""ema_fast"": 21, ""ema_slow"": 34, ""rsi_length"": 10}",XAUUSD,OK,5,2.409500,1.324845,3.535909,1.336871,100.000000,57,6,0.013933,1.000000,123,true,false,BLOCKED,max_is_to_oos_sharpe_degradation_pct=100.0% > 30%
"V0|atr_stop_mult=1.5,ema_fast=21,ema_slow=34,rsi_length=10",V0,"{""atr_stop_mult"": 1.5, ""ema_fast"": 21, ""ema_slow"": 34, ""rsi_length"": 10}",USDJPY,OK,5,2.103486,0.252576,3.130117,2.275224,559.482721,46,8,0.519389,1.000000,123,false,false,BLOCKED,max_is_to_oos_sharpe_degradation_pct=559.5% > 30%
"V0|atr_stop_mult=1.5,ema_fast=21,ema_slow=34,rsi_length=14",V0,"{""atr_stop_mult"": 1.5, ""ema_fast"": 21, ""ema_slow"": 34, ""rsi_length"": 14}",EURUSD,OK,5,0.717830,0.000000,0.000000,1.479923,2171.186849,34,0,0.758130,1.000000,123,false,false,BLOCKED,min_fold_oos_trades=0 < 5; total_oos_trades=34 < 40; median_oos_pf=0.718 < 1.30; median_oos_sharpe=0.000 < 0.70; folds_with_oos_pf>1=2 < 3; max_is_to_oos_sharpe_degradation_pct=2171.2% > 30%
"V0|atr_stop_mult=1.5,ema_fast=21,ema_slow=34,rsi_length=14",V0,"{""atr_stop_mult"": 1.5, ""ema_fast"": 21, ""ema_slow"": 34, ""rsi_length"": 14}",GBPUSD,OK,5,0.898628,0.000000,-0.683051,1.556066,100.000000,38,2,0.704796,1.000000,123,false,false,BLOCKED,min_fold_oos_trades=2 < 5; total_oos_trades=38 < 40; median_oos_pf=0.899 < 1.30; median_oos_sharpe=-0.683 < 0.70; folds_with_oos_pf>1=2 < 3; max_is_to_oos_sharpe_degradation_pct=100.0% > 30%
"V0|atr_stop_mult=1.5,ema_fast=21,ema_slow=34,rsi_length=14",V0,"{""atr_stop_mult"": 1.5, ""ema_fast"": 21, ""ema_slow"": 34, ""rsi_length"": 14}",XAUUSD,OK,5,2.102862,0.026693,3.291514,1.915559,100.000000,49,3,0.415112,1.000000,123,false,false,BLOCKED,min_fold_oos_trades=3 < 5; max_is_to_oos_sharpe_degradation_pct=100.0% > 30%
"V0|atr_stop_mult=1.5,ema_fast=21,ema_slow=34,rsi_length=14",V0,"{""atr_stop_mult"": 1.5, ""ema_fast"": 21, ""ema_slow"": 34, ""rsi_length"": 14}",USDJPY,OK,5,1.606225,0.203185,3.075401,2.428857,783.249112,37,5,0.429508,1.000000,123,false,false,BLOCKED,total_oos_trades=37 < 40; max_is_to_oos_sharpe_degradation_pct=783.2% > 30%
"V0|atr_stop_mult=1.5,ema_fast=21,ema_slow=34,rsi_length=21",V0,"{""atr_stop_mult"": 1.5, ""ema_fast"": 21, ""ema_slow"": 34, ""rsi_length"": 21}",EURUSD,OK,5,1.996730,0.000000,3.260747,0.789347,100.000000,20,0,0.085686,1.000000,123,false,false,BLOCKED,min_fold_oos_trades=0 < 5; total_oos_trades=20 < 40; max_is_to_oos_sharpe_degradation_pct=100.0% > 30%
"V0|atr_stop_mult=1.5,ema_fast=21,ema_slow=34,rsi_length=21",V0,"{""atr_stop_mult"": 1.5, ""ema_fast"": 21, ""ema_slow"": 34, ""rsi_length"": 21}",GBPUSD,OK,5,0.729810,0.000000,-2.147096,1.698628,12153.482128,29,2,0.598358,1.000000,123,false,false,BLOCKED,min_fold_oos_trades=2 < 5; total_oos_trades=29 < 40; median_oos_pf=0.730 < 1.30; median_oos_sharpe=-2.147 < 0.70; folds_with_oos_pf>1=2 < 3; max_is_to_oos_sharpe_degradation_pct=12153.5% > 30%
"V0|atr_stop_mult=1.5,ema_fast=21,ema_slow=34,rsi_length=21",V0,"{""atr_stop_mult"": 1.5, ""ema_fast"": 21, ""ema_slow"": 34, ""rsi_length"": 21}",XAUUSD,OK,5,5.761338,0.000000,1.309113,0.828761,100.000000,28,0,0.071997,1.000000,123,false,false,BLOCKED,min_fold_oos_trades=0 < 5; total_oos_trades=28 < 40; max_is_to_oos_sharpe_degradation_pct=100.0% > 30%
"V0|atr_stop_mult=1.5,ema_fast=21,ema_slow=34,rsi_length=21",V0,"{""atr_stop_mult"": 1.5, ""ema_fast"": 21, ""ema_slow"": 34, ""rsi_length"": 21}",USDJPY,OK,5,2.553120,0.430564,3.110866,1.546717,100.000000,29,4,0.194886,1.000000,123,false,false,BLOCKED,min_fold_oos_trades=4 < 5; total_oos_trades=29 < 40; max_is_to_oos_sharpe_degradation_pct=100.0% > 30%
"V0|atr_stop_mult=1.5,ema_fast=21,ema_slow=55,rsi_length=10",V0,"{""atr_stop_mult"": 1.5, ""ema_fast"": 21, ""ema_slow"": 55, ""rsi_length"": 10}",EURUSD,OK,5,1.709240,0.000000,2.840557,1.386207,721.034962,43,1,0.264667,1.000000,123,false,false,BLOCKED,min_fold_oos_trades=1 < 5; max_is_to_oos_sharpe_degradation_pct=721.0% > 30%
"V0|atr_stop_mult=1.5,ema_fast=21,ema_slow=55,rsi_length=10",V0,"{""atr_stop_mult"": 1.5, ""ema_fast"": 21, ""ema_slow"": 55, ""rsi_length"": 10}",GBPUSD,OK,5,0.785342,0.000000,-1.504547,1.560311,100.000000,55,2,0.801023,1.000000,123,false,false,BLOCKED,min_fold_oos_trades=2 < 5; median_oos_pf=0.785 < 1.30; median_oos_sharpe=-1.505 < 0.70; folds_with_oos_pf>1=1 < 3; max_is_to_oos_sharpe_degradation_pct=100.0% > 30%
"V0|atr_stop_mult=1.5,ema_fast=21,ema_slow=55,rsi_length=10",V0,"{""atr_stop_mult"": 1.5, ""ema_fast"": 21, ""ema_slow"": 55, ""rsi_length"": 10}",XAUUSD,OK,5,1.750116,1.101609,2.775823,2.267646,100.000000,69,11,0.023287,1.000000,123,true,false,BLOCKED,max_is_to_oos_sharpe_degradation_pct=100.0% > 30%
"V0|atr_stop_mult=1.5,ema_fast=21,ema_slow=55,rsi_length=10",V0,"{""atr_stop_mult"": 1.5, ""ema_fast"": 21, ""ema_slow"": 55, ""rsi_length"": 10}",USDJPY,OK,5,1.189112,0.227147,0.813509,2.533769,1139.544855,54,9,0.596408,1.000000,123,false,false,BLOCKED,median_oos_pf=1.189 < 1.30; max_is_to_oos_sharpe_degradation_pct=1139.5% > 30%
"V0|atr_stop_mult=1.5,ema_fast=21,ema_slow=55,rsi_length=14",V0,"{""atr_stop_mult"": 1.5, ""ema_fast"": 21, ""ema_slow"": 55, ""rsi_length"": 14}",EURUSD,OK,5,1.135524,0.000000,0.722434,1.472897,524.405601,40,0,0.365653,1.000000,123,false,false,BLOCKED,min_fold_oos_trades=0 < 5; median_oos_pf=1.136 < 1.30; max_is_to_oos_sharpe_degradation_pct=524.4% > 30%
"V0|atr_stop_mult=1.5,ema_fast=21,ema_slow=55,rsi_length=14",V0,"{""atr_stop_mult"": 1.5, ""ema_fast"": 21, ""ema_slow"": 55, ""rsi_length"": 14}",GBPUSD,OK,5,0.729115,0.000000,-2.111349,1.971474,100.000000,47,2,0.811279,1.000000,123,false,false,BLOCKED,min_fold_oos_trades=2 < 5; median_oos_pf=0.729 < 1.30; median_oos_sharpe=-2.111 < 0.70; folds_with_oos_pf>1=2 < 3; max_is_to_oos_sharpe_degradation_pct=100.0% > 30%
"V0|atr_stop_mult=1.5,ema_fast=21,ema_slow=55,rsi_length=14",V0,"{""atr_stop_mult"": 1.5, ""ema_fast"": 21, ""ema_slow"": 55, ""rsi_length"": 14}",XAUUSD,OK,5,3.538955,0.007928,4.324633,3.276256,100.000000,60,8,0.532517,1.000000,123,false,false,BLOCKED,max_is_to_oos_sharpe_degradation_pct=100.0% > 30%
"V0|atr_stop_mult=1.5,ema_fast=21,ema_slow=55,rsi_length=14",V0,"{""atr_stop_mult"": 1.5, ""ema_fast"": 21, ""ema_slow"": 55, ""rsi_length"": 14}",USDJPY,OK,5,0.983427,0.185091,-0.064499,2.686995,1737.872970,45,7,0.574909,1.000000,123,false,false,BLOCKED,median_oos_pf=0.983 < 1.30; median_oos_sharpe=-0.064 < 0.70; folds_with_oos_pf>1=2 < 3; max_is_to_oos_sharpe_degradation_pct=1737.9% > 30%
"V0|atr_stop_mult=1.5,ema_fast=21,ema_slow=55,rsi_length=21",V0,"{""atr_stop_mult"": 1.5, ""ema_fast"": 21, ""ema_slow"": 55, ""rsi_length"": 21}",EURUSD,OK,5,1.437970,0.000000,1.808280,1.340043,100.000000,27,0,0.025728,1.000000,123,true,false,BLOCKED,min_fold_oos_trades=0 < 5; total_oos_trades=27 < 40; max_is_to_oos_sharpe_degradation_pct=100.0% > 30%
"V0|atr_stop_mult=1.5,ema_fast=21,ema_slow=55,rsi_length=21",V0,"{""atr_stop_mult"": 1.5, ""ema_fast"": 21, ""ema_slow"": 55, ""rsi_length"": 21}",GBPUSD,OK,5,0.660995,0.000000,-2.831857,2.113434,11667.169503,39,2,0.762180,1.000000,123,false,false,BLOCKED,min_fold_oos_trades=2 < 5; total_oos_trades=39 < 40; median_oos_pf=0.661 < 1.30; median_oos_sharpe=-2.832 < 0.70; folds_with_oos_pf>1=2 < 3; max_is_to_oos_sharpe_degradation_pct=11667.2% > 30%
"V0|atr_stop_mult=1.5,ema_fast=21,ema_slow=55,rsi_length=21",V0,"{""atr_stop_mult"": 1.5, ""ema_fast"": 21, ""ema_slow"": 55, ""rsi_length"": 21}",XAUUSD,OK,5,5.586472,0.000000,4.367944,2.213442,100.000000,40,2,0.414979,1.000000,123,false,false,BLOCKED,min_fold_oos_trades=2 < 5; max_is_to_oos_sharpe_degradation_pct=100.0% > 30%
"V0|atr_stop_mult=1.5,ema_fast=21,ema_slow=55,rsi_length=21",V0,"{""atr_stop_mult"": 1.5, ""ema_fast"": 21, ""ema_slow"": 55, ""rsi_length"": 21}",USDJPY,OK,5,2.020303,0.294708,4.017378,1.807189,100.000000,37,5,0.429472,1.000000,123,false,false,BLOCKED,total_oos_trades=37 < 40; max_is_to_oos_sharpe_degradation_pct=100.0% > 30%
"V0|atr_stop_mult=1.5,ema_fast=21,ema_slow=89,rsi_length=10",V0,"{""atr_stop_mult"": 1.5, ""ema_fast"": 21, ""ema_slow"": 89, ""rsi_length"": 10}",EURUSD,OK,5,1.380692,0.000000,1.783410,1.486837,1182.597473,43,1,0.430357,1.000000,123,false,false,BLOCKED,min_fold_oos_trades=1 < 5; max_is_to_oos_sharpe_degradation_pct=1182.6% > 30%
"V0|atr_stop_mult=1.5,ema_fast=21,ema_slow=89,rsi_length=10",V0,"{""atr_stop_mult"": 1.5, ""ema_fast"": 21, ""ema_slow"": 89, ""rsi_length"": 10}",GBPUSD,OK,5,0.856355,0.000000,-0.938032,1.560311,100.000000,60,2,0.849055,1.000000,123,false,false,BLOCKED,min_fold_oos_trades=2 < 5; median_oos_pf=0.856 < 1.30; median_oos_sharpe=-0.938 < 0.70; folds_with_oos_pf>1=1 < 3; max_is_to_oos_sharpe_degradation_pct=100.0% > 30%
"V0|atr_stop_mult=1.5,ema_fast=21,ema_slow=89,rsi_length=10",V0,"{""atr_stop_mult"": 1.5, ""ema_fast"": 21, ""ema_slow"": 89, ""rsi_length"": 10}",XAUUSD,OK,5,1.770580,1.101286,2.775823,2.942040,100.000000,76,11,0.015505,1.000000,123,true,false,BLOCKED,max_is_to_oos_sharpe_degradation_pct=100.0% > 30%
"V0|atr_stop_mult=1.5,ema_fast=21,ema_slow=89,rsi_length=10",V0,"{""atr_stop_mult"": 1.5, ""ema_fast"": 21, ""ema_slow"": 89, ""rsi_length"": 10}",USDJPY,OK,5,2.103486,0.227147,3.867363,2.533769,1097.278581,57,9,0.430556,1.000000,123,false,false,BLOCKED,max_is_to_oos_sharpe_degradation_pct=1097.3% > 30%
"V0|atr_stop_mult=1.5,ema_fast=21,ema_slow=89,rsi_length=14",V0,"{""atr_stop_mult"": 1.5, ""ema_fast"": 21, ""ema_slow"": 89, ""rsi_length"": 14}",EURUSD,OK,5,1.135524,0.000000,0.722434,1.472897,887.491823,39,0,0.512515,1.000000,123,false,false,BLOCKED,min_fold_oos_trades=0 < 5; total_oos_trades=39 < 40; median_oos_pf=1.136 < 1.30; max_is_to_oos_sharpe_degradation_pct=887.5% > 30%
"V0|atr_stop_mult=1.5,ema_fast=21,ema_slow=89,rsi_length=14",V0,"{""atr_stop_mult"": 1.5, ""ema_fast"": 21, ""ema_slow"": 89, ""rsi_length"": 14}",GBPUSD,OK,5,0.814244,0.000000,-1.364201,1.784546,100.000000,51,2,0.834378,1.000000,123,false,false,BLOCKED,min_fold_oos_trades=2 < 5; median_oos_pf=0.814 < 1.30; median_oos_sharpe=-1.364 < 0.70; folds_with_oos_pf>1=2 < 3; max_is_to_oos_sharpe_degradation_pct=100.0% > 30%
"V0|atr_stop_mult=1.5,ema_fast=21,ema_slow=89,rsi_length=14",V0,"{""atr_stop_mult"": 1.5, ""ema_fast"": 21, ""ema_slow"": 89, ""rsi_length"": 14}",XAUUSD,OK,5,3.538955,0.007926,4.324633,3.012998,100.000000,66,8,0.532210,1.000000,123,false,false,BLOCKED,max_is_to_oos_sharpe_degradation_pct=100.0% > 30%
"V0|atr_stop_mult=1.5,ema_fast=21,ema_slow=89,rsi_length=14",V0,"{""atr_stop_mult"": 1.5, ""ema_fast"": 21, ""ema_slow"": 89, ""rsi_length"": 14}",USDJPY,OK,5,1.859318,0.185091,2.647906,2.686995,1814.960467,49,8,0.374852,1.000000,123,false,false,BLOCKED,max_is_to_oos_sharpe_degradation_pct=1815.0% > 30%
"V0|atr_stop_mult=1.5,ema_fast=21,ema_slow=89,rsi_length=21",V0,"{""atr_stop_mult"": 1.5, ""ema_fast"": 21, ""ema_slow"": 89, ""rsi_length"": 21}",EURUSD,OK,5,1.437970,0.000000,1.808280,1.340043,100.000000,27,0,0.025728,1.000000,123,true,false,BLOCKED,min_fold_oos_trades=0 < 5; total_oos_trades=27 < 40; max_is_to_oos_sharpe_degradation_pct=100.0% > 30%
"V0|atr_stop_mult=1.5,ema_fast=21,ema_slow=89,rsi_length=21",V0,"{""atr_stop_mult"": 1.5, ""ema_fast"": 21, ""ema_slow"": 89, ""rsi_length"": 21}",GBPUSD,OK,5,0.522606,0.000000,-4.299967,1.937799,3536.601533,43,2,0.814375,1.000000,123,false,false,BLOCKED,min_fold_oos_trades=2 < 5; median_oos_pf=0.523 < 1.30; median_oos_sharpe=-4.300 < 0.70; folds_with_oos_pf>1=2 < 3; max_is_to_oos_sharpe_degradation_pct=3536.6% > 30%
"V0|atr_stop_mult=1.5,ema_fast=21,ema_slow=89,rsi_length=21",V0,"{""atr_stop_mult"": 1.5, ""ema_fast"": 21, ""ema_slow"": 89, ""rsi_length"": 21}",XAUUSD,OK,5,5.586472,0.000000,4.367944,2.954820,6476.991953,46,2,0.425002,1.000000,123,false,false,BLOCKED,min_fold_oos_trades=2 < 5; max_is_to_oos_sharpe_degradation_pct=6477.0% > 30%
"V0|atr_stop_mult=1.5,ema_fast=21,ema_slow=89,rsi_length=21",V0,"{""atr_stop_mult"": 1.5, ""ema_fast"": 21, ""ema_slow"": 89, ""rsi_length"": 21}",USDJPY,OK,5,2.634872,0.375004,5.081220,1.807189,100.000000,40,5,0.171321,1.000000,123,false,false,BLOCKED,max_is_to_oos_sharpe_degradation_pct=100.0% > 30%
"V0|atr_stop_mult=2.5,ema_fast=13,ema_slow=34,rsi_length=10",V0,"{""atr_stop_mult"": 2.5, ""ema_fast"": 13, ""ema_slow"": 34, ""rsi_length"": 10}",EURUSD,OK,5,0.493429,0.000000,-0.583063,1.047790,100.000000,35,1,0.916389,1.000000,123,false,false,BLOCKED,min_fold_oos_trades=1 < 5; total_oos_trades=35 < 40; median_oos_pf=0.493 < 1.30; median_oos_sharpe=-0.583 < 0.70; folds_with_oos_pf>1=1 < 3; max_is_to_oos_sharpe_degradation_pct=100.0% > 30%
"V0|atr_stop_mult=2.5,ema_fast=13,ema_slow=34,rsi_length=10",V0,"{""atr_stop_mult"": 2.5, ""ema_fast"": 13, ""ema_slow"": 34, ""rsi_length"": 10}",GBPUSD,OK,5,1.992284,1.144107,4.113314,0.403109,100.000000,43,2,0.019864,1.000000,123,true,false,BLOCKED,min_fold_oos_trades=2 < 5; max_is_to_oos_sharpe_degradation_pct=100.0% > 30%
"V0|atr_stop_mult=2.5,ema_fast=13,ema_slow=34,rsi_length=10",V0,"{""atr_stop_mult"": 2.5, ""ema_fast"": 13, ""ema_slow"": 34, ""rsi_length"": 10}",XAUUSD,OK,5,1.365283,1.055287,1.753437,1.502788,100.000000,60,7,0.047625,1.000000,123,true,false,BLOCKED,max_is_to_oos_sharpe_degradation_pct=100.0% > 30%
"V0|atr_stop_mult=2.5,ema_fast=13,ema_slow=34,rsi_length=10",V0,"{""atr_stop_mult"": 2.5, ""ema_fast"": 13, ""ema_slow"": 34, ""rsi_length"": 10}",USDJPY,OK,5,2.171880,0.372620,2.923197,0.920407,337.263754,45,7,0.364299,1.000000,123,false,false,BLOCKED,max_is_to_oos_sharpe_degradation_pct=337.3% > 30%
"V0|atr_stop_mult=2.5,ema_fast=13,ema_slow=34,rsi_length=14",V0,"{""atr_stop_mult"": 2.5, ""ema_fast"": 13, ""ema_slow"": 34, ""rsi_length"": 14}",EURUSD,OK,5,0.733730,0.000000,0.000000,0.751624,99526.824913,32,0,0.840754,1.000000,123,false,false,BLOCKED,min_fold_oos_trades=0 < 5; total_oos_trades=32 < 40; median_oos_pf=0.734 < 1.30; median_oos_sharpe=0.000 < 0.70; folds_with_oos_pf>1=2 < 3; max_is_to_oos_sharpe_degradation_pct=99526.8% > 30%
"V0|atr_stop_mult=2.5,ema_fast=13,ema_slow=34,rsi_length=14",V0,"{""atr_stop_mult"": 2.5, ""ema_fast"": 13, ""ema_slow"": 34, ""rsi_length"": 14}",GBPUSD,OK,5,1.693547,0.413435,3.579492,0.568322,100.000000,34,2,0.135352,1.000000,123,false,false,BLOCKED,min_fold_oos_trades=2 < 5; total_oos_trades=34 < 40; max_is_to_oos_sharpe_degradation_pct=100.0% > 30%
"V0|atr_stop_mult=2.5,ema_fast=13,ema_slow=34,rsi_length=14",V0,"{""atr_stop_mult"": 2.5, ""ema_fast"": 13, ""ema_slow"": 34, ""rsi_length"": 14}",XAUUSD,OK,5,1.025230,0.015922,0.171114,1.508403,100.000000,47,3,0.624107,1.000000,123,false,false,BLOCKED,min_fold_oos_trades=3 < 5; median_oos_pf=1.025 < 1.30; median_oos_sharpe=0.171 < 0.70; max_is_to_oos_sharpe_degradation_pct=100.0% > 30%
"V0|atr_stop_mult=2.5,ema_fast=13,ema_slow=34,rsi_length=14",V0,"{""atr_stop_mult"": 2.5, ""ema_fast"": 13, ""ema_slow"": 34, ""rsi_length"": 14}",USDJPY,OK,5,1.289782,0.282568,1.761887,1.013877,552.954539,33,5,0.425108,1.000000,123,false,false,BLOCKED,total_oos_trades=33 < 40; median_oos_pf=1.290 < 1.30; max_is_to_oos_sharpe_degradation_pct=553.0% > 30%
"V0|atr_stop_mult=2.5,ema_fast=13,ema_slow=34,rsi_length=21",V0,"{""atr_stop_mult"": 2.5, ""ema_fast"": 13, ""ema_slow"": 34, ""rsi_length"": 21}",EURUSD,OK,5,0.557749,0.000000,-1.574211,0.591606,627.852775,17,0,0.779583,1.000000,123,false,false,BLOCKED,min_fold_oos_trades=0 < 5; total_oos_trades=17 < 40; median_oos_pf=0.558 < 1.30; median_oos_sharpe=-1.574 < 0.70; folds_with_oos_pf>1=1 < 3; max_is_to_oos_sharpe_degradation_pct=627.9% > 30%
"V0|atr_stop_mult=2.5,ema_fast=13,ema_slow=34,rsi_length=21",V0,"{""atr_stop_mult"": 2.5, ""ema_fast"": 13, ""ema_slow"": 34, ""rsi_length"": 21}",GBPUSD,OK,5,0.778842,0.000000,-1.551226,0.614770,100.000000,22,1,0.812310,1.000000,123,false,false,BLOCKED,min_fold_oos_trades=1 < 5; total_oos_trades=22 < 40; median_oos_pf=0.779 < 1.30; median_oos_sharpe=-1.551 < 0.70; folds_with_oos_pf>1=2 < 3; max_is_to_oos_sharpe_degradation_pct=100.0% > 30%
"V0|atr_stop_mult=2.5,ema_fast=13,ema_slow=34,rsi_length=21",V0,"{""atr_stop_mult"": 2.5, ""ema_fast"": 13, ""ema_slow"": 34, ""rsi_length"": 21}",XAUUSD,OK,5,3.294371,0.000000,2.102782,0.461316,100.000000,20,0,0.057700,1.000000,123,false,false,BLOCKED,min_fold_oos_trades=0 < 5; total_oos_trades=20 < 40; max_is_to_oos_sharpe_degradation_pct=100.0% > 30%
"V0|atr_stop_mult=2.5,ema_fast=13,ema_slow=34,rsi_length=21",V0,"{""atr_stop_mult"": 2.5, ""ema_fast"": 13, ""ema_slow"": 34, ""rsi_length"": 21}",USDJPY,OK,5,1.108267,0.607088,0.695734,0.551910,100.000000,25,2,0.338498,1.000000,123,false,false,BLOCKED,min_fold_oos_trades=2 < 5; total_oos_trades=25 < 40; median_oos_pf=1.108 < 1.30; median_oos_sharpe=0.696 < 0.70; max_is_to_oos_sharpe_degradation_pct=100.0% > 30%
"V0|atr_stop_mult=2.5,ema_fast=13,ema_slow=55,rsi_length=10",V0,"{""atr_stop_mult"": 2.5, ""ema_fast"": 13, ""ema_slow"": 55, ""rsi_length"": 10}",EURUSD,OK,5,0.429032,0.000000,0.000000,1.093604,100.000000,39,1,0.860785,1.000000,123,false,false,BLOCKED,min_fold_oos_trades=1 < 5; total_oos_trades=39 < 40; median_oos_pf=0.429 < 1.30; median_oos_sharpe=0.000 < 0.70; folds_with_oos_pf>1=2 < 3; max_is_to_oos_sharpe_degradation_pct=100.0% > 30%
"V0|atr_stop_mult=2.5,ema_fast=13,ema_slow=55,rsi_length=10",V0,"{""atr_stop_mult"": 2.5, ""ema_fast"": 13, ""ema_slow"": 55, ""rsi_length"": 10}",GBPUSD,OK,5,1.038813,0.928873,0.256058,0.706232,100.000000,53,2,0.095986,1.000000,123,false,false,BLOCKED,min_fold_oos_trades=2 < 5; median_oos_pf=1.039 < 1.30; median_oos_sharpe=0.256 < 0.70; max_is_to_oos_sharpe_degradation_pct=100.0% > 30%
"V0|atr_stop_mult=2.5,ema_fast=13,ema_slow=55,rsi_length=10",V0,"{""atr_stop_mult"": 2.5, ""ema_fast"": 13, ""ema_slow"": 55, ""rsi_length"": 10}",XAUUSD,OK,5,1.213117,0.908252,1.047419,1.580455,100.000000,70,10,0.069262,1.000000,123,false,false,BLOCKED,median_oos_pf=1.213 < 1.30; max_is_to_oos_sharpe_degradation_pct=100.0% > 30%
"V0|atr_stop_mult=2.5,ema_fast=13,ema_slow=55,rsi_length=10",V0,"{""atr_stop_mult"": 2.5, ""ema_fast"": 13, ""ema_slow"": 55, ""rsi_length"": 10}",USDJPY,OK,5,1.886694,0.424074,2.437469,1.303637,323.399996,54,8,0.367428,1.000000,123,false,false,BLOCKED,max_is_to_oos_sharpe_degradation_pct=323.4% > 30%
"V0|atr_stop_mult=2.5,ema_fast=13,ema_slow=55,rsi_length=14",V0,"{""atr_stop_mult"": 2.5, ""ema_fast"": 13, ""ema_slow"": 55, ""rsi_length"": 14}",EURUSD,OK,5,0.548286,0.000000,0.000000,0.917713,1476.383756,36,0,0.764419,1.000000,123,false,false,BLOCKED,min_fold_oos_trades=0 < 5; total_oos_trades=36 < 40; median_oos_pf=0.548 < 1.30; median_oos_sharpe=0.000 < 0.70; folds_with_oos_pf>1=2 < 3; max_is_to_oos_sharpe_degradation_pct=1476.4% > 30%
"V0|atr_stop_mult=2.5,ema_fast=13,ema_slow=55,rsi_length=14",V0,"{""atr_stop_mult"": 2.5, ""ema_fast"": 13, ""ema_slow"": 55, ""rsi_length"": 14}",GBPUSD,OK,5,1.588705,0.413435,2.671080,0.897552,100.000000,42,2,0.209759,1.000000,123,false,false,BLOCKED,min_fold_oos_trades=2 < 5; max_is_to_oos_sharpe_degradation_pct=100.0% > 30%
"V0|atr_stop_mult=2.5,ema_fast=13,ema_slow=55,rsi_length=14",V0,"{""atr_stop_mult"": 2.5, ""ema_fast"": 13, ""ema_slow"": 55, ""rsi_length"": 14}",XAUUSD,OK,5,1.813827,0.006874,2.591111,1.542190,100.000000,54,7,0.578537,1.000000,123,false,false,BLOCKED,max_is_to_oos_sharpe_degradation_pct=100.0% > 30%
"V0|atr_stop_mult=2.5,ema_fast=13,ema_slow=55,rsi_length=14",V0,"{""atr_stop_mult"": 2.5, ""ema_fast"": 13, ""ema_slow"": 55, ""rsi_length"": 14}",USDJPY,OK,5,0.533998,0.425037,-3.982634,1.013877,510.594294,42,6,0.534599,1.000000,123,false,false,BLOCKED,median_oos_pf=0.534 < 1.30; median_oos_sharpe=-3.983 < 0.70; folds_with_oos_pf>1=2 < 3; max_is_to_oos_sharpe_degradation_pct=510.6% > 30%
"V0|atr_stop_mult=2.5,ema_fast=13,ema_slow=55,rsi_length=21",V0,"{""atr_stop_mult"": 2.5, ""ema_fast"": 13, ""ema_slow"": 55, ""rsi_length"": 21}",EURUSD,OK,5,0.753177,0.000000,0.000000,0.920718,2349.874898,22,0,0.564656,1.000000,123,false,false,BLOCKED,min_fold_oos_trades=0 < 5; total_oos_trades=22 < 40; median_oos_pf=0.753 < 1.30; median_oos_sharpe=0.000 < 0.70; folds_with_oos_pf>1=2 < 3; max_is_to_oos_sharpe_degradation_pct=2349.9% > 30%
"V0|atr_stop_mult=2.5,ema_fast=13,ema_slow=55,rsi_length=21",V0,"{""atr_stop_mult"": 2.5, ""ema_fast"": 13, ""ema_slow"": 55, ""rsi_length"": 21}",GBPUSD,OK,5,1.852189,0.492785,3.719292,1.071263,472.054191,34,2,0.201616,1.000000,123,false,false,BLOCKED,min_fold_oos_trades=2 < 5; total_oos_trades=34 < 40; max_is_to_oos_sharpe_degradation_pct=472.1% > 30%
"V0|atr_stop_mult=2.5,ema_fast=13,ema_slow=55,rsi_length=21",V0,"{""atr_stop_mult"": 2.5, ""ema_fast"": 13, ""ema_slow"": 55, ""rsi_length"": 21}",XAUUSD,OK,5,6.227505,0.000000,0.000000,1.043398,100.000000,34,1,0.536204,1.000000,123,false,false,BLOCKED,min_fold_oos_trades=1 < 5; total_oos_trades=34 < 40; median_oos_sharpe=0.000 < 0.70; max_is_to_oos_sharpe_degradation_pct=100.0% > 30%
"V0|atr_stop_mult=2.5,ema_fast=13,ema_slow=55,rsi_length=21",V0,"{""atr_stop_mult"": 2.5, ""ema_fast"": 13, ""ema_slow"": 55, ""rsi_length"": 21}",USDJPY,OK,5,0.910805,0.302458,-0.640831,0.622099,586.110963,34,5,0.503811,1.000000,123,false,false,BLOCKED,total_oos_trades=34 < 40; median_oos_pf=0.911 < 1.30; median_oos_sharpe=-0.641 < 0.70; folds_with_oos_pf>1=2 < 3; max_is_to_oos_sharpe_degradation_pct=586.1% > 30%
"V0|atr_stop_mult=2.5,ema_fast=13,ema_slow=89,rsi_length=10",V0,"{""atr_stop_mult"": 2.5, ""ema_fast"": 13, ""ema_slow"": 89, ""rsi_length"": 10}",EURUSD,OK,5,0.374877,0.000000,0.000000,1.278800,100.000000,45,1,0.590664,1.000000,123,false,false,BLOCKED,min_fold_oos_trades=1 < 5; median_oos_pf=0.375 < 1.30; median_oos_sharpe=0.000 < 0.70; folds_with_oos_pf>1=2 < 3; max_is_to_oos_sharpe_degradation_pct=100.0% > 30%
"V0|atr_stop_mult=2.5,ema_fast=13,ema_slow=89,rsi_length=10",V0,"{""atr_stop_mult"": 2.5, ""ema_fast"": 13, ""ema_slow"": 89, ""rsi_length"": 10}",GBPUSD,OK,5,1.113871,0.654982,0.654181,0.986473,100.000000,60,2,0.179217,1.000000,123,false,false,BLOCKED,min_fold_oos_trades=2 < 5; median_oos_pf=1.114 < 1.30; median_oos_sharpe=0.654 < 0.70; max_is_to_oos_sharpe_degradation_pct=100.0% > 30%
"V0|atr_stop_mult=2.5,ema_fast=13,ema_slow=89,rsi_length=10",V0,"{""atr_stop_mult"": 2.5, ""ema_fast"": 13, ""ema_slow"": 89, ""rsi_length"": 10}",XAUUSD,OK,5,1.529039,0.968055,2.271631,1.419331,100.000000,78,12,0.025610,1.000000,123,true,false,BLOCKED,max_is_to_oos_sharpe_degradation_pct=100.0% > 30%
"V0|atr_stop_mult=2.5,ema_fast=13,ema_slow=89,rsi_length=10",V0,"{""atr_stop_mult"": 2.5, ""ema_fast"": 13, ""ema_slow"": 89, ""rsi_length"": 10}",USDJPY,OK,5,2.491513,0.454720,3.524134,1.107685,424.649440,60,9,0.227785,1.000000,123,false,false,BLOCKED,max_is_to_oos_sharpe_degradation_pct=424.6% > 30%
"V0|atr_stop_mult=2.5,ema_fast=13,ema_slow=89,rsi_length=14",V0,"{""atr_stop_mult"": 2.5, ""ema_fast"": 13, ""ema_slow"": 89, ""rsi_length"": 14}",EURUSD,OK,5,0.470922,0.000000,0.000000,1.103238,2764.078959,40,0,0.461347,1.000000,123,false,false,BLOCKED,min_fold_oos_trades=0 < 5; median_oos_pf=0.471 < 1.30; median_oos_sharpe=0.000 < 0.70; folds_with_oos_pf>1=2 < 3; max_is_to_oos_sharpe_degradation_pct=2764.1% > 30%
"V0|atr_stop_mult=2.5,ema_fast=13,ema_slow=89,rsi_length=14",V0,"{""atr_stop_mult"": 2.5, ""ema_fast"": 13, ""ema_slow"": 89, ""rsi_length"": 14}",GBPUSD,OK,5,1.316146,0.279111,1.544174,1.205321,100.000000,50,2,0.399587,1.000000,123,false,false,BLOCKED,min_fold_oos_trades=2 < 5; max_is_to_oos_sharpe_degradation_pct=100.0% > 30%
"V0|atr_stop_mult=2.5,ema_fast=13,ema_slow=89,rsi_length=14",V0,"{""atr_stop_mult"": 2.5, ""ema_fast"": 13, ""ema_slow"": 89, ""rsi_length"": 14}",XAUUSD,OK,5,2.848144,0.007383,3.702357,1.714199,26605.486659,63,8,0.505055,1.000000,123,false,false,BLOCKED,max_is_to_oos_sharpe_degradation_pct=26605.5% > 30%
"V0|atr_stop_mult=2.5,ema_fast=13,ema_slow=89,rsi_length=14",V0,"{""atr_stop_mult"": 2.5, ""ema_fast"": 13, ""ema_slow"": 89, ""rsi_length"": 14}",USDJPY,OK,5,1.812566,0.364932,2.439141,1.200979,805.488276,48,8,0.223721,1.000000,123,false,false,BLOCKED,max_is_to_oos_sharpe_degradation_pct=805.5% > 30%
"V0|atr_stop_mult=2.5,ema_fast=13,ema_slow=89,rsi_length=21",V0,"{""atr_stop_mult"": 2.5, ""ema_fast"": 13, ""ema_slow"": 89, ""rsi_length"": 21}",EURUSD,OK,5,1.476132,0.000000,1.868372,1.106237,100.000000,27,0,0.487918,1.000000,123,false,false,BLOCKED,min_fold_oos_trades=0 < 5; total_oos_trades=27 < 40; max_is_to_oos_sharpe_degradation_pct=100.0% > 30%
"V0|atr_stop_mult=2.5,ema_fast=13,ema_slow=89,rsi_length=21",V0,"{""atr_stop_mult"": 2.5, ""ema_fast"": 13, ""ema_slow"": 89, ""rsi_length"": 21}",GBPUSD,OK,5,1.322963,0.396189,1.667148,1.378493,452.803774,39,2,0.375083,1.000000,123,false,false,BLOCKED,min_fold_oos_trades=2 < 5; total_oos_trades=39 < 40; max_is_to_oos_sharpe_degradation_pct=452.8% > 30%
"V0|atr_stop_mult=2.5,ema_fast=13,ema_slow=89,rsi_length=21",V0,"{""atr_stop_mult"": 2.5, ""ema_fast"": 13, ""ema_slow"": 89, ""rsi_length"": 21}",XAUUSD,OK,5,6.227505,0.000000,5.050673,1.679395,4404.566855,42,2,0.464873,1.000000,123,false,false,BLOCKED,min_fold_oos_trades=2 < 5; max_is_to_oos_sharpe_degradation_pct=4404.6% > 30%
"V0|atr_stop_mult=2.5,ema_fast=13,ema_slow=89,rsi_length=21",V0,"{""atr_stop_mult"": 2.5, ""ema_fast"": 13, ""ema_slow"": 89, ""rsi_length"": 21}",USDJPY,OK,5,1.560246,0.712969,2.197278,0.825467,100.000000,40,5,0.102571,1.000000,123,false,false,BLOCKED,max_is_to_oos_sharpe_degradation_pct=100.0% > 30%
"V0|atr_stop_mult=2.5,ema_fast=21,ema_slow=34,rsi_length=10",V0,"{""atr_stop_mult"": 2.5, ""ema_fast"": 21, ""ema_slow"": 34, ""rsi_length"": 10}",EURUSD,OK,5,1.636429,0.000000,0.000000,0.845884,100.000000,36,1,0.495323,1.000000,123,false,false,BLOCKED,min_fold_oos_trades=1 < 5; total_oos_trades=36 < 40; median_oos_sharpe=0.000 < 0.70; max_is_to_oos_sharpe_degradation_pct=100.0% > 30%
"V0|atr_stop_mult=2.5,ema_fast=21,ema_slow=34,rsi_length=10",V0,"{""atr_stop_mult"": 2.5, ""ema_fast"": 21, ""ema_slow"": 34, ""rsi_length"": 10}",GBPUSD,OK,5,0.972705,0.000000,-0.152511,0.543226,100.000000,44,2,0.633146,1.000000,123,false,false,BLOCKED,min_fold_oos_trades=2 < 5; median_oos_pf=0.973 < 1.30; median_oos_sharpe=-0.153 < 0.70; folds_with_oos_pf>1=2 < 3; max_is_to_oos_sharpe_degradation_pct=100.0% > 30%
"V0|atr_stop_mult=2.5,ema_fast=21,ema_slow=34,rsi_length=10",V0,"{""atr_stop_mult"": 2.5, ""ema_fast"": 21, ""ema_slow"": 34, ""rsi_length"": 10}",XAUUSD,OK,5,1.750953,1.375826,2.568231,1.023446,100.000000,57,6,0.015701,1.000000,123,true,false,BLOCKED,max_is_to_oos_sharpe_degradation_pct=100.0% > 30%
"V0|atr_stop_mult=2.5,ema_fast=21,ema_slow=34,rsi_length=10",V0,"{""atr_stop_mult"": 2.5, ""ema_fast"": 21, ""ema_slow"": 34, ""rsi_length"": 10}",USDJPY,OK,5,1.943845,0.242389,3.037565,1.426020,616.024996,45,8,0.535174,1.000000,123,false,false,BLOCKED,max_is_to_oos_sharpe_degradation_pct=616.0% > 30%
"V0|atr_stop_mult=2.5,ema_fast=21,ema_slow=34,rsi_length=14",V0,"{""atr_stop_mult"": 2.5, ""ema_fast"": 21, ""ema_slow"": 34, ""rsi_length"": 14}",EURUSD,OK,5,0.712560,0.000000,0.000000,0.898370,847.435661,34,0,0.778019,1.000000,123,false,false,BLOCKED,min_fold_oos_trades=0 < 5; total_oos_trades=34 < 40; median_oos_pf=0.713 < 1.30; median_oos_sharpe=0.000 < 0.70; folds_with_oos_pf>1=2 < 3; max_is_to_oos_sharpe_degradation_pct=847.4% > 30%
"V0|atr_stop_mult=2.5,ema_fast=21,ema_slow=34,rsi_length=14",V0,"{""atr_stop_mult"": 2.5, ""ema_fast"": 21, ""ema_slow"": 34, ""rsi_length"": 14}",GBPUSD,OK,5,0.875939,0.000000,-0.857397,0.964999,100.000000,38,2,0.706220,1.000000,123,false,false,BLOCKED,min_fold_oos_trades=2 < 5; total_oos_trades=38 < 40; median_oos_pf=0.876 < 1.30; median_oos_sharpe=-0.857 < 0.70; folds_with_oos_pf>1=2 < 3; max_is_to_oos_sharpe_degradation_pct=100.0% > 30%
"V0|atr_stop_mult=2.5,ema_fast=21,ema_slow=34,rsi_length=14",V0,"{""atr_stop_mult"": 2.5, ""ema_fast"": 21, ""ema_slow"": 34, ""rsi_length"": 14}",XAUUSD,OK,5,1.973659,0.015922,3.042871,1.243019,100.000000,49,3,0.419549,1.000000,123,false,false,BLOCKED,min_fold_oos_trades=3 < 5; max_is_to_oos_sharpe_degradation_pct=100.0% > 30%
"V0|atr_stop_mult=2.5,ema_fast=21,ema_slow=34,rsi_length=14",V0,"{""atr_stop_mult"": 2.5, ""ema_fast"": 21, ""ema_slow"": 34, ""rsi_length"": 14}",USDJPY,OK,5,1.674384,0.195865,3.075401,1.519013,874.775552,37,5,0.373950,1.000000,123,false,false,BLOCKED,total_oos_trades=37 < 40; max_is_to_oos_sharpe_degradation_pct=874.8% > 30%
"V0|atr_stop_mult=2.5,ema_fast=21,ema_slow=34,rsi_length=21",V0,"{""atr_stop_mult"": 2.5, ""ema_fast"": 21, ""ema_slow"": 34, ""rsi_length"": 21}",EURUSD,OK,5,1.796725,0.000000,2.940549,0.541019,100.000000,20,0,0.091822,1.000000,123,false,false,BLOCKED,min_fold_oos_trades=0 < 5; total_oos_trades=20 < 40; max_is_to_oos_sharpe_degradation_pct=100.0% > 30%
"V0|atr_stop_mult=2.5,ema_fast=21,ema_slow=34,rsi_length=21",V0,"{""atr_stop_mult"": 2.5, ""ema_fast"": 21, ""ema_slow"": 34, ""rsi_length"": 21}",GBPUSD,OK,5,0.751302,0.000000,-1.965154,0.973067,1903.212884,29,2,0.601191,1.000000,123,false,false,BLOCKED,min_fold_oos_trades=2 < 5; total_oos_trades=29 < 40; median_oos_pf=0.751 < 1.30; median_oos_sharpe=-1.965 < 0.70; folds_with_oos_pf>1=2 < 3; max_is_to_oos_sharpe_degradation_pct=1903.2% > 30%
"V0|atr_stop_mult=2.5,ema_fast=21,ema_slow=34,rsi_length=21",V0,"{""atr_stop_mult"": 2.5, ""ema_fast"": 21, ""ema_slow"": 34, ""rsi_length"": 21}",XAUUSD,OK,5,5.798122,0.000000,0.601035,0.579661,100.000000,28,0,0.081454,1.000000,123,false,false,BLOCKED,min_fold_oos_trades=0 < 5; total_oos_trades=28 < 40; median_oos_sharpe=0.601 < 0.70; max_is_to_oos_sharpe_degradation_pct=100.0% > 30%
"V0|atr_stop_mult=2.5,ema_fast=21,ema_slow=34,rsi_length=21",V0,"{""atr_stop_mult"": 2.5, ""ema_fast"": 21, ""ema_slow"": 34, ""rsi_length"": 21}",USDJPY,OK,5,3.258393,0.383566,3.627736,1.059404,100.000000,29,4,0.205850,1.000000,123,false,false,BLOCKED,min_fold_oos_trades=4 < 5; total_oos_trades=29 < 40; max_is_to_oos_sharpe_degradation_pct=100.0% > 30%
"V0|atr_stop_mult=2.5,ema_fast=21,ema_slow=55,rsi_length=10",V0,"{""atr_stop_mult"": 2.5, ""ema_fast"": 21, ""ema_slow"": 55, ""rsi_length"": 10}",EURUSD,OK,5,1.473200,0.000000,2.067158,0.845884,870.992645,43,1,0.262947,1.000000,123,false,false,BLOCKED,min_fold_oos_trades=1 < 5; max_is_to_oos_sharpe_degradation_pct=871.0% > 30%
"V0|atr_stop_mult=2.5,ema_fast=21,ema_slow=55,rsi_length=10",V0,"{""atr_stop_mult"": 2.5, ""ema_fast"": 21, ""ema_slow"": 55, ""rsi_length"": 10}",GBPUSD,OK,5,0.780074,0.000000,-1.556008,0.795035,100.000000,55,2,0.742643,1.000000,123,false,false,BLOCKED,min_fold_oos_trades=2 < 5; median_oos_pf=0.780 < 1.30; median_oos_sharpe=-1.556 < 0.70; folds_with_oos_pf>1=2 < 3; max_is_to_oos_sharpe_degradation_pct=100.0% > 30%
"V0|atr_stop_mult=2.5,ema_fast=21,ema_slow=55,rsi_length=10",V0,"{""atr_stop_mult"": 2.5, ""ema_fast"": 21, ""ema_slow"": 55, ""rsi_length"": 10}",XAUUSD,OK,5,1.567885,0.844122,2.276035,1.737048,100.000000,69,11,0.045250,1.000000,123,true,false,BLOCKED,max_is_to_oos_sharpe_degradation_pct=100.0% > 30%
"V0|atr_stop_mult=2.5,ema_fast=21,ema_slow=55,rsi_length=10",V0,"{""atr_stop_mult"": 2.5, ""ema_fast"": 21, ""ema_slow"": 55, ""rsi_length"": 10}",USDJPY,OK,5,1.187509,0.218731,0.792389,1.582494,1439.118423,53,9,0.599624,1.000000,123,false,false,BLOCKED,median_oos_pf=1.188 < 1.30; max_is_to_oos_sharpe_degradation_pct=1439.1% > 30%
"V0|atr_stop_mult=2.5,ema_fast=21,ema_slow=55,rsi_length=14",V0,"{""atr_stop_mult"": 2.5, ""ema_fast"": 21, ""ema_slow"": 55, ""rsi_length"": 14}",EURUSD,OK,5,1.124074,0.000000,0.650639,0.897169,559.202841,40,0,0.341412,1.000000,123,false,false,BLOCKED,min_fold_oos_trades=0 < 5; median_oos_pf=1.124 < 1.30; median_oos_sharpe=0.651 < 0.70; max_is_to_oos_sharpe_degradation_pct=559.2% > 30%
"V0|atr_stop_mult=2.5,ema_fast=21,ema_slow=55,rsi_length=14",V0,"{""atr_stop_mult"": 2.5, ""ema_fast"": 21, ""ema_slow"": 55, ""rsi_length"": 14}",GBPUSD,OK,5,0.713852,0.000000,-2.250375,1.215740,100.000000,47,2,0.797242,1.000000,123,false,false,BLOCKED,min_fold_oos_trades=2 < 5; median_oos_pf=0.714 < 1.30; median_oos_sharpe=-2.250 < 0.70; folds_with_oos_pf>1=2 < 3; max_is_to_oos_sharpe_degradation_pct=100.0% > 30%
"V0|atr_stop_mult=2.5,ema_fast=21,ema_slow=55,rsi_length=14",V0,"{""atr_stop_mult"": 2.5, ""ema_fast"": 21, ""ema_slow"": 55, ""rsi_length"": 14}",XAUUSD,OK,5,2.759511,0.005834,3.755690,2.126622,100.000000,60,8,0.470357,1.000000,123,false,false,BLOCKED,max_is_to_oos_sharpe_degradation_pct=100.0% > 30%
"V0|atr_stop_mult=2.5,ema_fast=21,ema_slow=55,rsi_length=14",V0,"{""atr_stop_mult"": 2.5, ""ema_fast"": 21, ""ema_slow"": 55, ""rsi_length"": 14}",USDJPY,OK,5,1.276980,0.178879,1.501034,1.675340,2390.568508,45,7,0.530320,1.000000,123,false,false,BLOCKED,median_oos_pf=1.277 < 1.30; max_is_to_oos_sharpe_degradation_pct=2390.6% > 30%
"V0|atr_stop_mult=2.5,ema_fast=21,ema_slow=55,rsi_length=21",V0,"{""atr_stop_mult"": 2.5, ""ema_fast"": 21, ""ema_slow"": 55, ""rsi_length"": 21}",EURUSD,OK,5,1.636744,0.000000,2.939293,0.883912,100.000000,27,0,0.018285,1.000000,123,true,false,BLOCKED,min_fold_oos_trades=0 < 5; total_oos_trades=27 < 40; max_is_to_oos_sharpe_degradation_pct=100.0% > 30%
"V0|atr_stop_mult=2.5,ema_fast=21,ema_slow=55,rsi_length=21",V0,"{""atr_stop_mult"": 2.5, ""ema_fast"": 21, ""ema_slow"": 55, ""rsi_length"": 21}",GBPUSD,OK,5,0.678415,0.000000,-2.673681,1.223788,12151.756028,39,2,0.746635,1.000000,123,false,false,BLOCKED,min_fold_oos_trades=2 < 5; total_oos_trades=39 < 40; median_oos_pf=0.678 < 1.30; median_oos_sharpe=-2.674 < 0.70; folds_with_oos_pf>1=2 < 3; max_is_to_oos_sharpe_degradation_pct=12151.8% > 30%
"V0|atr_stop_mult=2.5,ema_fast=21,ema_slow=55,rsi_length=21",V0,"{""atr_stop_mult"": 2.5, ""ema_fast"": 21, ""ema_slow"": 55, ""rsi_length"": 21}",XAUUSD,OK,5,4.989739,0.000000,4.226411,1.393486,100.000000,40,2,0.342497,1.000000,123,false,false,BLOCKED,min_fold_oos_trades=2 < 5; max_is_to_oos_sharpe_degradation_pct=100.0% > 30%
"V0|atr_stop_mult=2.5,ema_fast=21,ema_slow=55,rsi_length=21",V0,"{""atr_stop_mult"": 2.5, ""ema_fast"": 21, ""ema_slow"": 55, ""rsi_length"": 21}",USDJPY,OK,5,2.006281,0.292862,3.967422,1.216460,100.000000,37,5,0.442142,1.000000,123,false,false,BLOCKED,total_oos_trades=37 < 40; max_is_to_oos_sharpe_degradation_pct=100.0% > 30%
"V0|atr_stop_mult=2.5,ema_fast=21,ema_slow=89,rsi_length=10",V0,"{""atr_stop_mult"": 2.5, ""ema_fast"": 21, ""ema_slow"": 89, ""rsi_length"": 10}",EURUSD,OK,5,1.252266,0.000000,1.240820,1.063810,1435.025868,43,1,0.407609,1.000000,123,false,false,BLOCKED,min_fold_oos_trades=1 < 5; median_oos_pf=1.252 < 1.30; max_is_to_oos_sharpe_degradation_pct=1435.0% > 30%
"V0|atr_stop_mult=2.5,ema_fast=21,ema_slow=89,rsi_length=10",V0,"{""atr_stop_mult"": 2.5, ""ema_fast"": 21, ""ema_slow"": 89, ""rsi_length"": 10}",GBPUSD,OK,5,0.869438,0.000000,-0.869049,0.743598,100.000000,60,2,0.797195,1.000000,123,false,false,BLOCKED,min_fold_oos_trades=2 < 5; median_oos_pf=0.869 < 1.30; median_oos_sharpe=-0.869 < 0.70; folds_with_oos_pf>1=2 < 3; max_is_to_oos_sharpe_degradation_pct=100.0% > 30%
"V0|atr_stop_mult=2.5,ema_fast=21,ema_slow=89,rsi_length=10",V0,"{""atr_stop_mult"": 2.5, ""ema_fast"": 21, ""ema_slow"": 89, ""rsi_length"": 10}",XAUUSD,OK,5,1.657086,1.043523,2.468059,1.727579,100.000000,76,11,0.021616,1.000000,123,true,false,BLOCKED,max_is_to_oos_sharpe_degradation_pct=100.0% > 30%
"V0|atr_stop_mult=2.5,ema_fast=21,ema_slow=89,rsi_length=10",V0,"{""atr_stop_mult"": 2.5, ""ema_fast"": 21, ""ema_slow"": 89, ""rsi_length"": 10}",USDJPY,OK,5,1.943845,0.218731,3.850888,1.582494,1319.741870,56,9,0.432364,1.000000,123,false,false,BLOCKED,max_is_to_oos_sharpe_degradation_pct=1319.7% > 30%
"V0|atr_stop_mult=2.5,ema_fast=21,ema_slow=89,rsi_length=14",V0,"{""atr_stop_mult"": 2.5, ""ema_fast"": 21, ""ema_slow"": 89, ""rsi_length"": 14}",EURUSD,OK,5,1.124074,0.000000,0.650639,0.897169,942.726480,39,0,0.475271,1.000000,123,false,false,BLOCKED,min_fold_oos_trades=0 < 5; total_oos_trades=39 < 40; median_oos_pf=1.124 < 1.30; median_oos_sharpe=0.651 < 0.70; max_is_to_oos_sharpe_degradation_pct=942.7% > 30%
"V0|atr_stop_mult=2.5,ema_fast=21,ema_slow=89,rsi_length=14",V0,"{""atr_stop_mult"": 2.5, ""ema_fast"": 21, ""ema_slow"": 89, ""rsi_length"": 14}",GBPUSD,OK,5,0.797421,0.000000,-1.505480,1.102718,100.000000,51,2,0.821564,1.000000,123,false,false,BLOCKED,min_fold_oos_trades=2 < 5; median_oos_pf=0.797 < 1.30; median_oos_sharpe=-1.505 < 0.70; folds_with_oos_pf>1=2 < 3; max_is_to_oos_sharpe_degradation_pct=100.0% > 30%
"V0|atr_stop_mult=2.5,ema_fast=21,ema_slow=89,rsi_length=14",V0,"{""atr_stop_mult"": 2.5, ""ema_fast"": 21, ""ema_slow"": 89, ""rsi_length"": 14}",XAUUSD,OK,5,2.759511,0.007383,3.755690,1.866439,100.000000,66,8,0.452053,1.000000,123,false,false,BLOCKED,max_is_to_oos_sharpe_degradation_pct=100.0% > 30%
"V0|atr_stop_mult=2.5,ema_fast=21,ema_slow=89,rsi_length=14",V0,"{""atr_stop_mult"": 2.5, ""ema_fast"": 21, ""ema_slow"": 89, ""rsi_length"": 14}",USDJPY,OK,5,1.909285,0.178879,4.134482,1.675340,2661.545213,49,8,0.329508,1.000000,123,false,false,BLOCKED,max_is_to_oos_sharpe_degradation_pct=2661.5% > 30%
"V0|atr_stop_mult=2.5,ema_fast=21,ema_slow=89,rsi_length=21",V0,"{""atr_stop_mult"": 2.5, ""ema_fast"": 21, ""ema_slow"": 89, ""rsi_length"": 21}",EURUSD,OK,5,1.636744,0.000000,2.939293,0.883912,100.000000,27,0,0.018285,1.000000,123,true,false,BLOCKED,min_fold_oos_trades=0 < 5; total_oos_trades=27 < 40; max_is_to_oos_sharpe_degradation_pct=100.0% > 30%
"V0|atr_stop_mult=2.5,ema_fast=21,ema_slow=89,rsi_length=21",V0,"{""atr_stop_mult"": 2.5, ""ema_fast"": 21, ""ema_slow"": 89, ""rsi_length"": 21}",GBPUSD,OK,5,0.540713,0.000000,-3.999900,1.255617,4740.262622,43,2,0.804779,1.000000,123,false,false,BLOCKED,min_fold_oos_trades=2 < 5; median_oos_pf=0.541 < 1.30; median_oos_sharpe=-4.000 < 0.70; folds_with_oos_pf>1=2 < 3; max_is_to_oos_sharpe_degradation_pct=4740.3% > 30%
"V0|atr_stop_mult=2.5,ema_fast=21,ema_slow=89,rsi_length=21",V0,"{""atr_stop_mult"": 2.5, ""ema_fast"": 21, ""ema_slow"": 89, ""rsi_length"": 21}",XAUUSD,OK,5,4.989739,0.000000,4.226411,1.594868,11395.704408,45,2,0.441086,1.000000,123,false,false,BLOCKED,min_fold_oos_trades=2 < 5; max_is_to_oos_sharpe_degradation_pct=11395.7% > 30%
"V0|atr_stop_mult=2.5,ema_fast=21,ema_slow=89,rsi_length=21",V0,"{""atr_stop_mult"": 2.5, ""ema_fast"": 21, ""ema_slow"": 89, ""rsi_length"": 21}",USDJPY,OK,5,2.614620,0.338728,5.637517,1.216460,100.000000,40,5,0.178398,1.000000,123,false,false,BLOCKED,max_is_to_oos_sharpe_degradation_pct=100.0% > 30%
"V1|atr_stop_mult=1.5,ema_fast=13,ema_slow=34,rsi_length=10",V1,"{""atr_stop_mult"": 1.5, ""ema_fast"": 13, ""ema_slow"": 34, ""rsi_length"": 10}",EURUSD,OK,5,0.885542,0.621057,-0.711818,2.104079,392.333958,93,11,0.537367,1.000000,123,false,false,BLOCKED,median_oos_pf=0.886 < 1.30; median_oos_sharpe=-0.712 < 0.70; folds_with_oos_pf>1=2 < 3; max_is_to_oos_sharpe_degradation_pct=392.3% > 30%
"V1|atr_stop_mult=1.5,ema_fast=13,ema_slow=34,rsi_length=10",V1,"{""atr_stop_mult"": 1.5, ""ema_fast"": 13, ""ema_slow"": 34, ""rsi_length"": 10}",GBPUSD,OK,5,1.021425,0.730104,0.176040,1.434938,586.288812,73,11,0.277073,1.000000,123,false,false,BLOCKED,median_oos_pf=1.021 < 1.30; median_oos_sharpe=0.176 < 0.70; max_is_to_oos_sharpe_degradation_pct=586.3% > 30%
"V1|atr_stop_mult=1.5,ema_fast=13,ema_slow=34,rsi_length=10",V1,"{""atr_stop_mult"": 1.5, ""ema_fast"": 13, ""ema_slow"": 34, ""rsi_length"": 10}",XAUUSD,OK,5,1.324118,0.979921,1.151831,2.132235,100.000000,79,10,0.061001,1.000000,123,false,false,BLOCKED,max_is_to_oos_sharpe_degradation_pct=100.0% > 30%
"V1|atr_stop_mult=1.5,ema_fast=13,ema_slow=34,rsi_length=10",V1,"{""atr_stop_mult"": 1.5, ""ema_fast"": 13, ""ema_slow"": 34, ""rsi_length"": 10}",USDJPY,OK,5,0.917406,0.267479,-0.344603,2.910217,541.802823,85,10,0.614583,1.000000,123,false,false,BLOCKED,median_oos_pf=0.917 < 1.30; median_oos_sharpe=-0.345 < 0.70; folds_with_oos_pf>1=2 < 3; max_is_to_oos_sharpe_degradation_pct=541.8% > 30%
"V1|atr_stop_mult=1.5,ema_fast=13,ema_slow=34,rsi_length=14",V1,"{""atr_stop_mult"": 1.5, ""ema_fast"": 13, ""ema_slow"": 34, ""rsi_length"": 14}",EURUSD,OK,5,0.945340,0.841907,-0.315487,1.894181,191.864419,79,10,0.629608,1.000000,123,false,false,BLOCKED,median_oos_pf=0.945 < 1.30; median_oos_sharpe=-0.315 < 0.70; folds_with_oos_pf>1=2 < 3; max_is_to_oos_sharpe_degradation_pct=191.9% > 30%
"V1|atr_stop_mult=1.5,ema_fast=13,ema_slow=34,rsi_length=14",V1,"{""atr_stop_mult"": 1.5, ""ema_fast"": 13, ""ema_slow"": 34, ""rsi_length"": 14}",GBPUSD,OK,5,0.705596,0.563175,-2.365693,1.653554,100.000000,61,5,0.307143,1.000000,123,false,false,BLOCKED,median_oos_pf=0.706 < 1.30; median_oos_sharpe=-2.366 < 0.70; folds_with_oos_pf>1=2 < 3; max_is_to_oos_sharpe_degradation_pct=100.0% > 30%
"V1|atr_stop_mult=1.5,ema_fast=13,ema_slow=34,rsi_length=14",V1,"{""atr_stop_mult"": 1.5, ""ema_fast"": 13, ""ema_slow"": 34, ""rsi_length"": 14}",XAUUSD,OK,5,1.252403,0.256924,1.223223,2.087532,100.000000,62,9,0.480811,1.000000,123,false,false,BLOCKED,median_oos_pf=1.252 < 1.30; max_is_to_oos_sharpe_degradation_pct=100.0% > 30%
"V1|atr_stop_mult=1.5,ema_fast=13,ema_slow=34,rsi_length=14",V1,"{""atr_stop_mult"": 1.5, ""ema_fast"": 13, ""ema_slow"": 34, ""rsi_length"": 14}",USDJPY,OK,5,0.729894,0.463956,-2.101252,1.469882,463.984041,60,6,0.689706,1.000000,123,false,false,BLOCKED,median_oos_pf=0.730 < 1.30; median_oos_sharpe=-2.101 < 0.70; folds_with_oos_pf>1=2 < 3; max_is_to_oos_sharpe_degradation_pct=464.0% > 30%
"V1|atr_stop_mult=1.5,ema_fast=13,ema_slow=34,rsi_length=21",V1,"{""atr_stop_mult"": 1.5, ""ema_fast"": 13, ""ema_slow"": 34, ""rsi_length"": 21}",EURUSD,OK,5,0.710177,0.161693,-1.933589,1.236506,994.002937,44,4,0.739801,1.000000,123,false,false,BLOCKED,min_fold_oos_trades=4 < 5; median_oos_pf=0.710 < 1.30; median_oos_sharpe=-1.934 < 0.70; folds_with_oos_pf>1=2 < 3; max_is_to_oos_sharpe_degradation_pct=994.0% > 30%
"V1|atr_stop_mult=1.5,ema_fast=13,ema_slow=34,rsi_length=21",V1,"{""atr_stop_mult"": 1.5, ""ema_fast"": 13, ""ema_slow"": 34, ""rsi_length"": 21}",GBPUSD,OK,5,0.449052,0.120287,-5.794124,1.786957,1359.332000,38,5,0.780029,1.000000,123,false,false,BLOCKED,total_oos_trades=38 < 40; median_oos_pf=0.449 < 1.30; median_oos_sharpe=-5.794 < 0.70; folds_with_oos_pf>1=2 < 3; max_is_to_oos_sharpe_degradation_pct=1359.3% > 30%
"V1|atr_stop_mult=1.5,ema_fast=13,ema_slow=34,rsi_length=21",V1,"{""atr_stop_mult"": 1.5, ""ema_fast"": 13, ""ema_slow"": 34, ""rsi_length"": 21}",XAUUSD,OK,5,3.286820,0.674105,6.578847,0.741795,100.000000,29,3,0.038328,1.000000,123,true,false,BLOCKED,min_fold_oos_trades=3 < 5; total_oos_trades=29 < 40; max_is_to_oos_sharpe_degradation_pct=100.0% > 30%
"V1|atr_stop_mult=1.5,ema_fast=13,ema_slow=34,rsi_length=21",V1,"{""atr_stop_mult"": 1.5, ""ema_fast"": 13, ""ema_slow"": 34, ""rsi_length"": 21}",USDJPY,OK,5,2.248037,0.414705,3.665193,1.240847,922.639916,46,2,0.205922,1.000000,123,false,false,BLOCKED,min_fold_oos_trades=2 < 5; max_is_to_oos_sharpe_degradation_pct=922.6% > 30%
"V1|atr_stop_mult=1.5,ema_fast=13,ema_slow=55,rsi_length=10",V1,"{""atr_stop_mult"": 1.5, ""ema_fast"": 13, ""ema_slow"": 55, ""rsi_length"": 10}",EURUSD,OK,5,0.855330,0.632731,-0.937303,2.305112,375.342858,101,16,0.632085,1.000000,123,false,false,BLOCKED,median_oos_pf=0.855 < 1.30; median_oos_sharpe=-0.937 < 0.70; folds_with_oos_pf>1=2 < 3; max_is_to_oos_sharpe_degradation_pct=375.3% > 30%
"V1|atr_stop_mult=1.5,ema_fast=13,ema_slow=55,rsi_length=10",V1,"{""atr_stop_mult"": 1.5, ""ema_fast"": 13, ""ema_slow"": 55, ""rsi_length"": 10}",GBPUSD,OK,5,0.870408,0.730468,-0.859341,1.919962,520.696224,84,13,0.427345,1.000000,123,false,false,BLOCKED,median_oos_pf=0.870 < 1.30; median_oos_sharpe=-0.859 < 0.70; folds_with_oos_pf>1=2 < 3; max_is_to_oos_sharpe_degradation_pct=520.7% > 30%
"V1|atr_stop_mult=1.5,ema_fast=13,ema_slow=55,rsi_length=10",V1,"{""atr_stop_mult"": 1.5, ""ema_fast"": 13, ""ema_slow"": 55, ""rsi_length"": 10}",XAUUSD,OK,5,1.309700,1.135961,1.451723,2.573673,100.000000,93,13,0.038254,1.000000,123,true,false,BLOCKED,max_is_to_oos_sharpe_degradation_pct=100.0% > 30%
"V1|atr_stop_mult=1.5,ema_fast=13,ema_slow=55,rsi_length=10",V1,"{""atr_stop_mult"": 1.5, ""ema_fast"": 13, ""ema_slow"": 55, ""rsi_length"": 10}",USDJPY,OK,5,0.876629,0.348180,-0.547426,2.910217,416.689598,97,13,0.555364,1.000000,123,false,false,BLOCKED,median_oos_pf=0.877 < 1.30; median_oos_sharpe=-0.547 < 0.70; folds_with_oos_pf>1=2 < 3; max_is_to_oos_sharpe_degradation_pct=416.7% > 30%
"V1|atr_stop_mult=1.5,ema_fast=13,ema_slow=55,rsi_length=14",V1,"{""atr_stop_mult"": 1.5, ""ema_fast"": 13, ""ema_slow"": 55, ""rsi_length"": 14}",EURUSD,OK,5,1.069389,0.751194,0.409062,2.025523,276.852202,85,14,0.416987,1.000000,123,false,false,BLOCKED,median_oos_pf=1.069 < 1.30; median_oos_sharpe=0.409 < 0.70; max_is_to_oos_sharpe_degradation_pct=276.9% > 30%
"V1|atr_stop_mult=1.5,ema_fast=13,ema_slow=55,rsi_length=14",V1,"{""atr_stop_mult"": 1.5, ""ema_fast"": 13, ""ema_slow"": 55, ""rsi_length"": 14}",GBPUSD,OK,5,1.442076,0.476060,2.171879,2.156937,1447.968277,71,8,0.435365,1.000000,123,false,false,BLOCKED,max_is_to_oos_sharpe_degradation_pct=1448.0% > 30%
"V1|atr_stop_mult=1.5,ema_fast=13,ema_slow=55,rsi_length=14",V1,"{""atr_stop_mult"": 1.5, ""ema_fast"": 13, ""ema_slow"": 55, ""rsi_length"": 14}",XAUUSD,OK,5,1.438386,0.329304,1.752046,3.088847,100.000000,74,11,0.377048,1.000000,123,false,false,BLOCKED,max_is_to_oos_sharpe_degradation_pct=100.0% > 30%
"V1|atr_stop_mult=1.5,ema_fast=13,ema_slow=55,rsi_length=14",V1,"{""atr_stop_mult"": 1.5, ""ema_fast"": 13, ""ema_slow"": 55, ""rsi_length"": 14}",USDJPY,OK,5,0.585694,0.495993,-3.552396,1.856450,414.706504,71,9,0.576244,1.000000,123,false,false,BLOCKED,median_oos_pf=0.586 < 1.30; median_oos_sharpe=-3.552 < 0.70; folds_with_oos_pf>1=2 < 3; max_is_to_oos_sharpe_degradation_pct=414.7% > 30%
"V1|atr_stop_mult=1.5,ema_fast=13,ema_slow=55,rsi_length=21",V1,"{""atr_stop_mult"": 1.5, ""ema_fast"": 13, ""ema_slow"": 55, ""rsi_length"": 21}",EURUSD,OK,5,0.888515,0.445182,-0.591551,1.728598,2249.575943,53,7,0.588940,1.000000,123,false,false,BLOCKED,median_oos_pf=0.889 < 1.30; median_oos_sharpe=-0.592 < 0.70; folds_with_oos_pf>1=2 < 3; max_is_to_oos_sharpe_degradation_pct=2249.6% > 30%
"V1|atr_stop_mult=1.5,ema_fast=13,ema_slow=55,rsi_length=21",V1,"{""atr_stop_mult"": 1.5, ""ema_fast"": 13, ""ema_slow"": 55, ""rsi_length"": 21}",GBPUSD,OK,5,1.067352,0.285309,0.440410,2.581369,587.933241,52,7,0.669948,1.000000,123,false,false,BLOCKED,median_oos_pf=1.067 < 1.30; median_oos_sharpe=0.440 < 0.70; max_is_to_oos_sharpe_degradation_pct=587.9% > 30%
"V1|atr_stop_mult=1.5,ema_fast=13,ema_slow=55,rsi_length=21",V1,"{""atr_stop_mult"": 1.5, ""ema_fast"": 13, ""ema_slow"": 55, ""rsi_length"": 21}",XAUUSD,OK,5,3.923121,0.660349,6.121436,1.859428,100.000000,45,4,0.107688,1.000000,123,false,false,BLOCKED,min_fold_oos_trades=4 < 5; max_is_to_oos_sharpe_degradation_pct=100.0% > 30%
"V1|atr_stop_mult=1.5,ema_fast=13,ema_slow=55,rsi_length=21",V1,"{""atr_stop_mult"": 1.5, ""ema_fast"": 13, ""ema_slow"": 55, ""rsi_length"": 21}",USDJPY,OK,5,1.354630,0.384233,1.974517,1.385649,789.037584,57,5,0.234695,1.000000,123,false,false,BLOCKED,max_is_to_oos_sharpe_degradation_pct=789.0% > 30%
"V1|atr_stop_mult=1.5,ema_fast=13,ema_slow=89,rsi_length=10",V1,"{""atr_stop_mult"": 1.5, ""ema_fast"": 13, ""ema_slow"": 89, ""rsi_length"": 10}",EURUSD,OK,5,0.712705,0.575012,-2.143377,2.651418,410.032660,114,17,0.741068,1.000000,123,false,false,BLOCKED,median_oos_pf=0.713 < 1.30; median_oos_sharpe=-2.143 < 0.70; folds_with_oos_pf>1=2 < 3; max_is_to_oos_sharpe_degradation_pct=410.0% > 30%
"V1|atr_stop_mult=1.5,ema_fast=13,ema_slow=89,rsi_length=10",V1,"{""atr_stop_mult"": 1.5, ""ema_fast"": 13, ""ema_slow"": 89, ""rsi_length"": 10}",GBPUSD,OK,5,0.840932,0.538081,-1.084320,2.132655,644.115550,92,13,0.594825,1.000000,123,false,false,BLOCKED,median_oos_pf=0.841 < 1.30; median_oos_sharpe=-1.084 < 0.70; folds_with_oos_pf>1=2 < 3; max_is_to_oos_sharpe_degradation_pct=644.1% > 30%
"V1|atr_stop_mult=1.5,ema_fast=13,ema_slow=89,rsi_length=10",V1,"{""atr_stop_mult"": 1.5, ""ema_fast"": 13, ""ema_slow"": 89, ""rsi_length"": 10}",XAUUSD,OK,5,1.651688,0.996223,2.653478,3.000973,100.000000,101,16,0.020536,1.000000,123,true,false,BLOCKED,max_is_to_oos_sharpe_degradation_pct=100.0% > 30%
"V1|atr_stop_mult=1.5,ema_fast=13,ema_slow=89,rsi_length=10",V1,"{""atr_stop_mult"": 1.5, ""ema_fast"": 13, ""ema_slow"": 89, ""rsi_length"": 10}",USDJPY,OK,5,1.248196,0.269087,1.058964,3.852976,530.277131,105,13,0.466247,1.000000,123,false,false,BLOCKED,median_oos_pf=1.248 < 1.30; max_is_to_oos_sharpe_degradation_pct=530.3% > 30%
"V1|atr_stop_mult=1.5,ema_fast=13,ema_slow=89,rsi_length=14",V1,"{""atr_stop_mult"": 1.5, ""ema_fast"": 13, ""ema_slow"": 89, ""rsi_length"": 14}",EURUSD,OK,5,1.005890,0.753554,0.067322,2.069204,222.686509,97,15,0.646805,1.000000,123,false,false,BLOCKED,median_oos_pf=1.006 < 1.30; median_oos_sharpe=0.067 < 0.70; max_is_to_oos_sharpe_degradation_pct=222.7% > 30%
"V1|atr_stop_mult=1.5,ema_fast=13,ema_slow=89,rsi_length=14",V1,"{""atr_stop_mult"": 1.5, ""ema_fast"": 13, ""ema_slow"": 89, ""rsi_length"": 14}",GBPUSD,OK,5,1.171573,0.391769,0.960519,2.858388,4555.468737,78,10,0.614220,1.000000,123,false,false,BLOCKED,median_oos_pf=1.172 < 1.30; max_is_to_oos_sharpe_degradation_pct=4555.5% > 30%
"V1|atr_stop_mult=1.5,ema_fast=13,ema_slow=89,rsi_length=14",V1,"{""atr_stop_mult"": 1.5, ""ema_fast"": 13, ""ema_slow"": 89, ""rsi_length"": 14}",XAUUSD,OK,5,2.288566,0.295354,3.986285,3.513888,100.000000,83,13,0.307149,1.000000,123,false,false,BLOCKED,max_is_to_oos_sharpe_degradation_pct=100.0% > 30%
"V1|atr_stop_mult=1.5,ema_fast=13,ema_slow=89,rsi_length=14",V1,"{""atr_stop_mult"": 1.5, ""ema_fast"": 13, ""ema_slow"": 89, ""rsi_length"": 14}",USDJPY,OK,5,1.183428,0.404664,1.053735,2.426627,494.282210,79,9,0.347880,1.000000,123,false,false,BLOCKED,median_oos_pf=1.183 < 1.30; max_is_to_oos_sharpe_degradation_pct=494.3% > 30%
"V1|atr_stop_mult=1.5,ema_fast=13,ema_slow=89,rsi_length=21",V1,"{""atr_stop_mult"": 1.5, ""ema_fast"": 13, ""ema_slow"": 89, ""rsi_length"": 21}",EURUSD,OK,5,0.563934,0.332794,-3.138305,2.103779,4287.220117,64,7,0.672318,1.000000,123,false,false,BLOCKED,median_oos_pf=0.564 < 1.30; median_oos_sharpe=-3.138 < 0.70; folds_with_oos_pf>1=2 < 3; max_is_to_oos_sharpe_degradation_pct=4287.2% > 30%
"V1|atr_stop_mult=1.5,ema_fast=13,ema_slow=89,rsi_length=21",V1,"{""atr_stop_mult"": 1.5, ""ema_fast"": 13, ""ema_slow"": 89, ""rsi_length"": 21}",GBPUSD,OK,5,0.807245,0.250069,-1.285229,3.085444,571.994406,55,6,0.736380,1.000000,123,false,false,BLOCKED,median_oos_pf=0.807 < 1.30; median_oos_sharpe=-1.285 < 0.70; folds_with_oos_pf>1=2 < 3; max_is_to_oos_sharpe_degradation_pct=572.0% > 30%
"V1|atr_stop_mult=1.5,ema_fast=13,ema_slow=89,rsi_length=21",V1,"{""atr_stop_mult"": 1.5, ""ema_fast"": 13, ""ema_slow"": 89, ""rsi_length"": 21}",XAUUSD,OK,5,8.446692,0.519117,6.121436,3.093751,100.000000,53,5,0.104781,1.000000,123,false,false,BLOCKED,max_is_to_oos_sharpe_degradation_pct=100.0% > 30%
"V1|atr_stop_mult=1.5,ema_fast=13,ema_slow=89,rsi_length=21",V1,"{""atr_stop_mult"": 1.5, ""ema_fast"": 13, ""ema_slow"": 89, ""rsi_length"": 21}",USDJPY,OK,5,2.241527,0.665624,3.378166,1.871732,478.355605,65,5,0.115089,1.000000,123,false,false,BLOCKED,max_is_to_oos_sharpe_degradation_pct=478.4% > 30%
"V1|atr_stop_mult=1.5,ema_fast=21,ema_slow=34,rsi_length=10",V1,"{""atr_stop_mult"": 1.5, ""ema_fast"": 21, ""ema_slow"": 34, ""rsi_length"": 10}",EURUSD,OK,5,1.145182,0.459356,0.837002,1.767826,509.075694,92,14,0.309764,1.000000,123,false,false,BLOCKED,median_oos_pf=1.145 < 1.30; max_is_to_oos_sharpe_degradation_pct=509.1% > 30%
"V1|atr_stop_mult=1.5,ema_fast=21,ema_slow=34,rsi_length=10",V1,"{""atr_stop_mult"": 1.5, ""ema_fast"": 21, ""ema_slow"": 34, ""rsi_length"": 10}",GBPUSD,OK,5,1.119072,0.844049,0.662979,1.458556,100.000000,74,12,0.179632,1.000000,123,false,false,BLOCKED,median_oos_pf=1.119 < 1.30; median_oos_sharpe=0.663 < 0.70; max_is_to_oos_sharpe_degradation_pct=100.0% > 30%
"V1|atr_stop_mult=1.5,ema_fast=21,ema_slow=34,rsi_length=10",V1,"{""atr_stop_mult"": 1.5, ""ema_fast"": 21, ""ema_slow"": 34, ""rsi_length"": 10}",XAUUSD,OK,5,1.388687,1.288310,1.790812,1.872201,100.000000,77,10,0.025084,1.000000,123,true,false,BLOCKED,max_is_to_oos_sharpe_degradation_pct=100.0% > 30%
"V1|atr_stop_mult=1.5,ema_fast=21,ema_slow=34,rsi_length=10",V1,"{""atr_stop_mult"": 1.5, ""ema_fast"": 21, ""ema_slow"": 34, ""rsi_length"": 10}",USDJPY,OK,5,1.041966,0.203452,0.232561,3.655464,836.816377,86,13,0.717356,1.000000,123,false,false,BLOCKED,median_oos_pf=1.042 < 1.30; median_oos_sharpe=0.233 < 0.70; max_is_to_oos_sharpe_degradation_pct=836.8% > 30%
"V1|atr_stop_mult=1.5,ema_fast=21,ema_slow=34,rsi_length=14",V1,"{""atr_stop_mult"": 1.5, ""ema_fast"": 21, ""ema_slow"": 34, ""rsi_length"": 14}",EURUSD,OK,5,1.122001,0.623981,0.665053,2.040933,278.575748,80,12,0.592868,1.000000,123,false,false,BLOCKED,median_oos_pf=1.122 < 1.30; median_oos_sharpe=0.665 < 0.70; max_is_to_oos_sharpe_degradation_pct=278.6% > 30%
"V1|atr_stop_mult=1.5,ema_fast=21,ema_slow=34,rsi_length=14",V1,"{""atr_stop_mult"": 1.5, ""ema_fast"": 21, ""ema_slow"": 34, ""rsi_length"": 14}",GBPUSD,OK,5,1.390513,0.640326,1.885693,1.495947,100.000000,66,5,0.153775,1.000000,123,false,false,BLOCKED,max_is_to_oos_sharpe_degradation_pct=100.0% > 30%
"V1|atr_stop_mult=1.5,ema_fast=21,ema_slow=34,rsi_length=14",V1,"{""atr_stop_mult"": 1.5, ""ema_fast"": 21, ""ema_slow"": 34, ""rsi_length"": 14}",XAUUSD,OK,5,1.854691,0.568578,3.180812,2.000035,3685.482244,68,10,0.109532,1.000000,123,false,false,BLOCKED,max_is_to_oos_sharpe_degradation_pct=3685.5% > 30%
"V1|atr_stop_mult=1.5,ema_fast=21,ema_slow=34,rsi_length=14",V1,"{""atr_stop_mult"": 1.5, ""ema_fast"": 21, ""ema_slow"": 34, ""rsi_length"": 14}",USDJPY,OK,5,0.806570,0.323900,-1.275323,2.246248,767.011218,67,9,0.622390,1.000000,123,false,false,BLOCKED,median_oos_pf=0.807 < 1.30; median_oos_sharpe=-1.275 < 0.70; folds_with_oos_pf>1=2 < 3; max_is_to_oos_sharpe_degradation_pct=767.0% > 30%
"V1|atr_stop_mult=1.5,ema_fast=21,ema_slow=34,rsi_length=21",V1,"{""atr_stop_mult"": 1.5, ""ema_fast"": 21, ""ema_slow"": 34, ""rsi_length"": 21}",EURUSD,OK,5,1.337559,0.713393,1.489237,1.674715,452.626919,51,7,0.140776,1.000000,123,false,false,BLOCKED,max_is_to_oos_sharpe_degradation_pct=452.6% > 30%
"V1|atr_stop_mult=1.5,ema_fast=21,ema_slow=34,rsi_length=21",V1,"{""atr_stop_mult"": 1.5, ""ema_fast"": 21, ""ema_slow"": 34, ""rsi_length"": 21}",GBPUSD,OK,5,1.247263,0.280934,1.154535,2.754645,2120.789991,45,6,0.525748,1.000000,123,false,false,BLOCKED,median_oos_pf=1.247 < 1.30; max_is_to_oos_sharpe_degradation_pct=2120.8% > 30%
"V1|atr_stop_mult=1.5,ema_fast=21,ema_slow=34,rsi_length=21",V1,"{""atr_stop_mult"": 1.5, ""ema_fast"": 21, ""ema_slow"": 34, ""rsi_length"": 21}",XAUUSD,OK,5,4.817828,0.446334,7.827026,0.828761,100.000000,37,4,0.063758,1.000000,123,false,false,BLOCKED,min_fold_oos_trades=4 < 5; total_oos_trades=37 < 40; max_is_to_oos_sharpe_degradation_pct=100.0% > 30%
"V1|atr_stop_mult=1.5,ema_fast=21,ema_slow=34,rsi_length=21",V1,"{""atr_stop_mult"": 1.5, ""ema_fast"": 21, ""ema_slow"": 34, ""rsi_length"": 21}",USDJPY,OK,5,2.065777,0.583413,2.314904,1.375551,100.000000,52,5,0.199189,1.000000,123,false,false,BLOCKED,max_is_to_oos_sharpe_degradation_pct=100.0% > 30%
"V1|atr_stop_mult=1.5,ema_fast=21,ema_slow=55,rsi_length=10",V1,"{""atr_stop_mult"": 1.5, ""ema_fast"": 21, ""ema_slow"": 55, ""rsi_length"": 10}",EURUSD,OK,5,1.345326,0.367381,1.822739,2.273259,467.303244,105,17,0.375537,1.000000,123,false,false,BLOCKED,max_is_to_oos_sharpe_degradation_pct=467.3% > 30%
"V1|atr_stop_mult=1.5,ema_fast=21,ema_slow=55,rsi_length=10",V1,"{""atr_stop_mult"": 1.5, ""ema_fast"": 21, ""ema_slow"": 55, ""rsi_length"": 10}",GBPUSD,OK,5,0.912637,0.705675,-0.476294,1.943464,792.594824,85,13,0.356555,1.000000,123,false,false,BLOCKED,median_oos_pf=0.913 < 1.30; median_oos_sharpe=-0.476 < 0.70; folds_with_oos_pf>1=2 < 3; max_is_to_oos_sharpe_degradation_pct=792.6% > 30%
"V1|atr_stop_mult=1.5,ema_fast=21,ema_slow=55,rsi_length=10",V1,"{""atr_stop_mult"": 1.5, ""ema_fast"": 21, ""ema_slow"": 55, ""rsi_length"": 10}",XAUUSD,OK,5,1.636483,0.957182,2.677712,2.590653,100.000000,91,13,0.033600,1.000000,123,true,false,BLOCKED,max_is_to_oos_sharpe_degradation_pct=100.0% > 30%
"V1|atr_stop_mult=1.5,ema_fast=21,ema_slow=55,rsi_length=10",V1,"{""atr_stop_mult"": 1.5, ""ema_fast"": 21, ""ema_slow"": 55, ""rsi_length"": 10}",USDJPY,OK,5,0.769659,0.184843,-1.282277,4.048064,1016.087726,95,13,0.722043,1.000000,123,false,false,BLOCKED,median_oos_pf=0.770 < 1.30; median_oos_sharpe=-1.282 < 0.70; folds_with_oos_pf>1=2 < 3; max_is_to_oos_sharpe_degradation_pct=1016.1% > 30%
"V1|atr_stop_mult=1.5,ema_fast=21,ema_slow=55,rsi_length=14",V1,"{""atr_stop_mult"": 1.5, ""ema_fast"": 21, ""ema_slow"": 55, ""rsi_length"": 14}",EURUSD,OK,5,1.040200,0.477067,0.248916,2.069204,300.428879,93,15,0.585874,1.000000,123,false,false,BLOCKED,median_oos_pf=1.040 < 1.30; median_oos_sharpe=0.249 < 0.70; max_is_to_oos_sharpe_degradation_pct=300.4% > 30%
"V1|atr_stop_mult=1.5,ema_fast=21,ema_slow=55,rsi_length=14",V1,"{""atr_stop_mult"": 1.5, ""ema_fast"": 21, ""ema_slow"": 55, ""rsi_length"": 14}",GBPUSD,OK,5,1.225774,0.556161,1.170247,1.813562,5564.637216,76,10,0.358206,1.000000,123,false,false,BLOCKED,median_oos_pf=1.226 < 1.30; max_is_to_oos_sharpe_degradation_pct=5564.6% > 30%
"V1|atr_stop_mult=1.5,ema_fast=21,ema_slow=55,rsi_length=14",V1,"{""atr_stop_mult"": 1.5, ""ema_fast"": 21, ""ema_slow"": 55, ""rsi_length"": 14}",XAUUSD,OK,5,2.267598,0.462600,4.176860,3.276256,100.000000,81,13,0.156317,1.000000,123,false,false,BLOCKED,max_is_to_oos_sharpe_degradation_pct=100.0% > 30%
"V1|atr_stop_mult=1.5,ema_fast=21,ema_slow=55,rsi_length=14",V1,"{""atr_stop_mult"": 1.5, ""ema_fast"": 21, ""ema_slow"": 55, ""rsi_length"": 14}",USDJPY,OK,5,0.784234,0.284083,-1.502533,2.644591,997.519410,76,9,0.640001,1.000000,123,false,false,BLOCKED,median_oos_pf=0.784 < 1.30; median_oos_sharpe=-1.503 < 0.70; folds_with_oos_pf>1=2 < 3; max_is_to_oos_sharpe_degradation_pct=997.5% > 30%
"V1|atr_stop_mult=1.5,ema_fast=21,ema_slow=55,rsi_length=21",V1,"{""atr_stop_mult"": 1.5, ""ema_fast"": 21, ""ema_slow"": 55, ""rsi_length"": 21}",EURUSD,OK,5,1.879446,0.513262,3.407112,1.674715,335.604588,62,7,0.234114,1.000000,123,false,false,BLOCKED,max_is_to_oos_sharpe_degradation_pct=335.6% > 30%
"V1|atr_stop_mult=1.5,ema_fast=21,ema_slow=55,rsi_length=21",V1,"{""atr_stop_mult"": 1.5, ""ema_fast"": 21, ""ema_slow"": 55, ""rsi_length"": 21}",GBPUSD,OK,5,1.247263,0.253517,1.154535,3.164995,936.719628,56,7,0.709306,1.000000,123,false,false,BLOCKED,median_oos_pf=1.247 < 1.30; max_is_to_oos_sharpe_degradation_pct=936.7% > 30%
"V1|atr_stop_mult=1.5,ema_fast=21,ema_slow=55,rsi_length=21",V1,"{""atr_stop_mult"": 1.5, ""ema_fast"": 21, ""ema_slow"": 55, ""rsi_length"": 21}",XAUUSD,OK,5,6.829083,0.359816,5.279029,2.213442,100.000000,51,5,0.128844,1.000000,123,false,false,BLOCKED,max_is_to_oos_sharpe_degradation_pct=100.0% > 30%
"V1|atr_stop_mult=1.5,ema_fast=21,ema_slow=55,rsi_length=21",V1,"{""atr_stop_mult"": 1.5, ""ema_fast"": 21, ""ema_slow"": 55, ""rsi_length"": 21}",USDJPY,OK,5,2.210488,0.393381,3.988088,1.764401,100.000000,61,5,0.320963,1.000000,123,false,false,BLOCKED,max_is_to_oos_sharpe_degradation_pct=100.0% > 30%
"V1|atr_stop_mult=1.5,ema_fast=21,ema_slow=89,rsi_length=10",V1,"{""atr_stop_mult"": 1.5, ""ema_fast"": 21, ""ema_slow"": 89, ""rsi_length"": 10}",EURUSD,OK,5,1.240813,0.345865,1.318103,2.493087,539.277530,109,17,0.504697,1.000000,123,false,false,BLOCKED,median_oos_pf=1.241 < 1.30; max_is_to_oos_sharpe_degradation_pct=539.3% > 30%
"V1|atr_stop_mult=1.5,ema_fast=21,ema_slow=89,rsi_length=10",V1,"{""atr_stop_mult"": 1.5, ""ema_fast"": 21, ""ema_slow"": 89, ""rsi_length"": 10}",GBPUSD,OK,5,0.875035,0.740720,-0.829537,2.242308,666.295190,90,13,0.475638,1.000000,123,false,false,BLOCKED,median_oos_pf=0.875 < 1.30; median_oos_sharpe=-0.830 < 0.70; folds_with_oos_pf>1=1 < 3; max_is_to_oos_sharpe_degradation_pct=666.3% > 30%
"V1|atr_stop_mult=1.5,ema_fast=21,ema_slow=89,rsi_length=10",V1,"{""atr_stop_mult"": 1.5, ""ema_fast"": 21, ""ema_slow"": 89, ""rsi_length"": 10}",XAUUSD,OK,5,1.770580,0.957045,2.760270,2.942040,100.000000,98,17,0.024049,1.000000,123,true,false,BLOCKED,max_is_to_oos_sharpe_degradation_pct=100.0% > 30%
"V1|atr_stop_mult=1.5,ema_fast=21,ema_slow=89,rsi_length=10",V1,"{""atr_stop_mult"": 1.5, ""ema_fast"": 21, ""ema_slow"": 89, ""rsi_length"": 10}",USDJPY,OK,5,1.283868,0.165744,1.190574,4.542685,1091.628505,99,13,0.621138,1.000000,123,false,false,BLOCKED,median_oos_pf=1.284 < 1.30; max_is_to_oos_sharpe_degradation_pct=1091.6% > 30%
"V1|atr_stop_mult=1.5,ema_fast=21,ema_slow=89,rsi_length=14",V1,"{""atr_stop_mult"": 1.5, ""ema_fast"": 21, ""ema_slow"": 89, ""rsi_length"": 14}",EURUSD,OK,5,0.924377,0.451585,-0.392026,2.069204,326.277247,96,15,0.697753,1.000000,123,false,false,BLOCKED,median_oos_pf=0.924 < 1.30; median_oos_sharpe=-0.392 < 0.70; folds_with_oos_pf>1=1 < 3; max_is_to_oos_sharpe_degradation_pct=326.3% > 30%
"V1|atr_stop_mult=1.5,ema_fast=21,ema_slow=89,rsi_length=14",V1,"{""atr_stop_mult"": 1.5, ""ema_fast"": 21, ""ema_slow"": 89, ""rsi_length"": 14}",GBPUSD,OK,5,1.225774,0.615562,1.170247,1.964587,100.000000,79,10,0.386472,1.000000,123,false,false,BLOCKED,median_oos_pf=1.226 < 1.30; max_is_to_oos_sharpe_degradation_pct=100.0% > 30%
"V1|atr_stop_mult=1.5,ema_fast=21,ema_slow=89,rsi_length=14",V1,"{""atr_stop_mult"": 1.5, ""ema_fast"": 21, ""ema_slow"": 89, ""rsi_length"": 14}",XAUUSD,OK,5,2.327127,0.462533,4.282709,3.012998,100.000000,87,13,0.138152,1.000000,123,false,false,BLOCKED,max_is_to_oos_sharpe_degradation_pct=100.0% > 30%
"V1|atr_stop_mult=1.5,ema_fast=21,ema_slow=89,rsi_length=14",V1,"{""atr_stop_mult"": 1.5, ""ema_fast"": 21, ""ema_slow"": 89, ""rsi_length"": 14}",USDJPY,OK,5,1.101017,0.245986,0.495141,3.146446,1212.880851,81,9,0.496338,1.000000,123,false,false,BLOCKED,median_oos_pf=1.101 < 1.30; median_oos_sharpe=0.495 < 0.70; max_is_to_oos_sharpe_degradation_pct=1212.9% > 30%
"V1|atr_stop_mult=1.5,ema_fast=21,ema_slow=89,rsi_length=21",V1,"{""atr_stop_mult"": 1.5, ""ema_fast"": 21, ""ema_slow"": 89, ""rsi_length"": 21}",EURUSD,OK,5,1.879446,0.437588,3.407112,1.749573,437.346872,66,7,0.338698,1.000000,123,false,false,BLOCKED,max_is_to_oos_sharpe_degradation_pct=437.3% > 30%
"V1|atr_stop_mult=1.5,ema_fast=21,ema_slow=89,rsi_length=21",V1,"{""atr_stop_mult"": 1.5, ""ema_fast"": 21, ""ema_slow"": 89, ""rsi_length"": 21}",GBPUSD,OK,5,1.295054,0.278139,1.571233,2.980343,1042.531080,58,6,0.721582,1.000000,123,false,false,BLOCKED,median_oos_pf=1.295 < 1.30; max_is_to_oos_sharpe_degradation_pct=1042.5% > 30%
"V1|atr_stop_mult=1.5,ema_fast=21,ema_slow=89,rsi_length=21",V1,"{""atr_stop_mult"": 1.5, ""ema_fast"": 21, ""ema_slow"": 89, ""rsi_length"": 21}",XAUUSD,OK,5,6.829083,0.359726,5.279029,2.954820,100.000000,57,5,0.131815,1.000000,123,false,false,BLOCKED,max_is_to_oos_sharpe_degradation_pct=100.0% > 30%
"V1|atr_stop_mult=1.5,ema_fast=21,ema_slow=89,rsi_length=21",V1,"{""atr_stop_mult"": 1.5, ""ema_fast"": 21, ""ema_slow"": 89, ""rsi_length"": 21}",USDJPY,OK,5,2.615314,0.398711,3.988088,2.270794,100.000000,65,5,0.192943,1.000000,123,false,false,BLOCKED,max_is_to_oos_sharpe_degradation_pct=100.0% > 30%
"V1|atr_stop_mult=2.5,ema_fast=13,ema_slow=34,rsi_length=10",V1,"{""atr_stop_mult"": 2.5, ""ema_fast"": 13, ""ema_slow"": 34, ""rsi_length"": 10}",EURUSD,OK,5,0.879376,0.568084,-0.763957,1.492129,514.739471,93,11,0.567332,1.000000,123,false,false,BLOCKED,median_oos_pf=0.879 < 1.30; median_oos_sharpe=-0.764 < 0.70; folds_with_oos_pf>1=2 < 3; max_is_to_oos_sharpe_degradation_pct=514.7% > 30%
"V1|atr_stop_mult=2.5,ema_fast=13,ema_slow=34,rsi_length=10",V1,"{""atr_stop_mult"": 2.5, ""ema_fast"": 13, ""ema_slow"": 34, ""rsi_length"": 10}",GBPUSD,OK,5,1.390561,0.662150,2.056427,1.061237,615.084215,73,11,0.243871,1.000000,123,false,false,BLOCKED,max_is_to_oos_sharpe_degradation_pct=615.1% > 30%
"V1|atr_stop_mult=2.5,ema_fast=13,ema_slow=34,rsi_length=10",V1,"{""atr_stop_mult"": 2.5, ""ema_fast"": 13, ""ema_slow"": 34, ""rsi_length"": 10}",XAUUSD,OK,5,1.280054,1.046760,1.158053,1.502788,100.000000,78,10,0.061013,1.000000,123,false,false,BLOCKED,median_oos_pf=1.280 < 1.30; max_is_to_oos_sharpe_degradation_pct=100.0% > 30%
"V1|atr_stop_mult=2.5,ema_fast=13,ema_slow=34,rsi_length=10",V1,"{""atr_stop_mult"": 2.5, ""ema_fast"": 13, ""ema_slow"": 34, ""rsi_length"": 10}",USDJPY,OK,5,1.144978,0.279137,0.585219,1.670723,572.998690,84,10,0.621633,1.000000,123,false,false,BLOCKED,median_oos_pf=1.145 < 1.30; median_oos_sharpe=0.585 < 0.70; max_is_to_oos_sharpe_degradation_pct=573.0% > 30%
"V1|atr_stop_mult=2.5,ema_fast=13,ema_slow=34,rsi_length=14",V1,"{""atr_stop_mult"": 2.5, ""ema_fast"": 13, ""ema_slow"": 34, ""rsi_length"": 14}",EURUSD,OK,5,0.953228,0.917216,-0.262181,1.213009,152.014751,79,10,0.408839,1.000000,123,false,false,BLOCKED,median_oos_pf=0.953 < 1.30; median_oos_sharpe=-0.262 < 0.70; folds_with_oos_pf>1=2 < 3; max_is_to_oos_sharpe_degradation_pct=152.0% > 30%
"V1|atr_stop_mult=2.5,ema_fast=13,ema_slow=34,rsi_length=14",V1,"{""atr_stop_mult"": 2.5, ""ema_fast"": 13, ""ema_slow"": 34, ""rsi_length"": 14}",GBPUSD,OK,5,0.813119,0.566865,-1.291976,1.089845,3930.859991,61,5,0.292508,1.000000,123,false,false,BLOCKED,median_oos_pf=0.813 < 1.30; median_oos_sharpe=-1.292 < 0.70; folds_with_oos_pf>1=2 < 3; max_is_to_oos_sharpe_degradation_pct=3930.9% > 30%
"V1|atr_stop_mult=2.5,ema_fast=13,ema_slow=34,rsi_length=14",V1,"{""atr_stop_mult"": 2.5, ""ema_fast"": 13, ""ema_slow"": 34, ""rsi_length"": 14}",XAUUSD,OK,5,1.083112,0.206178,0.381097,1.674694,100.000000,62,9,0.580621,1.000000,123,false,false,BLOCKED,median_oos_pf=1.083 < 1.30; median_oos_sharpe=0.381 < 0.70; max_is_to_oos_sharpe_degradation_pct=100.0% > 30%
"V1|atr_stop_mult=2.5,ema_fast=13,ema_slow=34,rsi_length=14",V1,"{""atr_stop_mult"": 2.5, ""ema_fast"": 13, ""ema_slow"": 34, ""rsi_length"": 14}",USDJPY,OK,5,0.856280,0.522575,-1.060636,1.009147,477.932653,59,6,0.586392,1.000000,123,false,false,BLOCKED,median_oos_pf=0.856 < 1.30; median_oos_sharpe=-1.061 < 0.70; folds_with_oos_pf>1=2 < 3; max_is_to_oos_sharpe_degradation_pct=477.9% > 30%
"V1|atr_stop_mult=2.5,ema_fast=13,ema_slow=34,rsi_length=21",V1,"{""atr_stop_mult"": 2.5, ""ema_fast"": 13, ""ema_slow"": 34, ""rsi_length"": 21}",EURUSD,OK,5,0.707514,0.146193,-1.958857,0.747088,1043.853380,44,4,0.777832,1.000000,123,false,false,BLOCKED,min_fold_oos_trades=4 < 5; median_oos_pf=0.708 < 1.30; median_oos_sharpe=-1.959 < 0.70; folds_with_oos_pf>1=2 < 3; max_is_to_oos_sharpe_degradation_pct=1043.9% > 30%
"V1|atr_stop_mult=2.5,ema_fast=13,ema_slow=34,rsi_length=21",V1,"{""atr_stop_mult"": 2.5, ""ema_fast"": 13, ""ema_slow"": 34, ""rsi_length"": 21}",GBPUSD,OK,5,0.478070,0.095080,-5.392317,1.001015,1514.220255,38,5,0.765733,1.000000,123,false,false,BLOCKED,total_oos_trades=38 < 40; median_oos_pf=0.478 < 1.30; median_oos_sharpe=-5.392 < 0.70; folds_with_oos_pf>1=2 < 3; max_is_to_oos_sharpe_degradation_pct=1514.2% > 30%
"V1|atr_stop_mult=2.5,ema_fast=13,ema_slow=34,rsi_length=21",V1,"{""atr_stop_mult"": 2.5, ""ema_fast"": 13, ""ema_slow"": 34, ""rsi_length"": 21}",XAUUSD,OK,5,3.294371,0.638182,5.896194,0.482504,100.000000,29,3,0.044695,1.000000,123,true,false,BLOCKED,min_fold_oos_trades=3 < 5; total_oos_trades=29 < 40; max_is_to_oos_sharpe_degradation_pct=100.0% > 30%
"V1|atr_stop_mult=2.5,ema_fast=13,ema_slow=34,rsi_length=21",V1,"{""atr_stop_mult"": 2.5, ""ema_fast"": 13, ""ema_slow"": 34, ""rsi_length"": 21}",USDJPY,OK,5,2.250761,0.411983,3.665193,0.755982,681.691035,46,2,0.177361,1.000000,123,false,false,BLOCKED,min_fold_oos_trades=2 < 5; max_is_to_oos_sharpe_degradation_pct=681.7% > 30%
"V1|atr_stop_mult=2.5,ema_fast=13,ema_slow=55,rsi_length=10",V1,"{""atr_stop_mult"": 2.5, ""ema_fast"": 13, ""ema_slow"": 55, ""rsi_length"": 10}",EURUSD,OK,5,0.792571,0.613329,-1.451210,1.435515,471.775832,101,16,0.687675,1.000000,123,false,false,BLOCKED,median_oos_pf=0.793 < 1.30; median_oos_sharpe=-1.451 < 0.70; folds_with_oos_pf>1=2 < 3; max_is_to_oos_sharpe_degradation_pct=471.8% > 30%
"V1|atr_stop_mult=2.5,ema_fast=13,ema_slow=55,rsi_length=10",V1,"{""atr_stop_mult"": 2.5, ""ema_fast"": 13, ""ema_slow"": 55, ""rsi_length"": 10}",GBPUSD,OK,5,1.010594,0.768928,0.085219,1.353355,477.852462,84,13,0.321601,1.000000,123,false,false,BLOCKED,median_oos_pf=1.011 < 1.30; median_oos_sharpe=0.085 < 0.70; max_is_to_oos_sharpe_degradation_pct=477.9% > 30%
"V1|atr_stop_mult=2.5,ema_fast=13,ema_slow=55,rsi_length=10",V1,"{""atr_stop_mult"": 2.5, ""ema_fast"": 13, ""ema_slow"": 55, ""rsi_length"": 10}",XAUUSD,OK,5,1.578075,0.875699,2.204520,2.109261,100.000000,92,13,0.050611,1.000000,123,false,false,BLOCKED,max_is_to_oos_sharpe_degradation_pct=100.0% > 30%
"V1|atr_stop_mult=2.5,ema_fast=13,ema_slow=55,rsi_length=10",V1,"{""atr_stop_mult"": 2.5, ""ema_fast"": 13, ""ema_slow"": 55, ""rsi_length"": 10}",USDJPY,OK,5,1.082357,0.364041,0.352528,1.670723,450.202340,95,13,0.559745,1.000000,123,false,false,BLOCKED,median_oos_pf=1.082 < 1.30; median_oos_sharpe=0.353 < 0.70; max_is_to_oos_sharpe_degradation_pct=450.2% > 30%
"V1|atr_stop_mult=2.5,ema_fast=13,ema_slow=55,rsi_length=14",V1,"{""atr_stop_mult"": 2.5, ""ema_fast"": 13, ""ema_slow"": 55, ""rsi_length"": 14}",EURUSD,OK,5,1.016609,0.840988,0.111972,1.213009,189.703377,85,14,0.344997,1.000000,123,false,false,BLOCKED,median_oos_pf=1.017 < 1.30; median_oos_sharpe=0.112 < 0.70; max_is_to_oos_sharpe_degradation_pct=189.7% > 30%
"V1|atr_stop_mult=2.5,ema_fast=13,ema_slow=55,rsi_length=14",V1,"{""atr_stop_mult"": 2.5, ""ema_fast"": 13, ""ema_slow"": 55, ""rsi_length"": 14}",GBPUSD,OK,5,1.250216,0.442235,1.314042,1.448804,626.221499,71,8,0.379581,1.000000,123,false,false,BLOCKED,median_oos_pf=1.250 < 1.30; max_is_to_oos_sharpe_degradation_pct=626.2% > 30%
"V1|atr_stop_mult=2.5,ema_fast=13,ema_slow=55,rsi_length=14",V1,"{""atr_stop_mult"": 2.5, ""ema_fast"": 13, ""ema_slow"": 55, ""rsi_length"": 14}",XAUUSD,OK,5,1.379498,0.260559,1.553137,2.439417,100.000000,74,11,0.436517,1.000000,123,false,false,BLOCKED,max_is_to_oos_sharpe_degradation_pct=100.0% > 30%
"V1|atr_stop_mult=2.5,ema_fast=13,ema_slow=55,rsi_length=14",V1,"{""atr_stop_mult"": 2.5, ""ema_fast"": 13, ""ema_slow"": 55, ""rsi_length"": 14}",USDJPY,OK,5,0.659576,0.532532,-2.528700,1.127656,345.096822,70,9,0.495355,1.000000,123,false,false,BLOCKED,median_oos_pf=0.660 < 1.30; median_oos_sharpe=-2.529 < 0.70; folds_with_oos_pf>1=2 < 3; max_is_to_oos_sharpe_degradation_pct=345.1% > 30%
"V1|atr_stop_mult=2.5,ema_fast=13,ema_slow=55,rsi_length=21",V1,"{""atr_stop_mult"": 2.5, ""ema_fast"": 13, ""ema_slow"": 55, ""rsi_length"": 21}",EURUSD,OK,5,0.875201,0.433288,-0.678652,1.043807,3278.233008,53,7,0.660892,1.000000,123,false,false,BLOCKED,median_oos_pf=0.875 < 1.30; median_oos_sharpe=-0.679 < 0.70; folds_with_oos_pf>1=2 < 3; max_is_to_oos_sharpe_degradation_pct=3278.2% > 30%
"V1|atr_stop_mult=2.5,ema_fast=13,ema_slow=55,rsi_length=21",V1,"{""atr_stop_mult"": 2.5, ""ema_fast"": 13, ""ema_slow"": 55, ""rsi_length"": 21}",GBPUSD,OK,5,0.896619,0.299193,-0.648863,1.455734,623.168932,52,7,0.692536,1.000000,123,false,false,BLOCKED,median_oos_pf=0.897 < 1.30; median_oos_sharpe=-0.649 < 0.70; folds_with_oos_pf>1=2 < 3; max_is_to_oos_sharpe_degradation_pct=623.2% > 30%
"V1|atr_stop_mult=2.5,ema_fast=13,ema_slow=55,rsi_length=21",V1,"{""atr_stop_mult"": 2.5, ""ema_fast"": 13, ""ema_slow"": 55, ""rsi_length"": 21}",XAUUSD,OK,5,3.924418,0.548914,5.982527,1.043398,100.000000,45,4,0.123152,1.000000,123,false,false,BLOCKED,min_fold_oos_trades=4 < 5; max_is_to_oos_sharpe_degradation_pct=100.0% > 30%
"V1|atr_stop_mult=2.5,ema_fast=13,ema_slow=55,rsi_length=21",V1,"{""atr_stop_mult"": 2.5, ""ema_fast"": 13, ""ema_slow"": 55, ""rsi_length"": 21}",USDJPY,OK,5,1.296623,0.381864,1.773593,0.842885,752.199552,57,5,0.255258,1.000000,123,false,false,BLOCKED,median_oos_pf=1.297 < 1.30; max_is_to_oos_sharpe_degradation_pct=752.2% > 30%
"V1|atr_stop_mult=2.5,ema_fast=13,ema_slow=89,rsi_length=10",V1,"{""atr_stop_mult"": 2.5, ""ema_fast"": 13, ""ema_slow"": 89, ""rsi_length"": 10}",EURUSD,OK,5,0.705519,0.518674,-2.215364,1.896205,574.196427,114,17,0.777512,1.000000,123,false,false,BLOCKED,median_oos_pf=0.706 < 1.30; median_oos_sharpe=-2.215 < 0.70; folds_with_oos_pf>1=2 < 3; max_is_to_oos_sharpe_degradation_pct=574.2% > 30%
"V1|atr_stop_mult=2.5,ema_fast=13,ema_slow=89,rsi_length=10",V1,"{""atr_stop_mult"": 2.5, ""ema_fast"": 13, ""ema_slow"": 89, ""rsi_length"": 10}",GBPUSD,OK,5,1.093536,0.519947,0.566949,1.448409,683.497904,92,13,0.549640,1.000000,123,false,false,BLOCKED,median_oos_pf=1.094 < 1.30; median_oos_sharpe=0.567 < 0.70; max_is_to_oos_sharpe_degradation_pct=683.5% > 30%
"V1|atr_stop_mult=2.5,ema_fast=13,ema_slow=89,rsi_length=10",V1,"{""atr_stop_mult"": 2.5, ""ema_fast"": 13, ""ema_slow"": 89, ""rsi_length"": 10}",XAUUSD,OK,5,1.751773,0.913604,2.815901,2.009857,100.000000,100,16,0.025200,1.000000,123,true,false,BLOCKED,max_is_to_oos_sharpe_degradation_pct=100.0% > 30%
"V1|atr_stop_mult=2.5,ema_fast=13,ema_slow=89,rsi_length=10",V1,"{""atr_stop_mult"": 2.5, ""ema_fast"": 13, ""ema_slow"": 89, ""rsi_length"": 10}",USDJPY,OK,5,1.496840,0.257411,1.721703,2.440411,586.522557,103,13,0.484612,1.000000,123,false,false,BLOCKED,max_is_to_oos_sharpe_degradation_pct=586.5% > 30%
"V1|atr_stop_mult=2.5,ema_fast=13,ema_slow=89,rsi_length=14",V1,"{""atr_stop_mult"": 2.5, ""ema_fast"": 13, ""ema_slow"": 89, ""rsi_length"": 14}",EURUSD,OK,5,0.944637,0.659119,-0.303507,1.300275,302.724875,97,15,0.668045,1.000000,123,false,false,BLOCKED,median_oos_pf=0.945 < 1.30; median_oos_sharpe=-0.304 < 0.70; folds_with_oos_pf>1=1 < 3; max_is_to_oos_sharpe_degradation_pct=302.7% > 30%
"V1|atr_stop_mult=2.5,ema_fast=13,ema_slow=89,rsi_length=14",V1,"{""atr_stop_mult"": 2.5, ""ema_fast"": 13, ""ema_slow"": 89, ""rsi_length"": 14}",GBPUSD,OK,5,1.036486,0.368325,0.226835,1.873024,2985.889751,78,10,0.576271,1.000000,123,false,false,BLOCKED,median_oos_pf=1.036 < 1.30; median_oos_sharpe=0.227 < 0.70; max_is_to_oos_sharpe_degradation_pct=2985.9% > 30%
"V1|atr_stop_mult=2.5,ema_fast=13,ema_slow=89,rsi_length=14",V1,"{""atr_stop_mult"": 2.5, ""ema_fast"": 13, ""ema_slow"": 89, ""rsi_length"": 14}",XAUUSD,OK,5,2.294000,0.269926,3.986285,2.340348,100.000000,83,13,0.328878,1.000000,123,false,false,BLOCKED,max_is_to_oos_sharpe_degradation_pct=100.0% > 30%
"V1|atr_stop_mult=2.5,ema_fast=13,ema_slow=89,rsi_length=14",V1,"{""atr_stop_mult"": 2.5, ""ema_fast"": 13, ""ema_slow"": 89, ""rsi_length"": 14}",USDJPY,OK,5,1.235391,0.393264,0.959340,1.517430,596.524184,78,9,0.319823,1.000000,123,false,false,BLOCKED,median_oos_pf=1.235 < 1.30; max_is_to_oos_sharpe_degradation_pct=596.5% > 30%
"V1|atr_stop_mult=2.5,ema_fast=13,ema_slow=89,rsi_length=21",V1,"{""atr_stop_mult"": 2.5, ""ema_fast"": 13, ""ema_slow"": 89, ""rsi_length"": 21}",EURUSD,OK,5,0.480944,0.297163,-3.844248,1.480752,1637.657281,64,7,0.731346,1.000000,123,false,false,BLOCKED,median_oos_pf=0.481 < 1.30; median_oos_sharpe=-3.844 < 0.70; folds_with_oos_pf>1=2 < 3; max_is_to_oos_sharpe_degradation_pct=1637.7% > 30%
"V1|atr_stop_mult=2.5,ema_fast=13,ema_slow=89,rsi_length=21",V1,"{""atr_stop_mult"": 2.5, ""ema_fast"": 13, ""ema_slow"": 89, ""rsi_length"": 21}",GBPUSD,OK,5,0.698476,0.260589,-2.170461,1.761769,597.565518,55,6,0.755562,1.000000,123,false,false,BLOCKED,median_oos_pf=0.698 < 1.30; median_oos_sharpe=-2.170 < 0.70; folds_with_oos_pf>1=2 < 3; max_is_to_oos_sharpe_degradation_pct=597.6% > 30%
"V1|atr_stop_mult=2.5,ema_fast=13,ema_slow=89,rsi_length=21",V1,"{""atr_stop_mult"": 2.5, ""ema_fast"": 13, ""ema_slow"": 89, ""rsi_length"": 21}",XAUUSD,OK,5,7.513569,0.570362,5.982527,1.679395,100.000000,52,5,0.092446,1.000000,123,false,false,BLOCKED,max_is_to_oos_sharpe_degradation_pct=100.0% > 30%
"V1|atr_stop_mult=2.5,ema_fast=13,ema_slow=89,rsi_length=21",V1,"{""atr_stop_mult"": 2.5, ""ema_fast"": 13, ""ema_slow"": 89, ""rsi_length"": 21}",USDJPY,OK,5,1.713631,0.607415,3.249710,1.140783,617.205981,65,5,0.150027,1.000000,123,false,false,BLOCKED,max_is_to_oos_sharpe_degradation_pct=617.2% > 30%
"V1|atr_stop_mult=2.5,ema_fast=21,ema_slow=34,rsi_length=10",V1,"{""atr_stop_mult"": 2.5, ""ema_fast"": 21, ""ema_slow"": 34, ""rsi_length"": 10}",EURUSD,OK,5,1.187245,0.451692,1.028344,1.136078,749.382167,92,14,0.342124,1.000000,123,false,false,BLOCKED,median_oos_pf=1.187 < 1.30; max_is_to_oos_sharpe_degradation_pct=749.4% > 30%
"V1|atr_stop_mult=2.5,ema_fast=21,ema_slow=34,rsi_length=10",V1,"{""atr_stop_mult"": 2.5, ""ema_fast"": 21, ""ema_slow"": 34, ""rsi_length"": 10}",GBPUSD,OK,5,1.114049,0.838632,0.622490,1.291388,100.000000,74,12,0.154446,1.000000,123,false,false,BLOCKED,median_oos_pf=1.114 < 1.30; median_oos_sharpe=0.622 < 0.70; max_is_to_oos_sharpe_degradation_pct=100.0% > 30%
"V1|atr_stop_mult=2.5,ema_fast=21,ema_slow=34,rsi_length=10",V1,"{""atr_stop_mult"": 2.5, ""ema_fast"": 21, ""ema_slow"": 34, ""rsi_length"": 10}",XAUUSD,OK,5,1.462317,1.037467,2.095096,1.355971,100.000000,77,10,0.036014,1.000000,123,true,false,BLOCKED,max_is_to_oos_sharpe_degradation_pct=100.0% > 30%
"V1|atr_stop_mult=2.5,ema_fast=21,ema_slow=34,rsi_length=10",V1,"{""atr_stop_mult"": 2.5, ""ema_fast"": 21, ""ema_slow"": 34, ""rsi_length"": 10}",USDJPY,OK,5,1.388623,0.196593,1.335964,2.283245,1242.579361,84,13,0.680608,1.000000,123,false,false,BLOCKED,max_is_to_oos_sharpe_degradation_pct=1242.6% > 30%
"V1|atr_stop_mult=2.5,ema_fast=21,ema_slow=34,rsi_length=14",V1,"{""atr_stop_mult"": 2.5, ""ema_fast"": 21, ""ema_slow"": 34, ""rsi_length"": 14}",EURUSD,OK,5,1.067974,0.592042,0.382469,1.301710,325.604026,79,12,0.516520,1.000000,123,false,false,BLOCKED,median_oos_pf=1.068 < 1.30; median_oos_sharpe=0.382 < 0.70; max_is_to_oos_sharpe_degradation_pct=325.6% > 30%
"V1|atr_stop_mult=2.5,ema_fast=21,ema_slow=34,rsi_length=14",V1,"{""atr_stop_mult"": 2.5, ""ema_fast"": 21, ""ema_slow"": 34, ""rsi_length"": 14}",GBPUSD,OK,5,1.195168,0.697193,1.019642,1.115430,100.000000,66,5,0.144367,1.000000,123,false,false,BLOCKED,median_oos_pf=1.195 < 1.30; max_is_to_oos_sharpe_degradation_pct=100.0% > 30%
"V1|atr_stop_mult=2.5,ema_fast=21,ema_slow=34,rsi_length=14",V1,"{""atr_stop_mult"": 2.5, ""ema_fast"": 21, ""ema_slow"": 34, ""rsi_length"": 14}",XAUUSD,OK,5,1.533123,0.551199,2.265407,1.243019,100.000000,67,10,0.137444,1.000000,123,false,false,BLOCKED,max_is_to_oos_sharpe_degradation_pct=100.0% > 30%
"V1|atr_stop_mult=2.5,ema_fast=21,ema_slow=34,rsi_length=14",V1,"{""atr_stop_mult"": 2.5, ""ema_fast"": 21, ""ema_slow"": 34, ""rsi_length"": 14}",USDJPY,OK,5,1.232001,0.313583,1.310032,1.408337,1417.637695,66,9,0.483926,1.000000,123,false,false,BLOCKED,median_oos_pf=1.232 < 1.30; max_is_to_oos_sharpe_degradation_pct=1417.6% > 30%
"V1|atr_stop_mult=2.5,ema_fast=21,ema_slow=34,rsi_length=21",V1,"{""atr_stop_mult"": 2.5, ""ema_fast"": 21, ""ema_slow"": 34, ""rsi_length"": 21}",EURUSD,OK,5,1.104799,0.711558,0.524570,1.011275,1088.312251,51,7,0.183580,1.000000,123,false,false,BLOCKED,median_oos_pf=1.105 < 1.30; median_oos_sharpe=0.525 < 0.70; max_is_to_oos_sharpe_degradation_pct=1088.3% > 30%
"V1|atr_stop_mult=2.5,ema_fast=21,ema_slow=34,rsi_length=21",V1,"{""atr_stop_mult"": 2.5, ""ema_fast"": 21, ""ema_slow"": 34, ""rsi_length"": 21}",GBPUSD,OK,5,1.153545,0.327989,0.754662,1.334594,5013.453554,44,6,0.579997,1.000000,123,false,false,BLOCKED,median_oos_pf=1.154 < 1.30; max_is_to_oos_sharpe_degradation_pct=5013.5% > 30%
"V1|atr_stop_mult=2.5,ema_fast=21,ema_slow=34,rsi_length=21",V1,"{""atr_stop_mult"": 2.5, ""ema_fast"": 21, ""ema_slow"": 34, ""rsi_length"": 21}",XAUUSD,OK,5,4.818719,0.422273,7.827026,0.579661,100.000000,37,4,0.071678,1.000000,123,false,false,BLOCKED,min_fold_oos_trades=4 < 5; total_oos_trades=37 < 40; max_is_to_oos_sharpe_degradation_pct=100.0% > 30%
"V1|atr_stop_mult=2.5,ema_fast=21,ema_slow=34,rsi_length=21",V1,"{""atr_stop_mult"": 2.5, ""ema_fast"": 21, ""ema_slow"": 34, ""rsi_length"": 21}",USDJPY,OK,5,2.603302,0.525832,2.750709,0.948211,100.000000,52,5,0.184442,1.000000,123,false,false,BLOCKED,max_is_to_oos_sharpe_degradation_pct=100.0% > 30%
"V1|atr_stop_mult=2.5,ema_fast=21,ema_slow=55,rsi_length=10",V1,"{""atr_stop_mult"": 2.5, ""ema_fast"": 21, ""ema_slow"": 55, ""rsi_length"": 10}",EURUSD,OK,5,1.433468,0.362859,2.166177,1.400975,552.006247,105,17,0.398154,1.000000,123,false,false,BLOCKED,max_is_to_oos_sharpe_degradation_pct=552.0% > 30%
"V1|atr_stop_mult=2.5,ema_fast=21,ema_slow=55,rsi_length=10",V1,"{""atr_stop_mult"": 2.5, ""ema_fast"": 21, ""ema_slow"": 55, ""rsi_length"": 10}",GBPUSD,OK,5,0.958414,0.702087,-0.214092,1.582826,765.114267,85,13,0.298342,1.000000,123,false,false,BLOCKED,median_oos_pf=0.958 < 1.30; median_oos_sharpe=-0.214 < 0.70; folds_with_oos_pf>1=2 < 3; max_is_to_oos_sharpe_degradation_pct=765.1% > 30%
"V1|atr_stop_mult=2.5,ema_fast=21,ema_slow=55,rsi_length=10",V1,"{""atr_stop_mult"": 2.5, ""ema_fast"": 21, ""ema_slow"": 55, ""rsi_length"": 10}",XAUUSD,OK,5,1.530191,0.781625,2.333307,2.232256,100.000000,91,13,0.058857,1.000000,123,false,false,BLOCKED,max_is_to_oos_sharpe_degradation_pct=100.0% > 30%
"V1|atr_stop_mult=2.5,ema_fast=21,ema_slow=55,rsi_length=10",V1,"{""atr_stop_mult"": 2.5, ""ema_fast"": 21, ""ema_slow"": 55, ""rsi_length"": 10}",USDJPY,OK,5,1.028742,0.178996,0.152931,2.522249,1586.177415,93,13,0.695852,1.000000,123,false,false,BLOCKED,median_oos_pf=1.029 < 1.30; median_oos_sharpe=0.153 < 0.70; max_is_to_oos_sharpe_degradation_pct=1586.2% > 30%
"V1|atr_stop_mult=2.5,ema_fast=21,ema_slow=55,rsi_length=14",V1,"{""atr_stop_mult"": 2.5, ""ema_fast"": 21, ""ema_slow"": 55, ""rsi_length"": 14}",EURUSD,OK,5,1.018671,0.458589,0.130403,1.301710,330.548219,92,15,0.533965,1.000000,123,false,false,BLOCKED,median_oos_pf=1.019 < 1.30; median_oos_sharpe=0.130 < 0.70; max_is_to_oos_sharpe_degradation_pct=330.5% > 30%
"V1|atr_stop_mult=2.5,ema_fast=21,ema_slow=55,rsi_length=14",V1,"{""atr_stop_mult"": 2.5, ""ema_fast"": 21, ""ema_slow"": 55, ""rsi_length"": 14}",GBPUSD,OK,5,1.353831,0.598571,1.725689,1.131790,3503.175297,76,10,0.342523,1.000000,123,false,false,BLOCKED,max_is_to_oos_sharpe_degradation_pct=3503.2% > 30%
"V1|atr_stop_mult=2.5,ema_fast=21,ema_slow=55,rsi_length=14",V1,"{""atr_stop_mult"": 2.5, ""ema_fast"": 21, ""ema_slow"": 55, ""rsi_length"": 14}",XAUUSD,OK,5,2.241224,0.426587,4.102091,2.126622,100.000000,80,13,0.186016,1.000000,123,false,false,BLOCKED,max_is_to_oos_sharpe_degradation_pct=100.0% > 30%
"V1|atr_stop_mult=2.5,ema_fast=21,ema_slow=55,rsi_length=14",V1,"{""atr_stop_mult"": 2.5, ""ema_fast"": 21, ""ema_slow"": 55, ""rsi_length"": 14}",USDJPY,OK,5,0.905843,0.275933,-0.594849,1.649481,1962.382036,75,9,0.556812,1.000000,123,false,false,BLOCKED,median_oos_pf=0.906 < 1.30; median_oos_sharpe=-0.595 < 0.70; folds_with_oos_pf>1=2 < 3; max_is_to_oos_sharpe_degradation_pct=1962.4% > 30%
"V1|atr_stop_mult=2.5,ema_fast=21,ema_slow=55,rsi_length=21",V1,"{""atr_stop_mult"": 2.5, ""ema_fast"": 21, ""ema_slow"": 55, ""rsi_length"": 21}",EURUSD,OK,5,1.722656,0.512312,2.918152,1.011275,352.851894,62,7,0.260902,1.000000,123,false,false,BLOCKED,max_is_to_oos_sharpe_degradation_pct=352.9% > 30%
"V1|atr_stop_mult=2.5,ema_fast=21,ema_slow=55,rsi_length=21",V1,"{""atr_stop_mult"": 2.5, ""ema_fast"": 21, ""ema_slow"": 55, ""rsi_length"": 21}",GBPUSD,OK,5,1.153545,0.291188,0.754662,1.584399,984.016153,55,7,0.733687,1.000000,123,false,false,BLOCKED,median_oos_pf=1.154 < 1.30; max_is_to_oos_sharpe_degradation_pct=984.0% > 30%
"V1|atr_stop_mult=2.5,ema_fast=21,ema_slow=55,rsi_length=21",V1,"{""atr_stop_mult"": 2.5, ""ema_fast"": 21, ""ema_slow"": 55, ""rsi_length"": 21}",XAUUSD,OK,5,6.108355,0.316958,5.137658,1.519930,100.000000,51,5,0.143067,1.000000,123,false,false,BLOCKED,max_is_to_oos_sharpe_degradation_pct=100.0% > 30%
"V1|atr_stop_mult=2.5,ema_fast=21,ema_slow=55,rsi_length=21",V1,"{""atr_stop_mult"": 2.5, ""ema_fast"": 21, ""ema_slow"": 55, ""rsi_length"": 21}",USDJPY,OK,5,2.200612,0.433646,4.440613,1.190481,100.000000,61,5,0.320025,1.000000,123,false,false,BLOCKED,max_is_to_oos_sharpe_degradation_pct=100.0% > 30%
"V1|atr_stop_mult=2.5,ema_fast=21,ema_slow=89,rsi_length=10",V1,"{""atr_stop_mult"": 2.5, ""ema_fast"": 21, ""ema_slow"": 89, ""rsi_length"": 10}",EURUSD,OK,5,1.195901,0.341947,1.090344,1.534076,647.091755,109,17,0.533113,1.000000,123,false,false,BLOCKED,median_oos_pf=1.196 < 1.30; max_is_to_oos_sharpe_degradation_pct=647.1% > 30%
"V1|atr_stop_mult=2.5,ema_fast=21,ema_slow=89,rsi_length=10",V1,"{""atr_stop_mult"": 2.5, ""ema_fast"": 21, ""ema_slow"": 89, ""rsi_length"": 10}",GBPUSD,OK,5,0.775552,0.715842,-1.427034,1.767918,726.080116,90,13,0.441877,1.000000,123,false,false,BLOCKED,median_oos_pf=0.776 < 1.30; median_oos_sharpe=-1.427 < 0.70; folds_with_oos_pf>1=2 < 3; max_is_to_oos_sharpe_degradation_pct=726.1% > 30%
"V1|atr_stop_mult=2.5,ema_fast=21,ema_slow=89,rsi_length=10",V1,"{""atr_stop_mult"": 2.5, ""ema_fast"": 21, ""ema_slow"": 89, ""rsi_length"": 10}",XAUUSD,OK,5,1.657086,0.867653,2.468059,1.875176,100.000000,98,17,0.035712,1.000000,123,true,false,BLOCKED,max_is_to_oos_sharpe_degradation_pct=100.0% > 30%
"V1|atr_stop_mult=2.5,ema_fast=21,ema_slow=89,rsi_length=10",V1,"{""atr_stop_mult"": 2.5, ""ema_fast"": 21, ""ema_slow"": 89, ""rsi_length"": 10}",USDJPY,OK,5,1.626988,0.150933,2.376302,3.018725,1530.586262,97,13,0.594822,1.000000,123,false,false,BLOCKED,max_is_to_oos_sharpe_degradation_pct=1530.6% > 30%
"V1|atr_stop_mult=2.5,ema_fast=21,ema_slow=89,rsi_length=14",V1,"{""atr_stop_mult"": 2.5, ""ema_fast"": 21, ""ema_slow"": 89, ""rsi_length"": 14}",EURUSD,OK,5,0.883261,0.435337,-0.652958,1.318798,358.488822,95,15,0.668890,1.000000,123,false,false,BLOCKED,median_oos_pf=0.883 < 1.30; median_oos_sharpe=-0.653 < 0.70; folds_with_oos_pf>1=2 < 3; max_is_to_oos_sharpe_degradation_pct=358.5% > 30%
"V1|atr_stop_mult=2.5,ema_fast=21,ema_slow=89,rsi_length=14",V1,"{""atr_stop_mult"": 2.5, ""ema_fast"": 21, ""ema_slow"": 89, ""rsi_length"": 14}",GBPUSD,OK,5,1.164379,0.662491,0.875461,1.333350,100.000000,79,10,0.368307,1.000000,123,false,false,BLOCKED,median_oos_pf=1.164 < 1.30; max_is_to_oos_sharpe_degradation_pct=100.0% > 30%
"V1|atr_stop_mult=2.5,ema_fast=21,ema_slow=89,rsi_length=14",V1,"{""atr_stop_mult"": 2.5, ""ema_fast"": 21, ""ema_slow"": 89, ""rsi_length"": 14}",XAUUSD,OK,5,2.095613,0.480619,3.831410,1.866439,100.000000,86,13,0.138409,1.000000,123,false,false,BLOCKED,max_is_to_oos_sharpe_degradation_pct=100.0% > 30%
"V1|atr_stop_mult=2.5,ema_fast=21,ema_slow=89,rsi_length=14",V1,"{""atr_stop_mult"": 2.5, ""ema_fast"": 21, ""ema_slow"": 89, ""rsi_length"": 14}",USDJPY,OK,5,1.515369,0.220853,1.906656,2.150403,2434.083339,80,9,0.424269,1.000000,123,false,false,BLOCKED,max_is_to_oos_sharpe_degradation_pct=2434.1% > 30%
"V1|atr_stop_mult=2.5,ema_fast=21,ema_slow=89,rsi_length=21",V1,"{""atr_stop_mult"": 2.5, ""ema_fast"": 21, ""ema_slow"": 89, ""rsi_length"": 21}",EURUSD,OK,5,1.722656,0.437031,2.918152,1.056493,467.412714,66,7,0.397498,1.000000,123,false,false,BLOCKED,max_is_to_oos_sharpe_degradation_pct=467.4% > 30%
"V1|atr_stop_mult=2.5,ema_fast=21,ema_slow=89,rsi_length=21",V1,"{""atr_stop_mult"": 2.5, ""ema_fast"": 21, ""ema_slow"": 89, ""rsi_length"": 21}",GBPUSD,OK,5,1.093998,0.239236,0.560157,2.170954,1139.583385,57,6,0.739255,1.000000,123,false,false,BLOCKED,median_oos_pf=1.094 < 1.30; median_oos_sharpe=0.560 < 0.70; max_is_to_oos_sharpe_degradation_pct=1139.6% > 30%
"V1|atr_stop_mult=2.5,ema_fast=21,ema_slow=89,rsi_length=21",V1,"{""atr_stop_mult"": 2.5, ""ema_fast"": 21, ""ema_slow"": 89, ""rsi_length"": 21}",XAUUSD,OK,5,6.108355,0.390130,5.137658,1.594868,100.000000,56,5,0.119089,1.000000,123,false,false,BLOCKED,max_is_to_oos_sharpe_degradation_pct=100.0% > 30%
"V1|atr_stop_mult=2.5,ema_fast=21,ema_slow=89,rsi_length=21",V1,"{""atr_stop_mult"": 2.5, ""ema_fast"": 21, ""ema_slow"": 89, ""rsi_length"": 21}",USDJPY,OK,5,2.601853,0.334927,4.440613,1.693740,100.000000,65,5,0.199899,1.000000,123,false,false,BLOCKED,max_is_to_oos_sharpe_degradation_pct=100.0% > 30%
"V2|atr_stop_mult=1.5,donchian_in=10,donchian_out=5",V2,"{""atr_stop_mult"": 1.5, ""donchian_in"": 10, ""donchian_out"": 5}",EURUSD,OK,5,0.087390,0.000000,-11.758244,3.555496,262260.725066,28,2,0.808473,1.000000,123,false,false,BLOCKED,min_fold_oos_trades=2 < 5; total_oos_trades=28 < 40; median_oos_pf=0.087 < 1.30; median_oos_sharpe=-11.758 < 0.70; folds_with_oos_pf>1=2 < 3; max_is_to_oos_sharpe_degradation_pct=262260.7% > 30%
"V2|atr_stop_mult=1.5,donchian_in=10,donchian_out=5",V2,"{""atr_stop_mult"": 1.5, ""donchian_in"": 10, ""donchian_out"": 5}",GBPUSD,OK,5,0.901524,0.517147,-0.595511,2.037652,100.000000,29,3,0.736957,1.000000,123,false,false,BLOCKED,min_fold_oos_trades=3 < 5; total_oos_trades=29 < 40; median_oos_pf=0.902 < 1.30; median_oos_sharpe=-0.596 < 0.70; folds_with_oos_pf>1=2 < 3; max_is_to_oos_sharpe_degradation_pct=100.0% > 30%
"V2|atr_stop_mult=1.5,donchian_in=10,donchian_out=5",V2,"{""atr_stop_mult"": 1.5, ""donchian_in"": 10, ""donchian_out"": 5}",XAUUSD,OK,5,3.439623,0.413094,5.620034,4.486119,296.057331,48,8,0.095203,1.000000,123,false,false,BLOCKED,max_is_to_oos_sharpe_degradation_pct=296.1% > 30%
"V2|atr_stop_mult=1.5,donchian_in=10,donchian_out=5",V2,"{""atr_stop_mult"": 1.5, ""donchian_in"": 10, ""donchian_out"": 5}",USDJPY,OK,5,1.165794,0.000000,0.984775,2.052223,1284.622033,29,4,0.695133,1.000000,123,false,false,BLOCKED,min_fold_oos_trades=4 < 5; total_oos_trades=29 < 40; median_oos_pf=1.166 < 1.30; max_is_to_oos_sharpe_degradation_pct=1284.6% > 30%
"V2|atr_stop_mult=1.5,donchian_in=10,donchian_out=10",V2,"{""atr_stop_mult"": 1.5, ""donchian_in"": 10, ""donchian_out"": 10}",EURUSD,OK,5,0.087390,0.000000,-11.758244,3.555496,262260.725066,28,2,0.808473,1.000000,123,false,false,BLOCKED,min_fold_oos_trades=2 < 5; total_oos_trades=28 < 40; median_oos_pf=0.087 < 1.30; median_oos_sharpe=-11.758 < 0.70; folds_with_oos_pf>1=2 < 3; max_is_to_oos_sharpe_degradation_pct=262260.7% > 30%
"V2|atr_stop_mult=1.5,donchian_in=10,donchian_out=10",V2,"{""atr_stop_mult"": 1.5, ""donchian_in"": 10, ""donchian_out"": 10}",GBPUSD,OK,5,0.901524,0.517147,-0.595511,2.037652,100.000000,29,3,0.736957,1.000000,123,false,false,BLOCKED,min_fold_oos_trades=3 < 5; total_oos_trades=29 < 40; median_oos_pf=0.902 < 1.30; median_oos_sharpe=-0.596 < 0.70; folds_with_oos_pf>1=2 < 3; max_is_to_oos_sharpe_degradation_pct=100.0% > 30%
"V2|atr_stop_mult=1.5,donchian_in=10,donchian_out=10",V2,"{""atr_stop_mult"": 1.5, ""donchian_in"": 10, ""donchian_out"": 10}",XAUUSD,OK,5,3.439623,0.413094,5.620034,4.486119,296.057331,48,8,0.095203,1.000000,123,false,false,BLOCKED,max_is_to_oos_sharpe_degradation_pct=296.1% > 30%
"V2|atr_stop_mult=1.5,donchian_in=10,donchian_out=10",V2,"{""atr_stop_mult"": 1.5, ""donchian_in"": 10, ""donchian_out"": 10}",USDJPY,OK,5,1.165794,0.000000,0.984775,2.052223,1284.622033,29,4,0.695133,1.000000,123,false,false,BLOCKED,min_fold_oos_trades=4 < 5; total_oos_trades=29 < 40; median_oos_pf=1.166 < 1.30; max_is_to_oos_sharpe_degradation_pct=1284.6% > 30%
"V2|atr_stop_mult=1.5,donchian_in=20,donchian_out=5",V2,"{""atr_stop_mult"": 1.5, ""donchian_in"": 20, ""donchian_out"": 5}",EURUSD,OK,5,1.237985,0.000000,1.182381,3.056327,100.000000,22,2,0.820012,1.000000,123,false,false,BLOCKED,min_fold_oos_trades=2 < 5; total_oos_trades=22 < 40; median_oos_pf=1.238 < 1.30; max_is_to_oos_sharpe_degradation_pct=100.0% > 30%
"V2|atr_stop_mult=1.5,donchian_in=20,donchian_out=5",V2,"{""atr_stop_mult"": 1.5, ""donchian_in"": 20, ""donchian_out"": 5}",GBPUSD,OK,5,0.901524,0.072284,-0.595511,1.532260,100.000000,20,3,0.738037,1.000000,123,false,false,BLOCKED,min_fold_oos_trades=3 < 5; total_oos_trades=20 < 40; median_oos_pf=0.902 < 1.30; median_oos_sharpe=-0.596 < 0.70; folds_with_oos_pf>1=2 < 3; max_is_to_oos_sharpe_degradation_pct=100.0% > 30%
"V2|atr_stop_mult=1.5,donchian_in=20,donchian_out=5",V2,"{""atr_stop_mult"": 1.5, ""donchian_in"": 20, ""donchian_out"": 5}",XAUUSD,OK,5,8.891225,0.688007,8.698967,3.016246,151.997116,25,3,0.049248,1.000000,123,true,false,BLOCKED,min_fold_oos_trades=3 < 5; total_oos_trades=25 < 40; max_is_to_oos_sharpe_degradation_pct=152.0% > 30%
"V2|atr_stop_mult=1.5,donchian_in=20,donchian_out=5",V2,"{""atr_stop_mult"": 1.5, ""donchian_in"": 20, ""donchian_out"": 5}",USDJPY,OK,5,2.208212,0.000000,3.810708,1.545640,1317868.568617,18,2,0.812899,1.000000,123,false,false,BLOCKED,min_fold_oos_trades=2 < 5; total_oos_trades=18 < 40; max_is_to_oos_sharpe_degradation_pct=1317868.6% > 30%
"V2|atr_stop_mult=1.5,donchian_in=20,donchian_out=10",V2,"{""atr_stop_mult"": 1.5, ""donchian_in"": 20, ""donchian_out"": 10}",EURUSD,OK,5,1.237985,0.000000,1.182381,3.056327,100.000000,22,2,0.820012,1.000000,123,false,false,BLOCKED,min_fold_oos_trades=2 < 5; total_oos_trades=22 < 40; median_oos_pf=1.238 < 1.30; max_is_to_oos_sharpe_degradation_pct=100.0% > 30%
"V2|atr_stop_mult=1.5,donchian_in=20,donchian_out=10",V2,"{""atr_stop_mult"": 1.5, ""donchian_in"": 20, ""donchian_out"": 10}",GBPUSD,OK,5,0.901524,0.072284,-0.595511,1.532260,100.000000,20,3,0.738037,1.000000,123,false,false,BLOCKED,min_fold_oos_trades=3 < 5; total_oos_trades=20 < 40; median_oos_pf=0.902 < 1.30; median_oos_sharpe=-0.596 < 0.70; folds_with_oos_pf>1=2 < 3; max_is_to_oos_sharpe_degradation_pct=100.0% > 30%
"V2|atr_stop_mult=1.5,donchian_in=20,donchian_out=10",V2,"{""atr_stop_mult"": 1.5, ""donchian_in"": 20, ""donchian_out"": 10}",XAUUSD,OK,5,8.891225,0.688007,8.698967,3.016246,151.997116,25,3,0.049248,1.000000,123,true,false,BLOCKED,min_fold_oos_trades=3 < 5; total_oos_trades=25 < 40; max_is_to_oos_sharpe_degradation_pct=152.0% > 30%
"V2|atr_stop_mult=1.5,donchian_in=20,donchian_out=10",V2,"{""atr_stop_mult"": 1.5, ""donchian_in"": 20, ""donchian_out"": 10}",USDJPY,OK,5,2.208212,0.000000,3.810708,1.545640,1317868.568617,18,2,0.812899,1.000000,123,false,false,BLOCKED,min_fold_oos_trades=2 < 5; total_oos_trades=18 < 40; max_is_to_oos_sharpe_degradation_pct=1317868.6% > 30%
"V2|atr_stop_mult=1.5,donchian_in=20,donchian_out=20",V2,"{""atr_stop_mult"": 1.5, ""donchian_in"": 20, ""donchian_out"": 20}",EURUSD,OK,5,1.237985,0.000000,1.182381,3.056327,100.000000,22,2,0.820012,1.000000,123,false,false,BLOCKED,min_fold_oos_trades=2 < 5; total_oos_trades=22 < 40; median_oos_pf=1.238 < 1.30; max_is_to_oos_sharpe_degradation_pct=100.0% > 30%
"V2|atr_stop_mult=1.5,donchian_in=20,donchian_out=20",V2,"{""atr_stop_mult"": 1.5, ""donchian_in"": 20, ""donchian_out"": 20}",GBPUSD,OK,5,0.901524,0.072284,-0.595511,1.532260,100.000000,20,3,0.738037,1.000000,123,false,false,BLOCKED,min_fold_oos_trades=3 < 5; total_oos_trades=20 < 40; median_oos_pf=0.902 < 1.30; median_oos_sharpe=-0.596 < 0.70; folds_with_oos_pf>1=2 < 3; max_is_to_oos_sharpe_degradation_pct=100.0% > 30%
"V2|atr_stop_mult=1.5,donchian_in=20,donchian_out=20",V2,"{""atr_stop_mult"": 1.5, ""donchian_in"": 20, ""donchian_out"": 20}",XAUUSD,OK,5,8.891225,0.688007,8.698967,3.016246,151.997116,25,3,0.049248,1.000000,123,true,false,BLOCKED,min_fold_oos_trades=3 < 5; total_oos_trades=25 < 40; max_is_to_oos_sharpe_degradation_pct=152.0% > 30%
"V2|atr_stop_mult=1.5,donchian_in=20,donchian_out=20",V2,"{""atr_stop_mult"": 1.5, ""donchian_in"": 20, ""donchian_out"": 20}",USDJPY,OK,5,2.208212,0.000000,3.810708,1.545640,1317868.568617,18,2,0.812899,1.000000,123,false,false,BLOCKED,min_fold_oos_trades=2 < 5; total_oos_trades=18 < 40; max_is_to_oos_sharpe_degradation_pct=1317868.6% > 30%
"V2|atr_stop_mult=1.5,donchian_in=40,donchian_out=5",V2,"{""atr_stop_mult"": 1.5, ""donchian_in"": 40, ""donchian_out"": 5}",EURUSD,OK,5,1.352250,0.000000,0.000000,2.048256,100.000000,14,1,0.906184,1.000000,123,false,false,BLOCKED,min_fold_oos_trades=1 < 5; total_oos_trades=14 < 40; median_oos_sharpe=0.000 < 0.70; max_is_to_oos_sharpe_degradation_pct=100.0% > 30%
"V2|atr_stop_mult=1.5,donchian_in=40,donchian_out=5",V2,"{""atr_stop_mult"": 1.5, ""donchian_in"": 40, ""donchian_out"": 5}",GBPUSD,OK,5,0.906740,0.000000,-0.559223,2.045345,100.000000,16,2,0.813445,1.000000,123,false,false,BLOCKED,min_fold_oos_trades=2 < 5; total_oos_trades=16 < 40; median_oos_pf=0.907 < 1.30; median_oos_sharpe=-0.559 < 0.70; folds_with_oos_pf>1=2 < 3; max_is_to_oos_sharpe_degradation_pct=100.0% > 30%
"V2|atr_stop_mult=1.5,donchian_in=40,donchian_out=5",V2,"{""atr_stop_mult"": 1.5, ""donchian_in"": 40, ""donchian_out"": 5}",XAUUSD,OK,5,51.790055,0.960531,7.926475,1.017753,104.656232,13,1,0.044160,1.000000,123,true,false,BLOCKED,min_fold_oos_trades=1 < 5; total_oos_trades=13 < 40; max_is_to_oos_sharpe_degradation_pct=104.7% > 30%
"V2|atr_stop_mult=1.5,donchian_in=40,donchian_out=5",V2,"{""atr_stop_mult"": 1.5, ""donchian_in"": 40, ""donchian_out"": 5}",USDJPY,OK,5,1.969602,0.000000,4.257202,1.034127,100.000000,11,0,0.038831,1.000000,123,true,false,BLOCKED,min_fold_oos_trades=0 < 5; total_oos_trades=11 < 40; max_is_to_oos_sharpe_degradation_pct=100.0% > 30%
"V2|atr_stop_mult=1.5,donchian_in=40,donchian_out=10",V2,"{""atr_stop_mult"": 1.5, ""donchian_in"": 40, ""donchian_out"": 10}",EURUSD,OK,5,1.352250,0.000000,0.000000,2.048256,100.000000,14,1,0.906184,1.000000,123,false,false,BLOCKED,min_fold_oos_trades=1 < 5; total_oos_trades=14 < 40; median_oos_sharpe=0.000 < 0.70; max_is_to_oos_sharpe_degradation_pct=100.0% > 30%
"V2|atr_stop_mult=1.5,donchian_in=40,donchian_out=10",V2,"{""atr_stop_mult"": 1.5, ""donchian_in"": 40, ""donchian_out"": 10}",GBPUSD,OK,5,0.906740,0.000000,-0.559223,2.045345,100.000000,16,2,0.813445,1.000000,123,false,false,BLOCKED,min_fold_oos_trades=2 < 5; total_oos_trades=16 < 40; median_oos_pf=0.907 < 1.30; median_oos_sharpe=-0.559 < 0.70; folds_with_oos_pf>1=2 < 3; max_is_to_oos_sharpe_degradation_pct=100.0% > 30%
"V2|atr_stop_mult=1.5,donchian_in=40,donchian_out=10",V2,"{""atr_stop_mult"": 1.5, ""donchian_in"": 40, ""donchian_out"": 10}",XAUUSD,OK,5,51.790055,0.960531,7.926475,1.017753,104.656232,13,1,0.044160,1.000000,123,true,false,BLOCKED,min_fold_oos_trades=1 < 5; total_oos_trades=13 < 40; max_is_to_oos_sharpe_degradation_pct=104.7% > 30%
"V2|atr_stop_mult=1.5,donchian_in=40,donchian_out=10",V2,"{""atr_stop_mult"": 1.5, ""donchian_in"": 40, ""donchian_out"": 10}",USDJPY,OK,5,1.969602,0.000000,4.257202,1.034127,100.000000,11,0,0.038831,1.000000,123,true,false,BLOCKED,min_fold_oos_trades=0 < 5; total_oos_trades=11 < 40; max_is_to_oos_sharpe_degradation_pct=100.0% > 30%
"V2|atr_stop_mult=1.5,donchian_in=40,donchian_out=20",V2,"{""atr_stop_mult"": 1.5, ""donchian_in"": 40, ""donchian_out"": 20}",EURUSD,OK,5,1.352250,0.000000,0.000000,2.048256,100.000000,14,1,0.906184,1.000000,123,false,false,BLOCKED,min_fold_oos_trades=1 < 5; total_oos_trades=14 < 40; median_oos_sharpe=0.000 < 0.70; max_is_to_oos_sharpe_degradation_pct=100.0% > 30%
"V2|atr_stop_mult=1.5,donchian_in=40,donchian_out=20",V2,"{""atr_stop_mult"": 1.5, ""donchian_in"": 40, ""donchian_out"": 20}",GBPUSD,OK,5,0.906740,0.000000,-0.559223,2.045345,100.000000,16,2,0.813445,1.000000,123,false,false,BLOCKED,min_fold_oos_trades=2 < 5; total_oos_trades=16 < 40; median_oos_pf=0.907 < 1.30; median_oos_sharpe=-0.559 < 0.70; folds_with_oos_pf>1=2 < 3; max_is_to_oos_sharpe_degradation_pct=100.0% > 30%
"V2|atr_stop_mult=1.5,donchian_in=40,donchian_out=20",V2,"{""atr_stop_mult"": 1.5, ""donchian_in"": 40, ""donchian_out"": 20}",XAUUSD,OK,5,51.790055,0.960531,7.926475,1.017753,104.656232,13,1,0.044160,1.000000,123,true,false,BLOCKED,min_fold_oos_trades=1 < 5; total_oos_trades=13 < 40; max_is_to_oos_sharpe_degradation_pct=104.7% > 30%
"V2|atr_stop_mult=1.5,donchian_in=40,donchian_out=20",V2,"{""atr_stop_mult"": 1.5, ""donchian_in"": 40, ""donchian_out"": 20}",USDJPY,OK,5,1.969602,0.000000,4.257202,1.034127,100.000000,11,0,0.038831,1.000000,123,true,false,BLOCKED,min_fold_oos_trades=0 < 5; total_oos_trades=11 < 40; max_is_to_oos_sharpe_degradation_pct=100.0% > 30%
"V2|atr_stop_mult=2.0,donchian_in=10,donchian_out=5",V2,"{""atr_stop_mult"": 2.0, ""donchian_in"": 10, ""donchian_out"": 5}",EURUSD,OK,5,0.079976,0.000000,-11.396142,3.256654,5463.858316,27,2,0.609322,1.000000,123,false,false,BLOCKED,min_fold_oos_trades=2 < 5; total_oos_trades=27 < 40; median_oos_pf=0.080 < 1.30; median_oos_sharpe=-11.396 < 0.70; folds_with_oos_pf>1=2 < 3; max_is_to_oos_sharpe_degradation_pct=5463.9% > 30%
"V2|atr_stop_mult=2.0,donchian_in=10,donchian_out=5",V2,"{""atr_stop_mult"": 2.0, ""donchian_in"": 10, ""donchian_out"": 5}",GBPUSD,OK,5,0.976562,0.484953,-0.106998,1.730196,100.000000,27,3,0.622653,1.000000,123,false,false,BLOCKED,min_fold_oos_trades=3 < 5; total_oos_trades=27 < 40; median_oos_pf=0.977 < 1.30; median_oos_sharpe=-0.107 < 0.70; folds_with_oos_pf>1=2 < 3; max_is_to_oos_sharpe_degradation_pct=100.0% > 30%
"V2|atr_stop_mult=2.0,donchian_in=10,donchian_out=5",V2,"{""atr_stop_mult"": 2.0, ""donchian_in"": 10, ""donchian_out"": 5}",XAUUSD,OK,5,3.279794,0.399223,5.691955,3.388887,290.923980,44,8,0.113350,1.000000,123,false,false,BLOCKED,max_is_to_oos_sharpe_degradation_pct=290.9% > 30%
"V2|atr_stop_mult=2.0,donchian_in=10,donchian_out=5",V2,"{""atr_stop_mult"": 2.0, ""donchian_in"": 10, ""donchian_out"": 5}",USDJPY,OK,5,1.847291,0.000000,3.918262,1.432512,1230.236397,24,4,0.479577,1.000000,123,false,false,BLOCKED,min_fold_oos_trades=4 < 5; total_oos_trades=24 < 40; max_is_to_oos_sharpe_degradation_pct=1230.2% > 30%
"V2|atr_stop_mult=2.0,donchian_in=10,donchian_out=10",V2,"{""atr_stop_mult"": 2.0, ""donchian_in"": 10, ""donchian_out"": 10}",EURUSD,OK,5,0.079976,0.000000,-11.396142,3.256654,5463.858316,27,2,0.609322,1.000000,123,false,false,BLOCKED,min_fold_oos_trades=2 < 5; total_oos_trades=27 < 40; median_oos_pf=0.080 < 1.30; median_oos_sharpe=-11.396 < 0.70; folds_with_oos_pf>1=2 < 3; max_is_to_oos_sharpe_degradation_pct=5463.9% > 30%
"V2|atr_stop_mult=2.0,donchian_in=10,donchian_out=10",V2,"{""atr_stop_mult"": 2.0, ""donchian_in"": 10, ""donchian_out"": 10}",GBPUSD,OK,5,0.976562,0.484953,-0.106998,1.730196,100.000000,27,3,0.622653,1.000000,123,false,false,BLOCKED,min_fold_oos_trades=3 < 5; total_oos_trades=27 < 40; median_oos_pf=0.977 < 1.30; median_oos_sharpe=-0.107 < 0.70; folds_with_oos_pf>1=2 < 3; max_is_to_oos_sharpe_degradation_pct=100.0% > 30%
"V2|atr_stop_mult=2.0,donchian_in=10,donchian_out=10",V2,"{""atr_stop_mult"": 2.0, ""donchian_in"": 10, ""donchian_out"": 10}",XAUUSD,OK,5,3.279794,0.399223,5.691955,3.388887,290.923980,44,8,0.113350,1.000000,123,false,false,BLOCKED,max_is_to_oos_sharpe_degradation_pct=290.9% > 30%
"V2|atr_stop_mult=2.0,donchian_in=10,donchian_out=10",V2,"{""atr_stop_mult"": 2.0, ""donchian_in"": 10, ""donchian_out"": 10}",USDJPY,OK,5,1.847291,0.000000,3.918262,1.432512,1230.236397,24,4,0.479577,1.000000,123,false,false,BLOCKED,min_fold_oos_trades=4 < 5; total_oos_trades=24 < 40; max_is_to_oos_sharpe_degradation_pct=1230.2% > 30%
"V2|atr_stop_mult=2.0,donchian_in=20,donchian_out=5",V2,"{""atr_stop_mult"": 2.0, ""donchian_in"": 20, ""donchian_out"": 5}",EURUSD,OK,5,0.944286,0.000000,-0.267154,2.536359,4533010.768041,20,2,0.816031,1.000000,123,false,false,BLOCKED,min_fold_oos_trades=2 < 5; total_oos_trades=20 < 40; median_oos_pf=0.944 < 1.30; median_oos_sharpe=-0.267 < 0.70; folds_with_oos_pf>1=2 < 3; max_is_to_oos_sharpe_degradation_pct=4533010.8% > 30%
"V2|atr_stop_mult=2.0,donchian_in=20,donchian_out=5",V2,"{""atr_stop_mult"": 2.0, ""donchian_in"": 20, ""donchian_out"": 5}",GBPUSD,OK,5,0.946489,0.081645,-0.294815,1.522268,100.000000,18,3,0.701391,1.000000,123,false,false,BLOCKED,min_fold_oos_trades=3 < 5; total_oos_trades=18 < 40; median_oos_pf=0.946 < 1.30; median_oos_sharpe=-0.295 < 0.70; folds_with_oos_pf>1=2 < 3; max_is_to_oos_sharpe_degradation_pct=100.0% > 30%
"V2|atr_stop_mult=2.0,donchian_in=20,donchian_out=5",V2,"{""atr_stop_mult"": 2.0, ""donchian_in"": 20, ""donchian_out"": 5}",XAUUSD,OK,5,6.762429,0.623856,8.207763,2.507814,169.502078,24,3,0.060722,1.000000,123,false,false,BLOCKED,min_fold_oos_trades=3 < 5; total_oos_trades=24 < 40; max_is_to_oos_sharpe_degradation_pct=169.5% > 30%
"V2|atr_stop_mult=2.0,donchian_in=20,donchian_out=5",V2,"{""atr_stop_mult"": 2.0, ""donchian_in"": 20, ""donchian_out"": 5}",USDJPY,OK,5,3.625197,0.000000,6.523062,1.200043,1895006.785186,15,2,0.812896,1.000000,123,false,false,BLOCKED,min_fold_oos_trades=2 < 5; total_oos_trades=15 < 40; max_is_to_oos_sharpe_degradation_pct=1895006.8% > 30%
"V2|atr_stop_mult=2.0,donchian_in=20,donchian_out=10",V2,"{""atr_stop_mult"": 2.0, ""donchian_in"": 20, ""donchian_out"": 10}",EURUSD,OK,5,0.944286,0.000000,-0.267154,2.536359,4533010.768041,20,2,0.816031,1.000000,123,false,false,BLOCKED,min_fold_oos_trades=2 < 5; total_oos_trades=20 < 40; median_oos_pf=0.944 < 1.30; median_oos_sharpe=-0.267 < 0.70; folds_with_oos_pf>1=2 < 3; max_is_to_oos_sharpe_degradation_pct=4533010.8% > 30%
"V2|atr_stop_mult=2.0,donchian_in=20,donchian_out=10",V2,"{""atr_stop_mult"": 2.0, ""donchian_in"": 20, ""donchian_out"": 10}",GBPUSD,OK,5,0.946489,0.081645,-0.294815,1.522268,100.000000,18,3,0.701391,1.000000,123,false,false,BLOCKED,min_fold_oos_trades=3 < 5; total_oos_trades=18 < 40; median_oos_pf=0.946 < 1.30; median_oos_sharpe=-0.295 < 0.70; folds_with_oos_pf>1=2 < 3; max_is_to_oos_sharpe_degradation_pct=100.0% > 30%
"V2|atr_stop_mult=2.0,donchian_in=20,donchian_out=10",V2,"{""atr_stop_mult"": 2.0, ""donchian_in"": 20, ""donchian_out"": 10}",XAUUSD,OK,5,6.762429,0.623856,8.207763,2.507814,169.502078,24,3,0.060722,1.000000,123,false,false,BLOCKED,min_fold_oos_trades=3 < 5; total_oos_trades=24 < 40; max_is_to_oos_sharpe_degradation_pct=169.5% > 30%
"V2|atr_stop_mult=2.0,donchian_in=20,donchian_out=10",V2,"{""atr_stop_mult"": 2.0, ""donchian_in"": 20, ""donchian_out"": 10}",USDJPY,OK,5,3.625197,0.000000,6.523062,1.200043,1895006.785186,15,2,0.812896,1.000000,123,false,false,BLOCKED,min_fold_oos_trades=2 < 5; total_oos_trades=15 < 40; max_is_to_oos_sharpe_degradation_pct=1895006.8% > 30%
"V2|atr_stop_mult=2.0,donchian_in=20,donchian_out=20",V2,"{""atr_stop_mult"": 2.0, ""donchian_in"": 20, ""donchian_out"": 20}",EURUSD,OK,5,0.944286,0.000000,-0.267154,2.536359,4533010.768041,20,2,0.816031,1.000000,123,false,false,BLOCKED,min_fold_oos_trades=2 < 5; total_oos_trades=20 < 40; median_oos_pf=0.944 < 1.30; median_oos_sharpe=-0.267 < 0.70; folds_with_oos_pf>1=2 < 3; max_is_to_oos_sharpe_degradation_pct=4533010.8% > 30%
"V2|atr_stop_mult=2.0,donchian_in=20,donchian_out=20",V2,"{""atr_stop_mult"": 2.0, ""donchian_in"": 20, ""donchian_out"": 20}",GBPUSD,OK,5,0.946489,0.081645,-0.294815,1.522268,100.000000,18,3,0.701391,1.000000,123,false,false,BLOCKED,min_fold_oos_trades=3 < 5; total_oos_trades=18 < 40; median_oos_pf=0.946 < 1.30; median_oos_sharpe=-0.295 < 0.70; folds_with_oos_pf>1=2 < 3; max_is_to_oos_sharpe_degradation_pct=100.0% > 30%
"V2|atr_stop_mult=2.0,donchian_in=20,donchian_out=20",V2,"{""atr_stop_mult"": 2.0, ""donchian_in"": 20, ""donchian_out"": 20}",XAUUSD,OK,5,6.762429,0.623856,8.207763,2.507814,169.502078,24,3,0.060722,1.000000,123,false,false,BLOCKED,min_fold_oos_trades=3 < 5; total_oos_trades=24 < 40; max_is_to_oos_sharpe_degradation_pct=169.5% > 30%
"V2|atr_stop_mult=2.0,donchian_in=20,donchian_out=20",V2,"{""atr_stop_mult"": 2.0, ""donchian_in"": 20, ""donchian_out"": 20}",USDJPY,OK,5,3.625197,0.000000,6.523062,1.200043,1895006.785186,15,2,0.812896,1.000000,123,false,false,BLOCKED,min_fold_oos_trades=2 < 5; total_oos_trades=15 < 40; max_is_to_oos_sharpe_degradation_pct=1895006.8% > 30%
"V2|atr_stop_mult=2.0,donchian_in=40,donchian_out=5",V2,"{""atr_stop_mult"": 2.0, ""donchian_in"": 40, ""donchian_out"": 5}",EURUSD,OK,5,1.025121,0.000000,0.000000,2.032383,100.000000,14,1,0.906299,1.000000,123,false,false,BLOCKED,min_fold_oos_trades=1 < 5; total_oos_trades=14 < 40; median_oos_pf=1.025 < 1.30; median_oos_sharpe=0.000 < 0.70; max_is_to_oos_sharpe_degradation_pct=100.0% > 30%
"V2|atr_stop_mult=2.0,donchian_in=40,donchian_out=5",V2,"{""atr_stop_mult"": 2.0, ""donchian_in"": 40, ""donchian_out"": 5}",GBPUSD,OK,5,0.723583,0.000000,-2.020290,2.030200,100.000000,14,2,0.813185,1.000000,123,false,false,BLOCKED,min_fold_oos_trades=2 < 5; total_oos_trades=14 < 40; median_oos_pf=0.724 < 1.30; median_oos_sharpe=-2.020 < 0.70; folds_with_oos_pf>1=2 < 3; max_is_to_oos_sharpe_degradation_pct=100.0% > 30%
"V2|atr_stop_mult=2.0,donchian_in=40,donchian_out=5",V2,"{""atr_stop_mult"": 2.0, ""donchian_in"": 40, ""donchian_out"": 5}",XAUUSD,OK,5,52.532980,1.448109,7.345479,0.509145,100.000000,12,1,0.031828,1.000000,123,true,false,BLOCKED,min_fold_oos_trades=1 < 5; total_oos_trades=12 < 40; max_is_to_oos_sharpe_degradation_pct=100.0% > 30%
"V2|atr_stop_mult=2.0,donchian_in=40,donchian_out=5",V2,"{""atr_stop_mult"": 2.0, ""donchian_in"": 40, ""donchian_out"": 5}",USDJPY,OK,5,1.485670,0.000000,0.000000,0.509398,114.662189,9,0,0.150872,1.000000,123,false,false,BLOCKED,min_fold_oos_trades=0 < 5; total_oos_trades=9 < 40; median_oos_sharpe=0.000 < 0.70; max_is_to_oos_sharpe_degradation_pct=114.7% > 30%
"V2|atr_stop_mult=2.0,donchian_in=40,donchian_out=10",V2,"{""atr_stop_mult"": 2.0, ""donchian_in"": 40, ""donchian_out"": 10}",EURUSD,OK,5,1.025121,0.000000,0.000000,2.032383,100.000000,14,1,0.906299,1.000000,123,false,false,BLOCKED,min_fold_oos_trades=1 < 5; total_oos_trades=14 < 40; median_oos_pf=1.025 < 1.30; median_oos_sharpe=0.000 < 0.70; max_is_to_oos_sharpe_degradation_pct=100.0% > 30%
"V2|atr_stop_mult=2.0,donchian_in=40,donchian_out=10",V2,"{""atr_stop_mult"": 2.0, ""donchian_in"": 40, ""donchian_out"": 10}",GBPUSD,OK,5,0.723583,0.000000,-2.020290,2.030200,100.000000,14,2,0.813185,1.000000,123,false,false,BLOCKED,min_fold_oos_trades=2 < 5; total_oos_trades=14 < 40; median_oos_pf=0.724 < 1.30; median_oos_sharpe=-2.020 < 0.70; folds_with_oos_pf>1=2 < 3; max_is_to_oos_sharpe_degradation_pct=100.0% > 30%
"V2|atr_stop_mult=2.0,donchian_in=40,donchian_out=10",V2,"{""atr_stop_mult"": 2.0, ""donchian_in"": 40, ""donchian_out"": 10}",XAUUSD,OK,5,52.532980,1.448109,7.345479,0.509145,100.000000,12,1,0.031828,1.000000,123,true,false,BLOCKED,min_fold_oos_trades=1 < 5; total_oos_trades=12 < 40; max_is_to_oos_sharpe_degradation_pct=100.0% > 30%
"V2|atr_stop_mult=2.0,donchian_in=40,donchian_out=10",V2,"{""atr_stop_mult"": 2.0, ""donchian_in"": 40, ""donchian_out"": 10}",USDJPY,OK,5,1.485670,0.000000,0.000000,0.509398,114.662189,9,0,0.150872,1.000000,123,false,false,BLOCKED,min_fold_oos_trades=0 < 5; total_oos_trades=9 < 40; median_oos_sharpe=0.000 < 0.70; max_is_to_oos_sharpe_degradation_pct=114.7% > 30%
"V2|atr_stop_mult=2.0,donchian_in=40,donchian_out=20",V2,"{""atr_stop_mult"": 2.0, ""donchian_in"": 40, ""donchian_out"": 20}",EURUSD,OK,5,1.025121,0.000000,0.000000,2.032383,100.000000,14,1,0.906299,1.000000,123,false,false,BLOCKED,min_fold_oos_trades=1 < 5; total_oos_trades=14 < 40; median_oos_pf=1.025 < 1.30; median_oos_sharpe=0.000 < 0.70; max_is_to_oos_sharpe_degradation_pct=100.0% > 30%
"V2|atr_stop_mult=2.0,donchian_in=40,donchian_out=20",V2,"{""atr_stop_mult"": 2.0, ""donchian_in"": 40, ""donchian_out"": 20}",GBPUSD,OK,5,0.723583,0.000000,-2.020290,2.030200,100.000000,14,2,0.813185,1.000000,123,false,false,BLOCKED,min_fold_oos_trades=2 < 5; total_oos_trades=14 < 40; median_oos_pf=0.724 < 1.30; median_oos_sharpe=-2.020 < 0.70; folds_with_oos_pf>1=2 < 3; max_is_to_oos_sharpe_degradation_pct=100.0% > 30%
"V2|atr_stop_mult=2.0,donchian_in=40,donchian_out=20",V2,"{""atr_stop_mult"": 2.0, ""donchian_in"": 40, ""donchian_out"": 20}",XAUUSD,OK,5,52.532980,1.448109,7.345479,0.509145,100.000000,12,1,0.031828,1.000000,123,true,false,BLOCKED,min_fold_oos_trades=1 < 5; total_oos_trades=12 < 40; max_is_to_oos_sharpe_degradation_pct=100.0% > 30%
"V2|atr_stop_mult=2.0,donchian_in=40,donchian_out=20",V2,"{""atr_stop_mult"": 2.0, ""donchian_in"": 40, ""donchian_out"": 20}",USDJPY,OK,5,1.485670,0.000000,0.000000,0.509398,114.662189,9,0,0.150872,1.000000,123,false,false,BLOCKED,min_fold_oos_trades=0 < 5; total_oos_trades=9 < 40; median_oos_sharpe=0.000 < 0.70; max_is_to_oos_sharpe_degradation_pct=114.7% > 30%
"V2|atr_stop_mult=2.5,donchian_in=10,donchian_out=5",V2,"{""atr_stop_mult"": 2.5, ""donchian_in"": 10, ""donchian_out"": 5}",EURUSD,OK,5,0.069582,0.000000,-11.094360,2.702655,100.000000,26,2,0.557896,1.000000,123,false,false,BLOCKED,min_fold_oos_trades=2 < 5; total_oos_trades=26 < 40; median_oos_pf=0.070 < 1.30; median_oos_sharpe=-11.094 < 0.70; folds_with_oos_pf>1=2 < 3; max_is_to_oos_sharpe_degradation_pct=100.0% > 30%
"V2|atr_stop_mult=2.5,donchian_in=10,donchian_out=5",V2,"{""atr_stop_mult"": 2.5, ""donchian_in"": 10, ""donchian_out"": 5}",GBPUSD,OK,5,0.830382,0.418304,-1.072242,1.014961,100.000000,26,3,0.742194,1.000000,123,false,false,BLOCKED,min_fold_oos_trades=3 < 5; total_oos_trades=26 < 40; median_oos_pf=0.830 < 1.30; median_oos_sharpe=-1.072 < 0.70; folds_with_oos_pf>1=2 < 3; max_is_to_oos_sharpe_degradation_pct=100.0% > 30%
"V2|atr_stop_mult=2.5,donchian_in=10,donchian_out=5",V2,"{""atr_stop_mult"": 2.5, ""donchian_in"": 10, ""donchian_out"": 5}",XAUUSD,OK,5,4.128495,0.348599,5.758935,3.168413,351.837529,42,8,0.150600,1.000000,123,false,false,BLOCKED,max_is_to_oos_sharpe_degradation_pct=351.8% > 30%
"V2|atr_stop_mult=2.5,donchian_in=10,donchian_out=5",V2,"{""atr_stop_mult"": 2.5, ""donchian_in"": 10, ""donchian_out"": 5}",USDJPY,OK,5,1.484623,0.000000,2.636148,1.055875,1385.245705,24,4,0.518565,1.000000,123,false,false,BLOCKED,min_fold_oos_trades=4 < 5; total_oos_trades=24 < 40; max_is_to_oos_sharpe_degradation_pct=1385.2% > 30%
"V2|atr_stop_mult=2.5,donchian_in=10,donchian_out=10",V2,"{""atr_stop_mult"": 2.5, ""donchian_in"": 10, ""donchian_out"": 10}",EURUSD,OK,5,0.069582,0.000000,-11.094360,2.702655,100.000000,26,2,0.557896,1.000000,123,false,false,BLOCKED,min_fold_oos_trades=2 < 5; total_oos_trades=26 < 40; median_oos_pf=0.070 < 1.30; median_oos_sharpe=-11.094 < 0.70; folds_with_oos_pf>1=2 < 3; max_is_to_oos_sharpe_degradation_pct=100.0% > 30%
"V2|atr_stop_mult=2.5,donchian_in=10,donchian_out=10",V2,"{""atr_stop_mult"": 2.5, ""donchian_in"": 10, ""donchian_out"": 10}",GBPUSD,OK,5,0.830382,0.418304,-1.072242,1.014961,100.000000,26,3,0.742194,1.000000,123,false,false,BLOCKED,min_fold_oos_trades=3 < 5; total_oos_trades=26 < 40; median_oos_pf=0.830 < 1.30; median_oos_sharpe=-1.072 < 0.70; folds_with_oos_pf>1=2 < 3; max_is_to_oos_sharpe_degradation_pct=100.0% > 30%
"V2|atr_stop_mult=2.5,donchian_in=10,donchian_out=10",V2,"{""atr_stop_mult"": 2.5, ""donchian_in"": 10, ""donchian_out"": 10}",XAUUSD,OK,5,4.128495,0.348599,5.758935,3.168413,351.837529,42,8,0.150600,1.000000,123,false,false,BLOCKED,max_is_to_oos_sharpe_degradation_pct=351.8% > 30%
"V2|atr_stop_mult=2.5,donchian_in=10,donchian_out=10",V2,"{""atr_stop_mult"": 2.5, ""donchian_in"": 10, ""donchian_out"": 10}",USDJPY,OK,5,1.484623,0.000000,2.636148,1.055875,1385.245705,24,4,0.518565,1.000000,123,false,false,BLOCKED,min_fold_oos_trades=4 < 5; total_oos_trades=24 < 40; max_is_to_oos_sharpe_degradation_pct=1385.2% > 30%
"V2|atr_stop_mult=2.5,donchian_in=20,donchian_out=5",V2,"{""atr_stop_mult"": 2.5, ""donchian_in"": 20, ""donchian_out"": 5}",EURUSD,OK,5,0.763177,0.000000,-1.546066,2.524041,704677.509163,20,2,0.814946,1.000000,123,false,false,BLOCKED,min_fold_oos_trades=2 < 5; total_oos_trades=20 < 40; median_oos_pf=0.763 < 1.30; median_oos_sharpe=-1.546 < 0.70; folds_with_oos_pf>1=2 < 3; max_is_to_oos_sharpe_degradation_pct=704677.5% > 30%
"V2|atr_stop_mult=2.5,donchian_in=20,donchian_out=5",V2,"{""atr_stop_mult"": 2.5, ""donchian_in"": 20, ""donchian_out"": 5}",GBPUSD,OK,5,0.808556,0.065577,-1.242293,1.013797,100.000000,16,3,0.500490,1.000000,123,false,false,BLOCKED,min_fold_oos_trades=3 < 5; total_oos_trades=16 < 40; median_oos_pf=0.809 < 1.30; median_oos_sharpe=-1.242 < 0.70; folds_with_oos_pf>1=2 < 3; max_is_to_oos_sharpe_degradation_pct=100.0% > 30%
"V2|atr_stop_mult=2.5,donchian_in=20,donchian_out=5",V2,"{""atr_stop_mult"": 2.5, ""donchian_in"": 20, ""donchian_out"": 5}",XAUUSD,OK,5,5.450758,0.501974,7.730826,2.501203,213.457556,24,3,0.079377,1.000000,123,false,false,BLOCKED,min_fold_oos_trades=3 < 5; total_oos_trades=24 < 40; max_is_to_oos_sharpe_degradation_pct=213.5% > 30%
"V2|atr_stop_mult=2.5,donchian_in=20,donchian_out=5",V2,"{""atr_stop_mult"": 2.5, ""donchian_in"": 20, ""donchian_out"": 5}",USDJPY,OK,5,3.027887,0.000000,5.264568,1.159509,2757978.660150,15,2,0.812941,1.000000,123,false,false,BLOCKED,min_fold_oos_trades=2 < 5; total_oos_trades=15 < 40; max_is_to_oos_sharpe_degradation_pct=2757978.7% > 30%
"V2|atr_stop_mult=2.5,donchian_in=20,donchian_out=10",V2,"{""atr_stop_mult"": 2.5, ""donchian_in"": 20, ""donchian_out"": 10}",EURUSD,OK,5,0.763177,0.000000,-1.546066,2.524041,704677.509163,20,2,0.814946,1.000000,123,false,false,BLOCKED,min_fold_oos_trades=2 < 5; total_oos_trades=20 < 40; median_oos_pf=0.763 < 1.30; median_oos_sharpe=-1.546 < 0.70; folds_with_oos_pf>1=2 < 3; max_is_to_oos_sharpe_degradation_pct=704677.5% > 30%
"V2|atr_stop_mult=2.5,donchian_in=20,donchian_out=10",V2,"{""atr_stop_mult"": 2.5, ""donchian_in"": 20, ""donchian_out"": 10}",GBPUSD,OK,5,0.808556,0.065577,-1.242293,1.013797,100.000000,16,3,0.500490,1.000000,123,false,false,BLOCKED,min_fold_oos_trades=3 < 5; total_oos_trades=16 < 40; median_oos_pf=0.809 < 1.30; median_oos_sharpe=-1.242 < 0.70; folds_with_oos_pf>1=2 < 3; max_is_to_oos_sharpe_degradation_pct=100.0% > 30%
"V2|atr_stop_mult=2.5,donchian_in=20,donchian_out=10",V2,"{""atr_stop_mult"": 2.5, ""donchian_in"": 20, ""donchian_out"": 10}",XAUUSD,OK,5,5.450758,0.501974,7.730826,2.501203,213.457556,24,3,0.079377,1.000000,123,false,false,BLOCKED,min_fold_oos_trades=3 < 5; total_oos_trades=24 < 40; max_is_to_oos_sharpe_degradation_pct=213.5% > 30%
"V2|atr_stop_mult=2.5,donchian_in=20,donchian_out=10",V2,"{""atr_stop_mult"": 2.5, ""donchian_in"": 20, ""donchian_out"": 10}",USDJPY,OK,5,3.027887,0.000000,5.264568,1.159509,2757978.660150,15,2,0.812941,1.000000,123,false,false,BLOCKED,min_fold_oos_trades=2 < 5; total_oos_trades=15 < 40; max_is_to_oos_sharpe_degradation_pct=2757978.7% > 30%
"V2|atr_stop_mult=2.5,donchian_in=20,donchian_out=20",V2,"{""atr_stop_mult"": 2.5, ""donchian_in"": 20, ""donchian_out"": 20}",EURUSD,OK,5,0.763177,0.000000,-1.546066,2.524041,704677.509163,20,2,0.814946,1.000000,123,false,false,BLOCKED,min_fold_oos_trades=2 < 5; total_oos_trades=20 < 40; median_oos_pf=0.763 < 1.30; median_oos_sharpe=-1.546 < 0.70; folds_with_oos_pf>1=2 < 3; max_is_to_oos_sharpe_degradation_pct=704677.5% > 30%
"V2|atr_stop_mult=2.5,donchian_in=20,donchian_out=20",V2,"{""atr_stop_mult"": 2.5, ""donchian_in"": 20, ""donchian_out"": 20}",GBPUSD,OK,5,0.808556,0.065577,-1.242293,1.013797,100.000000,16,3,0.500490,1.000000,123,false,false,BLOCKED,min_fold_oos_trades=3 < 5; total_oos_trades=16 < 40; median_oos_pf=0.809 < 1.30; median_oos_sharpe=-1.242 < 0.70; folds_with_oos_pf>1=2 < 3; max_is_to_oos_sharpe_degradation_pct=100.0% > 30%
"V2|atr_stop_mult=2.5,donchian_in=20,donchian_out=20",V2,"{""atr_stop_mult"": 2.5, ""donchian_in"": 20, ""donchian_out"": 20}",XAUUSD,OK,5,5.450758,0.501974,7.730826,2.501203,213.457556,24,3,0.079377,1.000000,123,false,false,BLOCKED,min_fold_oos_trades=3 < 5; total_oos_trades=24 < 40; max_is_to_oos_sharpe_degradation_pct=213.5% > 30%
"V2|atr_stop_mult=2.5,donchian_in=20,donchian_out=20",V2,"{""atr_stop_mult"": 2.5, ""donchian_in"": 20, ""donchian_out"": 20}",USDJPY,OK,5,3.027887,0.000000,5.264568,1.159509,2757978.660150,15,2,0.812941,1.000000,123,false,false,BLOCKED,min_fold_oos_trades=2 < 5; total_oos_trades=15 < 40; max_is_to_oos_sharpe_degradation_pct=2757978.7% > 30%
"V2|atr_stop_mult=2.5,donchian_in=40,donchian_out=5",V2,"{""atr_stop_mult"": 2.5, ""donchian_in"": 40, ""donchian_out"": 5}",EURUSD,OK,5,1.643650,0.000000,0.000000,2.022859,100.000000,13,1,0.906169,1.000000,123,false,false,BLOCKED,min_fold_oos_trades=1 < 5; total_oos_trades=13 < 40; median_oos_sharpe=0.000 < 0.70; max_is_to_oos_sharpe_degradation_pct=100.0% > 30%
"V2|atr_stop_mult=2.5,donchian_in=40,donchian_out=5",V2,"{""atr_stop_mult"": 2.5, ""donchian_in"": 40, ""donchian_out"": 5}",GBPUSD,OK,5,0.640714,0.130450,-2.818095,1.014822,100.000000,13,2,0.809546,1.000000,123,false,false,BLOCKED,min_fold_oos_trades=2 < 5; total_oos_trades=13 < 40; median_oos_pf=0.641 < 1.30; median_oos_sharpe=-2.818 < 0.70; folds_with_oos_pf>1=2 < 3; max_is_to_oos_sharpe_degradation_pct=100.0% > 30%
"V2|atr_stop_mult=2.5,donchian_in=40,donchian_out=5",V2,"{""atr_stop_mult"": 2.5, ""donchian_in"": 40, ""donchian_out"": 5}",XAUUSD,OK,5,52.987925,1.163688,6.787634,0.507301,100.000000,12,1,0.040156,1.000000,123,true,false,BLOCKED,min_fold_oos_trades=1 < 5; total_oos_trades=12 < 40; max_is_to_oos_sharpe_degradation_pct=100.0% > 30%
"V2|atr_stop_mult=2.5,donchian_in=40,donchian_out=5",V2,"{""atr_stop_mult"": 2.5, ""donchian_in"": 40, ""donchian_out"": 5}",USDJPY,OK,5,2.117281,0.000000,1.095347,0.506620,100.000000,9,0,0.080200,1.000000,123,false,false,BLOCKED,min_fold_oos_trades=0 < 5; total_oos_trades=9 < 40; max_is_to_oos_sharpe_degradation_pct=100.0% > 30%
"V2|atr_stop_mult=2.5,donchian_in=40,donchian_out=10",V2,"{""atr_stop_mult"": 2.5, ""donchian_in"": 40, ""donchian_out"": 10}",EURUSD,OK,5,1.643650,0.000000,0.000000,2.022859,100.000000,13,1,0.906169,1.000000,123,false,false,BLOCKED,min_fold_oos_trades=1 < 5; total_oos_trades=13 < 40; median_oos_sharpe=0.000 < 0.70; max_is_to_oos_sharpe_degradation_pct=100.0% > 30%
"V2|atr_stop_mult=2.5,donchian_in=40,donchian_out=10",V2,"{""atr_stop_mult"": 2.5, ""donchian_in"": 40, ""donchian_out"": 10}",GBPUSD,OK,5,0.640714,0.130450,-2.818095,1.014822,100.000000,13,2,0.809546,1.000000,123,false,false,BLOCKED,min_fold_oos_trades=2 < 5; total_oos_trades=13 < 40; median_oos_pf=0.641 < 1.30; median_oos_sharpe=-2.818 < 0.70; folds_with_oos_pf>1=2 < 3; max_is_to_oos_sharpe_degradation_pct=100.0% > 30%
"V2|atr_stop_mult=2.5,donchian_in=40,donchian_out=10",V2,"{""atr_stop_mult"": 2.5, ""donchian_in"": 40, ""donchian_out"": 10}",XAUUSD,OK,5,52.987925,1.163688,6.787634,0.507301,100.000000,12,1,0.040156,1.000000,123,true,false,BLOCKED,min_fold_oos_trades=1 < 5; total_oos_trades=12 < 40; max_is_to_oos_sharpe_degradation_pct=100.0% > 30%
"V2|atr_stop_mult=2.5,donchian_in=40,donchian_out=10",V2,"{""atr_stop_mult"": 2.5, ""donchian_in"": 40, ""donchian_out"": 10}",USDJPY,OK,5,2.117281,0.000000,1.095347,0.506620,100.000000,9,0,0.080200,1.000000,123,false,false,BLOCKED,min_fold_oos_trades=0 < 5; total_oos_trades=9 < 40; max_is_to_oos_sharpe_degradation_pct=100.0% > 30%
"V2|atr_stop_mult=2.5,donchian_in=40,donchian_out=20",V2,"{""atr_stop_mult"": 2.5, ""donchian_in"": 40, ""donchian_out"": 20}",EURUSD,OK,5,1.643650,0.000000,0.000000,2.022859,100.000000,13,1,0.906169,1.000000,123,false,false,BLOCKED,min_fold_oos_trades=1 < 5; total_oos_trades=13 < 40; median_oos_sharpe=0.000 < 0.70; max_is_to_oos_sharpe_degradation_pct=100.0% > 30%
"V2|atr_stop_mult=2.5,donchian_in=40,donchian_out=20",V2,"{""atr_stop_mult"": 2.5, ""donchian_in"": 40, ""donchian_out"": 20}",GBPUSD,OK,5,0.640714,0.130450,-2.818095,1.014822,100.000000,13,2,0.809546,1.000000,123,false,false,BLOCKED,min_fold_oos_trades=2 < 5; total_oos_trades=13 < 40; median_oos_pf=0.641 < 1.30; median_oos_sharpe=-2.818 < 0.70; folds_with_oos_pf>1=2 < 3; max_is_to_oos_sharpe_degradation_pct=100.0% > 30%
"V2|atr_stop_mult=2.5,donchian_in=40,donchian_out=20",V2,"{""atr_stop_mult"": 2.5, ""donchian_in"": 40, ""donchian_out"": 20}",XAUUSD,OK,5,52.987925,1.163688,6.787634,0.507301,100.000000,12,1,0.040156,1.000000,123,true,false,BLOCKED,min_fold_oos_trades=1 < 5; total_oos_trades=12 < 40; max_is_to_oos_sharpe_degradation_pct=100.0% > 30%
"V2|atr_stop_mult=2.5,donchian_in=40,donchian_out=20",V2,"{""atr_stop_mult"": 2.5, ""donchian_in"": 40, ""donchian_out"": 20}",USDJPY,OK,5,2.117281,0.000000,1.095347,0.506620,100.000000,9,0,0.080200,1.000000,123,false,false,BLOCKED,min_fold_oos_trades=0 < 5; total_oos_trades=9 < 40; max_is_to_oos_sharpe_degradation_pct=100.0% > 30%
"V3|atr_stop_mult=1.5,bb_length=14,bb_std=1.5",V3,"{""atr_stop_mult"": 1.5, ""bb_length"": 14, ""bb_std"": 1.5}",EURUSD,OK,5,0.769728,0.241662,-1.655141,3.410762,100.000000,78,13,0.911533,1.000000,123,false,false,BLOCKED,median_oos_pf=0.770 < 1.30; median_oos_sharpe=-1.655 < 0.70; folds_with_oos_pf>1=1 < 3; max_is_to_oos_sharpe_degradation_pct=100.0% > 30%
"V3|atr_stop_mult=1.5,bb_length=14,bb_std=1.5",V3,"{""atr_stop_mult"": 1.5, ""bb_length"": 14, ""bb_std"": 1.5}",GBPUSD,OK,5,1.055138,0.090313,0.379775,3.223255,2297.148920,76,11,0.769180,1.000000,123,false,false,BLOCKED,median_oos_pf=1.055 < 1.30; median_oos_sharpe=0.380 < 0.70; max_is_to_oos_sharpe_degradation_pct=2297.1% > 30%
"V3|atr_stop_mult=1.5,bb_length=14,bb_std=1.5",V3,"{""atr_stop_mult"": 1.5, ""bb_length"": 14, ""bb_std"": 1.5}",XAUUSD,OK,5,1.431602,0.484511,2.356950,2.623456,100.000000,66,9,0.219600,1.000000,123,false,false,BLOCKED,max_is_to_oos_sharpe_degradation_pct=100.0% > 30%
"V3|atr_stop_mult=1.5,bb_length=14,bb_std=1.5",V3,"{""atr_stop_mult"": 1.5, ""bb_length"": 14, ""bb_std"": 1.5}",USDJPY,OK,5,0.980589,0.058044,-0.062275,4.442132,4812.304968,68,10,0.785588,1.000000,123,false,false,BLOCKED,median_oos_pf=0.981 < 1.30; median_oos_sharpe=-0.062 < 0.70; folds_with_oos_pf>1=2 < 3; max_is_to_oos_sharpe_degradation_pct=4812.3% > 30%
"V3|atr_stop_mult=1.5,bb_length=14,bb_std=2.0",V3,"{""atr_stop_mult"": 1.5, ""bb_length"": 14, ""bb_std"": 2.0}",EURUSD,OK,5,0.361355,0.000000,-6.730807,2.618577,3888.605936,47,6,0.893231,1.000000,123,false,false,BLOCKED,median_oos_pf=0.361 < 1.30; median_oos_sharpe=-6.731 < 0.70; folds_with_oos_pf>1=1 < 3; max_is_to_oos_sharpe_degradation_pct=3888.6% > 30%
"V3|atr_stop_mult=1.5,bb_length=14,bb_std=2.0",V3,"{""atr_stop_mult"": 1.5, ""bb_length"": 14, ""bb_std"": 2.0}",GBPUSD,OK,5,0.559294,0.027816,-3.864506,2.481053,1263.411829,48,8,0.865992,1.000000,123,false,false,BLOCKED,median_oos_pf=0.559 < 1.30; median_oos_sharpe=-3.865 < 0.70; folds_with_oos_pf>1=2 < 3; max_is_to_oos_sharpe_degradation_pct=1263.4% > 30%
"V3|atr_stop_mult=1.5,bb_length=14,bb_std=2.0",V3,"{""atr_stop_mult"": 1.5, ""bb_length"": 14, ""bb_std"": 2.0}",XAUUSD,OK,5,1.803017,0.403000,3.707052,2.454530,649.167145,46,6,0.205040,1.000000,123,false,false,BLOCKED,max_is_to_oos_sharpe_degradation_pct=649.2% > 30%
"V3|atr_stop_mult=1.5,bb_length=14,bb_std=2.0",V3,"{""atr_stop_mult"": 1.5, ""bb_length"": 14, ""bb_std"": 2.0}",USDJPY,OK,5,0.403448,0.077101,-6.060152,2.769001,5421.521152,46,7,0.929133,1.000000,123,false,false,BLOCKED,median_oos_pf=0.403 < 1.30; median_oos_sharpe=-6.060 < 0.70; folds_with_oos_pf>1=1 < 3; max_is_to_oos_sharpe_degradation_pct=5421.5% > 30%
"V3|atr_stop_mult=1.5,bb_length=14,bb_std=2.5",V3,"{""atr_stop_mult"": 1.5, ""bb_length"": 14, ""bb_std"": 2.5}",EURUSD,OK,5,0.145561,0.000000,0.000000,1.483984,77144.036528,12,1,0.820308,1.000000,123,false,false,BLOCKED,min_fold_oos_trades=1 < 5; total_oos_trades=12 < 40; median_oos_pf=0.146 < 1.30; median_oos_sharpe=0.000 < 0.70; folds_with_oos_pf>1=2 < 3; max_is_to_oos_sharpe_degradation_pct=77144.0% > 30%
"V3|atr_stop_mult=1.5,bb_length=14,bb_std=2.5",V3,"{""atr_stop_mult"": 1.5, ""bb_length"": 14, ""bb_std"": 2.5}",GBPUSD,OK,5,1.356748,0.000000,1.927208,1.079515,945.422184,20,2,0.789037,1.000000,123,false,false,BLOCKED,min_fold_oos_trades=2 < 5; total_oos_trades=20 < 40; max_is_to_oos_sharpe_degradation_pct=945.4% > 30%
"V3|atr_stop_mult=1.5,bb_length=14,bb_std=2.5",V3,"{""atr_stop_mult"": 1.5, ""bb_length"": 14, ""bb_std"": 2.5}",XAUUSD,OK,5,2.674012,0.000000,6.156102,2.906254,34849.462084,25,2,0.766142,1.000000,123,false,false,BLOCKED,min_fold_oos_trades=2 < 5; total_oos_trades=25 < 40; max_is_to_oos_sharpe_degradation_pct=34849.5% > 30%
"V3|atr_stop_mult=1.5,bb_length=14,bb_std=2.5",V3,"{""atr_stop_mult"": 1.5, ""bb_length"": 14, ""bb_std"": 2.5}",USDJPY,OK,5,0.535211,0.000000,-4.097123,2.133256,1843.462542,26,4,0.827135,1.000000,123,false,false,BLOCKED,min_fold_oos_trades=4 < 5; total_oos_trades=26 < 40; median_oos_pf=0.535 < 1.30; median_oos_sharpe=-4.097 < 0.70; folds_with_oos_pf>1=2 < 3; max_is_to_oos_sharpe_degradation_pct=1843.5% > 30%
"V3|atr_stop_mult=1.5,bb_length=20,bb_std=1.5",V3,"{""atr_stop_mult"": 1.5, ""bb_length"": 20, ""bb_std"": 1.5}",EURUSD,OK,5,0.498645,0.012368,-4.288231,3.768165,2284.774954,63,10,0.897115,1.000000,123,false,false,BLOCKED,median_oos_pf=0.499 < 1.30; median_oos_sharpe=-4.288 < 0.70; folds_with_oos_pf>1=1 < 3; max_is_to_oos_sharpe_degradation_pct=2284.8% > 30%
"V3|atr_stop_mult=1.5,bb_length=20,bb_std=1.5",V3,"{""atr_stop_mult"": 1.5, ""bb_length"": 20, ""bb_std"": 1.5}",GBPUSD,OK,5,0.654348,0.163129,-2.466264,2.811184,100.000000,61,10,0.851788,1.000000,123,false,false,BLOCKED,median_oos_pf=0.654 < 1.30; median_oos_sharpe=-2.466 < 0.70; folds_with_oos_pf>1=2 < 3; max_is_to_oos_sharpe_degradation_pct=100.0% > 30%
"V3|atr_stop_mult=1.5,bb_length=20,bb_std=1.5",V3,"{""atr_stop_mult"": 1.5, ""bb_length"": 20, ""bb_std"": 1.5}",XAUUSD,OK,5,2.910236,0.790735,4.263493,2.647059,259.283887,53,7,0.025110,1.000000,123,true,false,BLOCKED,max_is_to_oos_sharpe_degradation_pct=259.3% > 30%
"V3|atr_stop_mult=1.5,bb_length=20,bb_std=1.5",V3,"{""atr_stop_mult"": 1.5, ""bb_length"": 20, ""bb_std"": 1.5}",USDJPY,OK,5,0.708936,0.010690,-1.996653,4.021757,100.000000,53,8,0.783989,1.000000,123,false,false,BLOCKED,median_oos_pf=0.709 < 1.30; median_oos_sharpe=-1.997 < 0.70; folds_with_oos_pf>1=2 < 3; max_is_to_oos_sharpe_degradation_pct=100.0% > 30%
"V3|atr_stop_mult=1.5,bb_length=20,bb_std=2.0",V3,"{""atr_stop_mult"": 1.5, ""bb_length"": 20, ""bb_std"": 2.0}",EURUSD,OK,5,0.283138,0.000000,-8.908957,4.029761,23607.818404,43,8,0.823816,1.000000,123,false,false,BLOCKED,median_oos_pf=0.283 < 1.30; median_oos_sharpe=-8.909 < 0.70; folds_with_oos_pf>1=1 < 3; max_is_to_oos_sharpe_degradation_pct=23607.8% > 30%
"V3|atr_stop_mult=1.5,bb_length=20,bb_std=2.0",V3,"{""atr_stop_mult"": 1.5, ""bb_length"": 20, ""bb_std"": 2.0}",GBPUSD,OK,5,0.383436,0.000000,-6.339877,2.947542,5390.893082,43,7,0.936294,1.000000,123,false,false,BLOCKED,median_oos_pf=0.383 < 1.30; median_oos_sharpe=-6.340 < 0.70; folds_with_oos_pf>1=1 < 3; max_is_to_oos_sharpe_degradation_pct=5390.9% > 30%
"V3|atr_stop_mult=1.5,bb_length=20,bb_std=2.0",V3,"{""atr_stop_mult"": 1.5, ""bb_length"": 20, ""bb_std"": 2.0}",XAUUSD,OK,5,2.959040,0.771633,4.911749,2.344520,265.269322,39,5,0.024419,1.000000,123,true,false,BLOCKED,total_oos_trades=39 < 40; max_is_to_oos_sharpe_degradation_pct=265.3% > 30%
"V3|atr_stop_mult=1.5,bb_length=20,bb_std=2.0",V3,"{""atr_stop_mult"": 1.5, ""bb_length"": 20, ""bb_std"": 2.0}",USDJPY,OK,5,0.765764,0.095181,-1.727201,2.361082,100.000000,37,4,0.888588,1.000000,123,false,false,BLOCKED,min_fold_oos_trades=4 < 5; total_oos_trades=37 < 40; median_oos_pf=0.766 < 1.30; median_oos_sharpe=-1.727 < 0.70; folds_with_oos_pf>1=0 < 3; max_is_to_oos_sharpe_degradation_pct=100.0% > 30%
"V3|atr_stop_mult=1.5,bb_length=20,bb_std=2.5",V3,"{""atr_stop_mult"": 1.5, ""bb_length"": 20, ""bb_std"": 2.5}",EURUSD,OK,5,0.497207,0.000000,-4.155510,1.844866,17982.634664,18,2,0.854048,1.000000,123,false,false,BLOCKED,min_fold_oos_trades=2 < 5; total_oos_trades=18 < 40; median_oos_pf=0.497 < 1.30; median_oos_sharpe=-4.156 < 0.70; folds_with_oos_pf>1=2 < 3; max_is_to_oos_sharpe_degradation_pct=17982.6% > 30%
"V3|atr_stop_mult=1.5,bb_length=20,bb_std=2.5",V3,"{""atr_stop_mult"": 1.5, ""bb_length"": 20, ""bb_std"": 2.5}",GBPUSD,OK,5,0.384693,0.000000,-6.022624,1.533658,497163.822680,19,2,0.813422,1.000000,123,false,false,BLOCKED,min_fold_oos_trades=2 < 5; total_oos_trades=19 < 40; median_oos_pf=0.385 < 1.30; median_oos_sharpe=-6.023 < 0.70; folds_with_oos_pf>1=2 < 3; max_is_to_oos_sharpe_degradation_pct=497163.8% > 30%
"V3|atr_stop_mult=1.5,bb_length=20,bb_std=2.5",V3,"{""atr_stop_mult"": 1.5, ""bb_length"": 20, ""bb_std"": 2.5}",XAUUSD,OK,5,7.411668,0.198821,7.416507,2.056782,661.252709,21,3,0.149561,1.000000,123,false,false,BLOCKED,min_fold_oos_trades=3 < 5; total_oos_trades=21 < 40; max_is_to_oos_sharpe_degradation_pct=661.3% > 30%
"V3|atr_stop_mult=1.5,bb_length=20,bb_std=2.5",V3,"{""atr_stop_mult"": 1.5, ""bb_length"": 20, ""bb_std"": 2.5}",USDJPY,OK,5,0.491702,0.000000,-4.987294,2.050901,47057.500478,20,2,0.829340,1.000000,123,false,false,BLOCKED,min_fold_oos_trades=2 < 5; total_oos_trades=20 < 40; median_oos_pf=0.492 < 1.30; median_oos_sharpe=-4.987 < 0.70; folds_with_oos_pf>1=1 < 3; max_is_to_oos_sharpe_degradation_pct=47057.5% > 30%
"V3|atr_stop_mult=1.5,bb_length=30,bb_std=1.5",V3,"{""atr_stop_mult"": 1.5, ""bb_length"": 30, ""bb_std"": 1.5}",EURUSD,OK,5,0.622150,0.000000,-2.926563,3.891088,3249.106161,45,6,0.877951,1.000000,123,false,false,BLOCKED,median_oos_pf=0.622 < 1.30; median_oos_sharpe=-2.927 < 0.70; folds_with_oos_pf>1=1 < 3; max_is_to_oos_sharpe_degradation_pct=3249.1% > 30%
"V3|atr_stop_mult=1.5,bb_length=30,bb_std=1.5",V3,"{""atr_stop_mult"": 1.5, ""bb_length"": 30, ""bb_std"": 1.5}",GBPUSD,OK,5,0.901551,0.340594,-0.432809,2.645347,1681.958135,42,7,0.888191,1.000000,123,false,false,BLOCKED,median_oos_pf=0.902 < 1.30; median_oos_sharpe=-0.433 < 0.70; folds_with_oos_pf>1=2 < 3; max_is_to_oos_sharpe_degradation_pct=1682.0% > 30%
"V3|atr_stop_mult=1.5,bb_length=30,bb_std=1.5",V3,"{""atr_stop_mult"": 1.5, ""bb_length"": 30, ""bb_std"": 1.5}",XAUUSD,OK,5,3.247955,0.796891,4.553361,1.714512,189.685724,34,5,0.023612,1.000000,123,true,false,BLOCKED,total_oos_trades=34 < 40; max_is_to_oos_sharpe_degradation_pct=189.7% > 30%
"V3|atr_stop_mult=1.5,bb_length=30,bb_std=1.5",V3,"{""atr_stop_mult"": 1.5, ""bb_length"": 30, ""bb_std"": 1.5}",USDJPY,OK,5,0.503859,0.355337,-4.225861,2.295946,1502.024360,42,5,0.811585,1.000000,123,false,false,BLOCKED,median_oos_pf=0.504 < 1.30; median_oos_sharpe=-4.226 < 0.70; folds_with_oos_pf>1=2 < 3; max_is_to_oos_sharpe_degradation_pct=1502.0% > 30%
"V3|atr_stop_mult=1.5,bb_length=30,bb_std=2.0",V3,"{""atr_stop_mult"": 1.5, ""bb_length"": 30, ""bb_std"": 2.0}",EURUSD,OK,5,0.328879,0.021969,-7.216506,3.135138,1613.510157,32,4,0.896489,1.000000,123,false,false,BLOCKED,min_fold_oos_trades=4 < 5; total_oos_trades=32 < 40; median_oos_pf=0.329 < 1.30; median_oos_sharpe=-7.217 < 0.70; folds_with_oos_pf>1=1 < 3; max_is_to_oos_sharpe_degradation_pct=1613.5% > 30%
"V3|atr_stop_mult=1.5,bb_length=30,bb_std=2.0",V3,"{""atr_stop_mult"": 1.5, ""bb_length"": 30, ""bb_std"": 2.0}",GBPUSD,OK,5,0.853389,0.417863,-0.909968,2.046598,397.036412,31,3,0.416266,1.000000,123,false,false,BLOCKED,min_fold_oos_trades=3 < 5; total_oos_trades=31 < 40; median_oos_pf=0.853 < 1.30; median_oos_sharpe=-0.910 < 0.70; folds_with_oos_pf>1=2 < 3; max_is_to_oos_sharpe_degradation_pct=397.0% > 30%
"V3|atr_stop_mult=1.5,bb_length=30,bb_std=2.0",V3,"{""atr_stop_mult"": 1.5, ""bb_length"": 30, ""bb_std"": 2.0}",XAUUSD,OK,5,4.525472,0.000000,7.059764,1.521331,1341.737485,24,3,0.584492,1.000000,123,false,false,BLOCKED,min_fold_oos_trades=3 < 5; total_oos_trades=24 < 40; max_is_to_oos_sharpe_degradation_pct=1341.7% > 30%
"V3|atr_stop_mult=1.5,bb_length=30,bb_std=2.0",V3,"{""atr_stop_mult"": 1.5, ""bb_length"": 30, ""bb_std"": 2.0}",USDJPY,OK,5,0.540506,0.312504,-3.895662,2.080066,2934.966759,30,3,0.825178,1.000000,123,false,false,BLOCKED,min_fold_oos_trades=3 < 5; total_oos_trades=30 < 40; median_oos_pf=0.541 < 1.30; median_oos_sharpe=-3.896 < 0.70; folds_with_oos_pf>1=1 < 3; max_is_to_oos_sharpe_degradation_pct=2935.0% > 30%
"V3|atr_stop_mult=1.5,bb_length=30,bb_std=2.5",V3,"{""atr_stop_mult"": 1.5, ""bb_length"": 30, ""bb_std"": 2.5}",EURUSD,OK,5,0.000000,0.000000,-18.831512,1.773048,11734.657403,16,2,0.948763,1.000000,123,false,false,BLOCKED,min_fold_oos_trades=2 < 5; total_oos_trades=16 < 40; median_oos_pf=0.000 < 1.30; median_oos_sharpe=-18.832 < 0.70; folds_with_oos_pf>1=0 < 3; max_is_to_oos_sharpe_degradation_pct=11734.7% > 30%
"V3|atr_stop_mult=1.5,bb_length=30,bb_std=2.5",V3,"{""atr_stop_mult"": 1.5, ""bb_length"": 30, ""bb_std"": 2.5}",GBPUSD,OK,5,0.865369,0.000000,0.000000,1.268637,214.611652,16,1,0.402047,1.000000,123,false,false,BLOCKED,min_fold_oos_trades=1 < 5; total_oos_trades=16 < 40; median_oos_pf=0.865 < 1.30; median_oos_sharpe=0.000 < 0.70; folds_with_oos_pf>1=2 < 3; max_is_to_oos_sharpe_degradation_pct=214.6% > 30%
"V3|atr_stop_mult=1.5,bb_length=30,bb_std=2.5",V3,"{""atr_stop_mult"": 1.5, ""bb_length"": 30, ""bb_std"": 2.5}",XAUUSD,OK,5,7.465463,0.000000,8.662279,2.515330,321267.728036,13,1,0.812223,1.000000,123,false,false,BLOCKED,min_fold_oos_trades=1 < 5; total_oos_trades=13 < 40; max_is_to_oos_sharpe_degradation_pct=321267.7% > 30%
"V3|atr_stop_mult=1.5,bb_length=30,bb_std=2.5",V3,"{""atr_stop_mult"": 1.5, ""bb_length"": 30, ""bb_std"": 2.5}",USDJPY,OK,5,1.076716,0.000000,0.445758,2.065800,1527.739363,17,2,0.692071,1.000000,123,false,false,BLOCKED,min_fold_oos_trades=2 < 5; total_oos_trades=17 < 40; median_oos_pf=1.077 < 1.30; median_oos_sharpe=0.446 < 0.70; max_is_to_oos_sharpe_degradation_pct=1527.7% > 30%
"V3|atr_stop_mult=2.0,bb_length=14,bb_std=1.5",V3,"{""atr_stop_mult"": 2.0, ""bb_length"": 14, ""bb_std"": 1.5}",EURUSD,OK,5,0.727418,0.267659,-2.030062,2.290791,100.000000,75,13,0.944573,1.000000,123,false,false,BLOCKED,median_oos_pf=0.727 < 1.30; median_oos_sharpe=-2.030 < 0.70; folds_with_oos_pf>1=0 < 3; max_is_to_oos_sharpe_degradation_pct=100.0% > 30%
"V3|atr_stop_mult=2.0,bb_length=14,bb_std=1.5",V3,"{""atr_stop_mult"": 2.0, ""bb_length"": 14, ""bb_std"": 1.5}",GBPUSD,OK,5,1.002341,0.077641,0.039597,2.401250,1756.635746,74,11,0.719101,1.000000,123,false,false,BLOCKED,median_oos_pf=1.002 < 1.30; median_oos_sharpe=0.040 < 0.70; max_is_to_oos_sharpe_degradation_pct=1756.6% > 30%
"V3|atr_stop_mult=2.0,bb_length=14,bb_std=1.5",V3,"{""atr_stop_mult"": 2.0, ""bb_length"": 14, ""bb_std"": 1.5}",XAUUSD,OK,5,1.635641,0.725080,3.213492,1.766735,1806.650291,63,9,0.084092,1.000000,123,false,false,BLOCKED,max_is_to_oos_sharpe_degradation_pct=1806.7% > 30%
"V3|atr_stop_mult=2.0,bb_length=14,bb_std=1.5",V3,"{""atr_stop_mult"": 2.0, ""bb_length"": 14, ""bb_std"": 1.5}",USDJPY,OK,5,1.120712,0.050755,0.607985,3.840255,4141.207765,64,9,0.675833,1.000000,123,false,false,BLOCKED,median_oos_pf=1.121 < 1.30; median_oos_sharpe=0.608 < 0.70; max_is_to_oos_sharpe_degradation_pct=4141.2% > 30%
"V3|atr_stop_mult=2.0,bb_length=14,bb_std=2.0",V3,"{""atr_stop_mult"": 2.0, ""bb_length"": 14, ""bb_std"": 2.0}",EURUSD,OK,5,0.413013,0.000000,-5.685606,1.700011,4122.464636,46,6,0.875124,1.000000,123,false,false,BLOCKED,median_oos_pf=0.413 < 1.30; median_oos_sharpe=-5.686 < 0.70; folds_with_oos_pf>1=1 < 3; max_is_to_oos_sharpe_degradation_pct=4122.5% > 30%
"V3|atr_stop_mult=2.0,bb_length=14,bb_std=2.0",V3,"{""atr_stop_mult"": 2.0, ""bb_length"": 14, ""bb_std"": 2.0}",GBPUSD,OK,5,0.478843,0.021741,-4.659922,2.395012,1378.466632,48,8,0.851966,1.000000,123,false,false,BLOCKED,median_oos_pf=0.479 < 1.30; median_oos_sharpe=-4.660 < 0.70; folds_with_oos_pf>1=2 < 3; max_is_to_oos_sharpe_degradation_pct=1378.5% > 30%
"V3|atr_stop_mult=2.0,bb_length=14,bb_std=2.0",V3,"{""atr_stop_mult"": 2.0, ""bb_length"": 14, ""bb_std"": 2.0}",XAUUSD,OK,5,1.646588,0.694536,3.076824,1.227591,303.247308,45,6,0.070928,1.000000,123,false,false,BLOCKED,max_is_to_oos_sharpe_degradation_pct=303.2% > 30%
"V3|atr_stop_mult=2.0,bb_length=14,bb_std=2.0",V3,"{""atr_stop_mult"": 2.0, ""bb_length"": 14, ""bb_std"": 2.0}",USDJPY,OK,5,0.343120,0.071287,-7.386055,2.500814,6370.851155,45,7,0.907424,1.000000,123,false,false,BLOCKED,median_oos_pf=0.343 < 1.30; median_oos_sharpe=-7.386 < 0.70; folds_with_oos_pf>1=1 < 3; max_is_to_oos_sharpe_degradation_pct=6370.9% > 30%
"V3|atr_stop_mult=2.0,bb_length=14,bb_std=2.5",V3,"{""atr_stop_mult"": 2.0, ""bb_length"": 14, ""bb_std"": 2.5}",EURUSD,OK,5,0.127813,0.000000,0.000000,1.154528,108915.201358,12,1,0.844087,1.000000,123,false,false,BLOCKED,min_fold_oos_trades=1 < 5; total_oos_trades=12 < 40; median_oos_pf=0.128 < 1.30; median_oos_sharpe=0.000 < 0.70; folds_with_oos_pf>1=2 < 3; max_is_to_oos_sharpe_degradation_pct=108915.2% > 30%
"V3|atr_stop_mult=2.0,bb_length=14,bb_std=2.5",V3,"{""atr_stop_mult"": 2.0, ""bb_length"": 14, ""bb_std"": 2.5}",GBPUSD,OK,5,1.071507,0.000000,0.423286,0.596758,824.515480,20,2,0.786707,1.000000,123,false,false,BLOCKED,min_fold_oos_trades=2 < 5; total_oos_trades=20 < 40; median_oos_pf=1.072 < 1.30; median_oos_sharpe=0.423 < 0.70; max_is_to_oos_sharpe_degradation_pct=824.5% > 30%
"V3|atr_stop_mult=2.0,bb_length=14,bb_std=2.5",V3,"{""atr_stop_mult"": 2.0, ""bb_length"": 14, ""bb_std"": 2.5}",XAUUSD,OK,5,2.018529,0.000000,4.584460,1.434059,5674.688083,25,2,0.604775,1.000000,123,false,false,BLOCKED,min_fold_oos_trades=2 < 5; total_oos_trades=25 < 40; max_is_to_oos_sharpe_degradation_pct=5674.7% > 30%
"V3|atr_stop_mult=2.0,bb_length=14,bb_std=2.5",V3,"{""atr_stop_mult"": 2.0, ""bb_length"": 14, ""bb_std"": 2.5}",USDJPY,OK,5,0.726413,0.000000,-1.947949,1.973189,98525.662378,25,4,0.821543,1.000000,123,false,false,BLOCKED,min_fold_oos_trades=4 < 5; total_oos_trades=25 < 40; median_oos_pf=0.726 < 1.30; median_oos_sharpe=-1.948 < 0.70; folds_with_oos_pf>1=2 < 3; max_is_to_oos_sharpe_degradation_pct=98525.7% > 30%
"V3|atr_stop_mult=2.0,bb_length=20,bb_std=1.5",V3,"{""atr_stop_mult"": 2.0, ""bb_length"": 20, ""bb_std"": 1.5}",EURUSD,OK,5,0.410528,0.014151,-5.596491,2.497200,12257.814848,59,9,0.914954,1.000000,123,false,false,BLOCKED,median_oos_pf=0.411 < 1.30; median_oos_sharpe=-5.596 < 0.70; folds_with_oos_pf>1=1 < 3; max_is_to_oos_sharpe_degradation_pct=12257.8% > 30%
"V3|atr_stop_mult=2.0,bb_length=20,bb_std=1.5",V3,"{""atr_stop_mult"": 2.0, ""bb_length"": 20, ""bb_std"": 1.5}",GBPUSD,OK,5,0.576803,0.191619,-3.254656,2.368544,100.000000,57,8,0.778197,1.000000,123,false,false,BLOCKED,median_oos_pf=0.577 < 1.30; median_oos_sharpe=-3.255 < 0.70; folds_with_oos_pf>1=2 < 3; max_is_to_oos_sharpe_degradation_pct=100.0% > 30%
"V3|atr_stop_mult=2.0,bb_length=20,bb_std=1.5",V3,"{""atr_stop_mult"": 2.0, ""bb_length"": 20, ""bb_std"": 1.5}",XAUUSD,OK,5,2.663288,0.653459,4.402996,2.333477,879.245577,49,7,0.047121,1.000000,123,true,false,BLOCKED,max_is_to_oos_sharpe_degradation_pct=879.2% > 30%
"V3|atr_stop_mult=2.0,bb_length=20,bb_std=1.5",V3,"{""atr_stop_mult"": 2.0, ""bb_length"": 20, ""bb_std"": 1.5}",USDJPY,OK,5,0.655472,0.012350,-2.468815,2.641709,100.000000,51,8,0.795530,1.000000,123,false,false,BLOCKED,median_oos_pf=0.655 < 1.30; median_oos_sharpe=-2.469 < 0.70; folds_with_oos_pf>1=1 < 3; max_is_to_oos_sharpe_degradation_pct=100.0% > 30%
"V3|atr_stop_mult=2.0,bb_length=20,bb_std=2.0",V3,"{""atr_stop_mult"": 2.0, ""bb_length"": 20, ""bb_std"": 2.0}",EURUSD,OK,5,0.339878,0.000000,-7.062995,3.040802,6406.979433,41,7,0.849941,1.000000,123,false,false,BLOCKED,median_oos_pf=0.340 < 1.30; median_oos_sharpe=-7.063 < 0.70; folds_with_oos_pf>1=2 < 3; max_is_to_oos_sharpe_degradation_pct=6407.0% > 30%
"V3|atr_stop_mult=2.0,bb_length=20,bb_std=2.0",V3,"{""atr_stop_mult"": 2.0, ""bb_length"": 20, ""bb_std"": 2.0}",GBPUSD,OK,5,0.320907,0.000000,-6.874329,2.671853,6329.988266,41,7,0.909712,1.000000,123,false,false,BLOCKED,median_oos_pf=0.321 < 1.30; median_oos_sharpe=-6.874 < 0.70; folds_with_oos_pf>1=1 < 3; max_is_to_oos_sharpe_degradation_pct=6330.0% > 30%
"V3|atr_stop_mult=2.0,bb_length=20,bb_std=2.0",V3,"{""atr_stop_mult"": 2.0, ""bb_length"": 20, ""bb_std"": 2.0}",XAUUSD,OK,5,2.351613,0.736413,4.146675,2.208762,876.946503,39,5,0.034719,1.000000,123,true,false,BLOCKED,total_oos_trades=39 < 40; max_is_to_oos_sharpe_degradation_pct=876.9% > 30%
"V3|atr_stop_mult=2.0,bb_length=20,bb_std=2.0",V3,"{""atr_stop_mult"": 2.0, ""bb_length"": 20, ""bb_std"": 2.0}",USDJPY,OK,5,0.694356,0.081191,-1.997994,1.793692,100.000000,35,4,0.860913,1.000000,123,false,false,BLOCKED,min_fold_oos_trades=4 < 5; total_oos_trades=35 < 40; median_oos_pf=0.694 < 1.30; median_oos_sharpe=-1.998 < 0.70; folds_with_oos_pf>1=2 < 3; max_is_to_oos_sharpe_degradation_pct=100.0% > 30%
"V3|atr_stop_mult=2.0,bb_length=20,bb_std=2.5",V3,"{""atr_stop_mult"": 2.0, ""bb_length"": 20, ""bb_std"": 2.5}",EURUSD,OK,5,0.461752,0.000000,-4.513575,1.516625,11697.827844,18,2,0.860710,1.000000,123,false,false,BLOCKED,min_fold_oos_trades=2 < 5; total_oos_trades=18 < 40; median_oos_pf=0.462 < 1.30; median_oos_sharpe=-4.514 < 0.70; folds_with_oos_pf>1=2 < 3; max_is_to_oos_sharpe_degradation_pct=11697.8% > 30%
"V3|atr_stop_mult=2.0,bb_length=20,bb_std=2.5",V3,"{""atr_stop_mult"": 2.0, ""bb_length"": 20, ""bb_std"": 2.5}",GBPUSD,OK,5,0.297791,0.000000,-7.214608,1.018293,4398.857738,19,2,0.855711,1.000000,123,false,false,BLOCKED,min_fold_oos_trades=2 < 5; total_oos_trades=19 < 40; median_oos_pf=0.298 < 1.30; median_oos_sharpe=-7.215 < 0.70; folds_with_oos_pf>1=1 < 3; max_is_to_oos_sharpe_degradation_pct=4398.9% > 30%
"V3|atr_stop_mult=2.0,bb_length=20,bb_std=2.5",V3,"{""atr_stop_mult"": 2.0, ""bb_length"": 20, ""bb_std"": 2.5}",XAUUSD,OK,5,5.753455,0.275735,6.937189,1.415160,652.958197,21,3,0.106280,1.000000,123,false,false,BLOCKED,min_fold_oos_trades=3 < 5; total_oos_trades=21 < 40; max_is_to_oos_sharpe_degradation_pct=653.0% > 30%
"V3|atr_stop_mult=2.0,bb_length=20,bb_std=2.5",V3,"{""atr_stop_mult"": 2.0, ""bb_length"": 20, ""bb_std"": 2.5}",USDJPY,OK,5,0.442096,0.000000,-5.290758,1.911450,18064.842848,20,2,0.855282,1.000000,123,false,false,BLOCKED,min_fold_oos_trades=2 < 5; total_oos_trades=20 < 40; median_oos_pf=0.442 < 1.30; median_oos_sharpe=-5.291 < 0.70; folds_with_oos_pf>1=1 < 3; max_is_to_oos_sharpe_degradation_pct=18064.8% > 30%
"V3|atr_stop_mult=2.0,bb_length=30,bb_std=1.5",V3,"{""atr_stop_mult"": 2.0, ""bb_length"": 30, ""bb_std"": 1.5}",EURUSD,OK,5,0.581795,0.000000,-3.409031,2.652265,2493.744812,39,6,0.883557,1.000000,123,false,false,BLOCKED,total_oos_trades=39 < 40; median_oos_pf=0.582 < 1.30; median_oos_sharpe=-3.409 < 0.70; folds_with_oos_pf>1=2 < 3; max_is_to_oos_sharpe_degradation_pct=2493.7% > 30%
"V3|atr_stop_mult=2.0,bb_length=30,bb_std=1.5",V3,"{""atr_stop_mult"": 2.0, ""bb_length"": 30, ""bb_std"": 1.5}",GBPUSD,OK,5,0.830015,0.318351,-0.857306,2.182877,1883.045495,41,6,0.926676,1.000000,123,false,false,BLOCKED,median_oos_pf=0.830 < 1.30; median_oos_sharpe=-0.857 < 0.70; folds_with_oos_pf>1=0 < 3; max_is_to_oos_sharpe_degradation_pct=1883.0% > 30%
"V3|atr_stop_mult=2.0,bb_length=30,bb_std=1.5",V3,"{""atr_stop_mult"": 2.0, ""bb_length"": 30, ""bb_std"": 1.5}",XAUUSD,OK,5,3.178135,0.601457,6.268356,1.658965,766.898226,33,4,0.046803,1.000000,123,true,false,BLOCKED,min_fold_oos_trades=4 < 5; total_oos_trades=33 < 40; max_is_to_oos_sharpe_degradation_pct=766.9% > 30%
"V3|atr_stop_mult=2.0,bb_length=30,bb_std=1.5",V3,"{""atr_stop_mult"": 2.0, ""bb_length"": 30, ""bb_std"": 1.5}",USDJPY,OK,5,0.544728,0.379084,-3.640517,2.054750,2033.758594,38,5,0.836303,1.000000,123,false,false,BLOCKED,total_oos_trades=38 < 40; median_oos_pf=0.545 < 1.30; median_oos_sharpe=-3.641 < 0.70; folds_with_oos_pf>1=2 < 3; max_is_to_oos_sharpe_degradation_pct=2033.8% > 30%
"V3|atr_stop_mult=2.0,bb_length=30,bb_std=2.0",V3,"{""atr_stop_mult"": 2.0, ""bb_length"": 30, ""bb_std"": 2.0}",EURUSD,OK,5,0.289672,0.019670,-8.015908,2.682094,1576.011549,30,4,0.875520,1.000000,123,false,false,BLOCKED,min_fold_oos_trades=4 < 5; total_oos_trades=30 < 40; median_oos_pf=0.290 < 1.30; median_oos_sharpe=-8.016 < 0.70; folds_with_oos_pf>1=2 < 3; max_is_to_oos_sharpe_degradation_pct=1576.0% > 30%
"V3|atr_stop_mult=2.0,bb_length=30,bb_std=2.0",V3,"{""atr_stop_mult"": 2.0, ""bb_length"": 30, ""bb_std"": 2.0}",GBPUSD,OK,5,0.708338,0.398368,-2.084565,1.762603,515.514155,31,3,0.463772,1.000000,123,false,false,BLOCKED,min_fold_oos_trades=3 < 5; total_oos_trades=31 < 40; median_oos_pf=0.708 < 1.30; median_oos_sharpe=-2.085 < 0.70; folds_with_oos_pf>1=2 < 3; max_is_to_oos_sharpe_degradation_pct=515.5% > 30%
"V3|atr_stop_mult=2.0,bb_length=30,bb_std=2.0",V3,"{""atr_stop_mult"": 2.0, ""bb_length"": 30, ""bb_std"": 2.0}",XAUUSD,OK,5,3.546443,0.000000,6.311237,1.064995,1317.044367,23,3,0.547527,1.000000,123,false,false,BLOCKED,min_fold_oos_trades=3 < 5; total_oos_trades=23 < 40; max_is_to_oos_sharpe_degradation_pct=1317.0% > 30%
"V3|atr_stop_mult=2.0,bb_length=30,bb_std=2.0",V3,"{""atr_stop_mult"": 2.0, ""bb_length"": 30, ""bb_std"": 2.0}",USDJPY,OK,5,0.579018,0.465049,-3.564071,1.237037,3731.664437,26,3,0.853746,1.000000,123,false,false,BLOCKED,min_fold_oos_trades=3 < 5; total_oos_trades=26 < 40; median_oos_pf=0.579 < 1.30; median_oos_sharpe=-3.564 < 0.70; folds_with_oos_pf>1=1 < 3; max_is_to_oos_sharpe_degradation_pct=3731.7% > 30%
"V3|atr_stop_mult=2.0,bb_length=30,bb_std=2.5",V3,"{""atr_stop_mult"": 2.0, ""bb_length"": 30, ""bb_std"": 2.5}",EURUSD,OK,5,0.000000,0.000000,-16.541803,1.638278,7441.180829,16,2,0.948306,1.000000,123,false,false,BLOCKED,min_fold_oos_trades=2 < 5; total_oos_trades=16 < 40; median_oos_pf=0.000 < 1.30; median_oos_sharpe=-16.542 < 0.70; folds_with_oos_pf>1=1 < 3; max_is_to_oos_sharpe_degradation_pct=7441.2% > 30%
"V3|atr_stop_mult=2.0,bb_length=30,bb_std=2.5",V3,"{""atr_stop_mult"": 2.0, ""bb_length"": 30, ""bb_std"": 2.5}",GBPUSD,OK,5,0.930668,0.000000,0.000000,1.200830,170.080108,16,1,0.372142,1.000000,123,false,false,BLOCKED,min_fold_oos_trades=1 < 5; total_oos_trades=16 < 40; median_oos_pf=0.931 < 1.30; median_oos_sharpe=0.000 < 0.70; folds_with_oos_pf>1=2 < 3; max_is_to_oos_sharpe_degradation_pct=170.1% > 30%
"V3|atr_stop_mult=2.0,bb_length=30,bb_std=2.5",V3,"{""atr_stop_mult"": 2.0, ""bb_length"": 30, ""bb_std"": 2.5}",XAUUSD,OK,5,9.664588,0.000000,9.174908,1.509985,333.490903,13,1,0.108204,1.000000,123,false,false,BLOCKED,min_fold_oos_trades=1 < 5; total_oos_trades=13 < 40; max_is_to_oos_sharpe_degradation_pct=333.5% > 30%
"V3|atr_stop_mult=2.0,bb_length=30,bb_std=2.5",V3,"{""atr_stop_mult"": 2.0, ""bb_length"": 30, ""bb_std"": 2.5}",USDJPY,OK,5,0.814189,0.323897,-1.126540,1.010950,433.440696,16,2,0.451186,1.000000,123,false,false,BLOCKED,min_fold_oos_trades=2 < 5; total_oos_trades=16 < 40; median_oos_pf=0.814 < 1.30; median_oos_sharpe=-1.127 < 0.70; folds_with_oos_pf>1=2 < 3; max_is_to_oos_sharpe_degradation_pct=433.4% > 30%
"V3|atr_stop_mult=2.5,bb_length=14,bb_std=1.5",V3,"{""atr_stop_mult"": 2.5, ""bb_length"": 14, ""bb_std"": 1.5}",EURUSD,OK,5,0.728268,0.260902,-2.030062,1.896213,100.000000,74,13,0.947294,1.000000,123,false,false,BLOCKED,median_oos_pf=0.728 < 1.30; median_oos_sharpe=-2.030 < 0.70; folds_with_oos_pf>1=0 < 3; max_is_to_oos_sharpe_degradation_pct=100.0% > 30%
"V3|atr_stop_mult=2.5,bb_length=14,bb_std=1.5",V3,"{""atr_stop_mult"": 2.5, ""bb_length"": 14, ""bb_std"": 1.5}",GBPUSD,OK,5,1.105366,0.083697,0.643046,1.900230,1742.397728,72,10,0.703121,1.000000,123,false,false,BLOCKED,median_oos_pf=1.105 < 1.30; median_oos_sharpe=0.643 < 0.70; max_is_to_oos_sharpe_degradation_pct=1742.4% > 30%
"V3|atr_stop_mult=2.5,bb_length=14,bb_std=1.5",V3,"{""atr_stop_mult"": 2.5, ""bb_length"": 14, ""bb_std"": 1.5}",XAUUSD,OK,5,1.320176,0.673435,1.822470,1.613101,100.000000,63,9,0.147054,1.000000,123,false,false,BLOCKED,max_is_to_oos_sharpe_degradation_pct=100.0% > 30%
"V3|atr_stop_mult=2.5,bb_length=14,bb_std=1.5",V3,"{""atr_stop_mult"": 2.5, ""bb_length"": 14, ""bb_std"": 1.5}",USDJPY,OK,5,1.121924,0.044420,0.607985,3.529504,4918.963110,63,9,0.670444,1.000000,123,false,false,BLOCKED,median_oos_pf=1.122 < 1.30; median_oos_sharpe=0.608 < 0.70; max_is_to_oos_sharpe_degradation_pct=4919.0% > 30%
"V3|atr_stop_mult=2.5,bb_length=14,bb_std=2.0",V3,"{""atr_stop_mult"": 2.5, ""bb_length"": 14, ""bb_std"": 2.0}",EURUSD,OK,5,0.416941,0.000000,-5.648602,1.361729,3130.167141,46,6,0.874986,1.000000,123,false,false,BLOCKED,median_oos_pf=0.417 < 1.30; median_oos_sharpe=-5.649 < 0.70; folds_with_oos_pf>1=1 < 3; max_is_to_oos_sharpe_degradation_pct=3130.2% > 30%
"V3|atr_stop_mult=2.5,bb_length=14,bb_std=2.0",V3,"{""atr_stop_mult"": 2.5, ""bb_length"": 14, ""bb_std"": 2.0}",GBPUSD,OK,5,0.426469,0.022542,-5.137676,1.853206,2569.629082,48,8,0.861684,1.000000,123,false,false,BLOCKED,median_oos_pf=0.426 < 1.30; median_oos_sharpe=-5.138 < 0.70; folds_with_oos_pf>1=2 < 3; max_is_to_oos_sharpe_degradation_pct=2569.6% > 30%
"V3|atr_stop_mult=2.5,bb_length=14,bb_std=2.0",V3,"{""atr_stop_mult"": 2.5, ""bb_length"": 14, ""bb_std"": 2.0}",XAUUSD,OK,5,1.507661,0.670692,2.561374,1.049049,354.537943,45,6,0.092654,1.000000,123,false,false,BLOCKED,max_is_to_oos_sharpe_degradation_pct=354.5% > 30%
"V3|atr_stop_mult=2.5,bb_length=14,bb_std=2.0",V3,"{""atr_stop_mult"": 2.5, ""bb_length"": 14, ""bb_std"": 2.0}",USDJPY,OK,5,0.349004,0.062420,-7.184765,1.966925,100.000000,45,7,0.907611,1.000000,123,false,false,BLOCKED,median_oos_pf=0.349 < 1.30; median_oos_sharpe=-7.185 < 0.70; folds_with_oos_pf>1=1 < 3; max_is_to_oos_sharpe_degradation_pct=100.0% > 30%
"V3|atr_stop_mult=2.5,bb_length=14,bb_std=2.5",V3,"{""atr_stop_mult"": 2.5, ""bb_length"": 14, ""bb_std"": 2.5}",EURUSD,OK,5,0.130567,0.000000,0.000000,0.924323,1289.662528,12,1,0.844031,1.000000,123,false,false,BLOCKED,min_fold_oos_trades=1 < 5; total_oos_trades=12 < 40; median_oos_pf=0.131 < 1.30; median_oos_sharpe=0.000 < 0.70; folds_with_oos_pf>1=2 < 3; max_is_to_oos_sharpe_degradation_pct=1289.7% > 30%
"V3|atr_stop_mult=2.5,bb_length=14,bb_std=2.5",V3,"{""atr_stop_mult"": 2.5, ""bb_length"": 14, ""bb_std"": 2.5}",GBPUSD,OK,5,0.933048,0.000000,-0.372406,0.498965,912.873552,20,2,0.807717,1.000000,123,false,false,BLOCKED,min_fold_oos_trades=2 < 5; total_oos_trades=20 < 40; median_oos_pf=0.933 < 1.30; median_oos_sharpe=-0.372 < 0.70; folds_with_oos_pf>1=2 < 3; max_is_to_oos_sharpe_degradation_pct=912.9% > 30%
"V3|atr_stop_mult=2.5,bb_length=14,bb_std=2.5",V3,"{""atr_stop_mult"": 2.5, ""bb_length"": 14, ""bb_std"": 2.5}",XAUUSD,OK,5,1.804783,0.000000,3.898994,1.171926,2473.568708,25,2,0.609196,1.000000,123,false,false,BLOCKED,min_fold_oos_trades=2 < 5; total_oos_trades=25 < 40; max_is_to_oos_sharpe_degradation_pct=2473.6% > 30%
"V3|atr_stop_mult=2.5,bb_length=14,bb_std=2.5",V3,"{""atr_stop_mult"": 2.5, ""bb_length"": 14, ""bb_std"": 2.5}",USDJPY,OK,5,0.710465,0.000000,-2.080363,1.508304,100.000000,25,4,0.820481,1.000000,123,false,false,BLOCKED,min_fold_oos_trades=4 < 5; total_oos_trades=25 < 40; median_oos_pf=0.710 < 1.30; median_oos_sharpe=-2.080 < 0.70; folds_with_oos_pf>1=2 < 3; max_is_to_oos_sharpe_degradation_pct=100.0% > 30%
"V3|atr_stop_mult=2.5,bb_length=20,bb_std=1.5",V3,"{""atr_stop_mult"": 2.5, ""bb_length"": 20, ""bb_std"": 1.5}",EURUSD,OK,5,0.404714,0.013754,-6.019516,2.148903,11620.890336,59,9,0.919673,1.000000,123,false,false,BLOCKED,median_oos_pf=0.405 < 1.30; median_oos_sharpe=-6.020 < 0.70; folds_with_oos_pf>1=1 < 3; max_is_to_oos_sharpe_degradation_pct=11620.9% > 30%
"V3|atr_stop_mult=2.5,bb_length=20,bb_std=1.5",V3,"{""atr_stop_mult"": 2.5, ""bb_length"": 20, ""bb_std"": 1.5}",GBPUSD,OK,5,0.588803,0.182266,-2.842649,1.959180,100.000000,55,8,0.768709,1.000000,123,false,false,BLOCKED,median_oos_pf=0.589 < 1.30; median_oos_sharpe=-2.843 < 0.70; folds_with_oos_pf>1=2 < 3; max_is_to_oos_sharpe_degradation_pct=100.0% > 30%
"V3|atr_stop_mult=2.5,bb_length=20,bb_std=1.5",V3,"{""atr_stop_mult"": 2.5, ""bb_length"": 20, ""bb_std"": 1.5}",XAUUSD,OK,5,2.625984,0.682794,4.529881,1.762615,501.270232,47,7,0.040876,1.000000,123,true,false,BLOCKED,max_is_to_oos_sharpe_degradation_pct=501.3% > 30%
"V3|atr_stop_mult=2.5,bb_length=20,bb_std=1.5",V3,"{""atr_stop_mult"": 2.5, ""bb_length"": 20, ""bb_std"": 1.5}",USDJPY,OK,5,0.655600,0.011320,-2.510470,2.314703,100.000000,50,8,0.794202,1.000000,123,false,false,BLOCKED,median_oos_pf=0.656 < 1.30; median_oos_sharpe=-2.510 < 0.70; folds_with_oos_pf>1=1 < 3; max_is_to_oos_sharpe_degradation_pct=100.0% > 30%
"V3|atr_stop_mult=2.5,bb_length=20,bb_std=2.0",V3,"{""atr_stop_mult"": 2.5, ""bb_length"": 20, ""bb_std"": 2.0}",EURUSD,OK,5,0.368890,0.000000,-6.333836,2.479637,4119.212728,41,7,0.861009,1.000000,123,false,false,BLOCKED,median_oos_pf=0.369 < 1.30; median_oos_sharpe=-6.334 < 0.70; folds_with_oos_pf>1=2 < 3; max_is_to_oos_sharpe_degradation_pct=4119.2% > 30%
"V3|atr_stop_mult=2.5,bb_length=20,bb_std=2.0",V3,"{""atr_stop_mult"": 2.5, ""bb_length"": 20, ""bb_std"": 2.0}",GBPUSD,OK,5,0.273068,0.000000,-7.458968,2.379704,9074.799401,41,7,0.917152,1.000000,123,false,false,BLOCKED,median_oos_pf=0.273 < 1.30; median_oos_sharpe=-7.459 < 0.70; folds_with_oos_pf>1=1 < 3; max_is_to_oos_sharpe_degradation_pct=9074.8% > 30%
"V3|atr_stop_mult=2.5,bb_length=20,bb_std=2.0",V3,"{""atr_stop_mult"": 2.5, ""bb_length"": 20, ""bb_std"": 2.0}",XAUUSD,OK,5,2.316966,0.798906,4.087605,1.579669,243.139027,38,5,0.027238,1.000000,123,true,false,BLOCKED,total_oos_trades=38 < 40; max_is_to_oos_sharpe_degradation_pct=243.1% > 30%
"V3|atr_stop_mult=2.5,bb_length=20,bb_std=2.0",V3,"{""atr_stop_mult"": 2.5, ""bb_length"": 20, ""bb_std"": 2.0}",USDJPY,OK,5,0.645696,0.077158,-2.417518,1.602649,100.000000,35,4,0.884429,1.000000,123,false,false,BLOCKED,min_fold_oos_trades=4 < 5; total_oos_trades=35 < 40; median_oos_pf=0.646 < 1.30; median_oos_sharpe=-2.418 < 0.70; folds_with_oos_pf>1=2 < 3; max_is_to_oos_sharpe_degradation_pct=100.0% > 30%
"V3|atr_stop_mult=2.5,bb_length=20,bb_std=2.5",V3,"{""atr_stop_mult"": 2.5, ""bb_length"": 20, ""bb_std"": 2.5}",EURUSD,OK,5,0.401165,0.000000,-5.188483,1.313870,23844.933624,18,2,0.865017,1.000000,123,false,false,BLOCKED,min_fold_oos_trades=2 < 5; total_oos_trades=18 < 40; median_oos_pf=0.401 < 1.30; median_oos_sharpe=-5.188 < 0.70; folds_with_oos_pf>1=2 < 3; max_is_to_oos_sharpe_degradation_pct=23844.9% > 30%
"V3|atr_stop_mult=2.5,bb_length=20,bb_std=2.5",V3,"{""atr_stop_mult"": 2.5, ""bb_length"": 20, ""bb_std"": 2.5}",GBPUSD,OK,5,0.249653,0.000000,-7.899139,0.984981,5067.622502,19,2,0.849067,1.000000,123,false,false,BLOCKED,min_fold_oos_trades=2 < 5; total_oos_trades=19 < 40; median_oos_pf=0.250 < 1.30; median_oos_sharpe=-7.899 < 0.70; folds_with_oos_pf>1=2 < 3; max_is_to_oos_sharpe_degradation_pct=5067.6% > 30%
"V3|atr_stop_mult=2.5,bb_length=20,bb_std=2.5",V3,"{""atr_stop_mult"": 2.5, ""bb_length"": 20, ""bb_std"": 2.5}",XAUUSD,OK,5,5.133213,0.435442,6.802912,0.790763,341.174781,20,3,0.068138,1.000000,123,false,false,BLOCKED,min_fold_oos_trades=3 < 5; total_oos_trades=20 < 40; max_is_to_oos_sharpe_degradation_pct=341.2% > 30%
"V3|atr_stop_mult=2.5,bb_length=20,bb_std=2.5",V3,"{""atr_stop_mult"": 2.5, ""bb_length"": 20, ""bb_std"": 2.5}",USDJPY,OK,5,0.431693,0.000000,-5.347463,1.571440,19957.100602,20,2,0.870252,1.000000,123,false,false,BLOCKED,min_fold_oos_trades=2 < 5; total_oos_trades=20 < 40; median_oos_pf=0.432 < 1.30; median_oos_sharpe=-5.347 < 0.70; folds_with_oos_pf>1=1 < 3; max_is_to_oos_sharpe_degradation_pct=19957.1% > 30%
"V3|atr_stop_mult=2.5,bb_length=30,bb_std=1.5",V3,"{""atr_stop_mult"": 2.5, ""bb_length"": 30, ""bb_std"": 1.5}",EURUSD,OK,5,0.627120,0.000000,-2.942148,1.748881,1919.328329,38,6,0.878685,1.000000,123,false,false,BLOCKED,total_oos_trades=38 < 40; median_oos_pf=0.627 < 1.30; median_oos_sharpe=-2.942 < 0.70; folds_with_oos_pf>1=1 < 3; max_is_to_oos_sharpe_degradation_pct=1919.3% > 30%
"V3|atr_stop_mult=2.5,bb_length=30,bb_std=1.5",V3,"{""atr_stop_mult"": 2.5, ""bb_length"": 30, ""bb_std"": 1.5}",GBPUSD,OK,5,0.812892,0.325142,-1.075056,1.705717,3493.704835,40,6,0.948298,1.000000,123,false,false,BLOCKED,median_oos_pf=0.813 < 1.30; median_oos_sharpe=-1.075 < 0.70; folds_with_oos_pf>1=0 < 3; max_is_to_oos_sharpe_degradation_pct=3493.7% > 30%
"V3|atr_stop_mult=2.5,bb_length=30,bb_std=1.5",V3,"{""atr_stop_mult"": 2.5, ""bb_length"": 30, ""bb_std"": 1.5}",XAUUSD,OK,5,3.183408,0.530940,6.053833,1.449198,387.275513,32,4,0.063341,1.000000,123,false,false,BLOCKED,min_fold_oos_trades=4 < 5; total_oos_trades=32 < 40; max_is_to_oos_sharpe_degradation_pct=387.3% > 30%
"V3|atr_stop_mult=2.5,bb_length=30,bb_std=1.5",V3,"{""atr_stop_mult"": 2.5, ""bb_length"": 30, ""bb_std"": 1.5}",USDJPY,OK,5,0.475132,0.366786,-4.427260,1.614756,5340.348214,36,5,0.834842,1.000000,123,false,false,BLOCKED,total_oos_trades=36 < 40; median_oos_pf=0.475 < 1.30; median_oos_sharpe=-4.427 < 0.70; folds_with_oos_pf>1=2 < 3; max_is_to_oos_sharpe_degradation_pct=5340.3% > 30%
"V3|atr_stop_mult=2.5,bb_length=30,bb_std=2.0",V3,"{""atr_stop_mult"": 2.5, ""bb_length"": 30, ""bb_std"": 2.0}",EURUSD,OK,5,0.340564,0.019320,-6.892236,1.840814,1476.823329,30,4,0.874258,1.000000,123,false,false,BLOCKED,min_fold_oos_trades=4 < 5; total_oos_trades=30 < 40; median_oos_pf=0.341 < 1.30; median_oos_sharpe=-6.892 < 0.70; folds_with_oos_pf>1=2 < 3; max_is_to_oos_sharpe_degradation_pct=1476.8% > 30%
"V3|atr_stop_mult=2.5,bb_length=30,bb_std=2.0",V3,"{""atr_stop_mult"": 2.5, ""bb_length"": 30, ""bb_std"": 2.0}",GBPUSD,OK,5,0.667416,0.410530,-2.454024,1.609804,505.814247,31,3,0.489618,1.000000,123,false,false,BLOCKED,min_fold_oos_trades=3 < 5; total_oos_trades=31 < 40; median_oos_pf=0.667 < 1.30; median_oos_sharpe=-2.454 < 0.70; folds_with_oos_pf>1=1 < 3; max_is_to_oos_sharpe_degradation_pct=505.8% > 30%
"V3|atr_stop_mult=2.5,bb_length=30,bb_std=2.0",V3,"{""atr_stop_mult"": 2.5, ""bb_length"": 30, ""bb_std"": 2.0}",XAUUSD,OK,5,3.208725,0.000000,5.957755,1.078331,1038.536090,23,3,0.533184,1.000000,123,false,false,BLOCKED,min_fold_oos_trades=3 < 5; total_oos_trades=23 < 40; max_is_to_oos_sharpe_degradation_pct=1038.5% > 30%
"V3|atr_stop_mult=2.5,bb_length=30,bb_std=2.0",V3,"{""atr_stop_mult"": 2.5, ""bb_length"": 30, ""bb_std"": 2.0}",USDJPY,OK,5,0.571423,0.453651,-3.634184,0.984061,18490.151540,25,3,0.845883,1.000000,123,false,false,BLOCKED,min_fold_oos_trades=3 < 5; total_oos_trades=25 < 40; median_oos_pf=0.571 < 1.30; median_oos_sharpe=-3.634 < 0.70; folds_with_oos_pf>1=1 < 3; max_is_to_oos_sharpe_degradation_pct=18490.2% > 30%
"V3|atr_stop_mult=2.5,bb_length=30,bb_std=2.5",V3,"{""atr_stop_mult"": 2.5, ""bb_length"": 30, ""bb_std"": 2.5}",EURUSD,OK,5,0.000000,0.000000,-20.205738,1.214996,6419.146372,16,2,0.957277,1.000000,123,false,false,BLOCKED,min_fold_oos_trades=2 < 5; total_oos_trades=16 < 40; median_oos_pf=0.000 < 1.30; median_oos_sharpe=-20.206 < 0.70; folds_with_oos_pf>1=1 < 3; max_is_to_oos_sharpe_degradation_pct=6419.1% > 30%
"V3|atr_stop_mult=2.5,bb_length=30,bb_std=2.5",V3,"{""atr_stop_mult"": 2.5, ""bb_length"": 30, ""bb_std"": 2.5}",GBPUSD,OK,5,0.931226,0.000000,0.000000,1.160141,238.810866,16,1,0.627517,1.000000,123,false,false,BLOCKED,min_fold_oos_trades=1 < 5; total_oos_trades=16 < 40; median_oos_pf=0.931 < 1.30; median_oos_sharpe=0.000 < 0.70; folds_with_oos_pf>1=2 < 3; max_is_to_oos_sharpe_degradation_pct=238.8% > 30%
"V3|atr_stop_mult=2.5,bb_length=30,bb_std=2.5",V3,"{""atr_stop_mult"": 2.5, ""bb_length"": 30, ""bb_std"": 2.5}",XAUUSD,OK,5,9.720515,0.000000,9.174908,1.506476,402.119773,13,1,0.138977,1.000000,123,false,false,BLOCKED,min_fold_oos_trades=1 < 5; total_oos_trades=13 < 40; max_is_to_oos_sharpe_degradation_pct=402.1% > 30%
"V3|atr_stop_mult=2.5,bb_length=30,bb_std=2.5",V3,"{""atr_stop_mult"": 2.5, ""bb_length"": 30, ""bb_std"": 2.5}",USDJPY,OK,5,1.111016,0.305342,0.612111,0.923489,491.065300,16,2,0.404217,1.000000,123,false,false,BLOCKED,min_fold_oos_trades=2 < 5; total_oos_trades=16 < 40; median_oos_pf=1.111 < 1.30; median_oos_sharpe=0.612 < 0.70; max_is_to_oos_sharpe_degradation_pct=491.1% > 30%
