trade_id,entry_time,exit_time,entry_timestamp,exit_timestamp,side,entry_price,stop_loss,take_profit,exit_price,exit_reason,planned_rr_at_entry,realized_r_multiple,risk_amount,intended_qty,filled_qty,qty,gross_pnl,fees,slippage_cost,net_pnl,pnl,r_multiple,equity_after_trade,reason_for_entry,reason_for_exit,mode,signal_id
1,2023-01-02 12:00:00+00:00,2023-01-03 00:15:00+00:00,2023-01-02 12:00:00+00:00,2023-01-03 00:15:00+00:00,long,0.34516902,0.3385317890564824,0.3584434818870352,0.34563086,stack_flip,2.0,0.017543469707606764,100.0,15066.524104855409,15066.524104855409,15066.524104855409,6.958323492586288,5.203976521825612,2.0815909703268236,1.7543469707606762,1.7543469707606762,0.017543469707606764,10001.75434697076,stacked_mtf_v3.3_2h_sync,stack_flip,BACKTEST_ONLY,long-2023-01-02 12:00:00+00:00
2,2023-01-03 06:00:00+00:00,2023-01-03 09:00:00+00:00,2023-01-03 06:00:00+00:00,2023-01-03 09:00:00+00:00,long,0.34926984,0.3437206728859357,0.36036817422812856,0.34473104,stack_flip,2.0,-0.8804565333087595,100.0175434697076,18023.88383947109,18023.88383947109,18023.88383947109,-81.80680397059156,6.2542956228053574,2.501715076918588,-88.06109959339692,-88.06109959339692,-0.8804565333087595,9913.693247377363,stacked_mtf_v3.3_2h_sync,stack_flip,BACKTEST_ONLY,long-2023-01-03 06:00:00+00:00
3,2023-01-04 08:00:00+00:00,2023-01-04 15:00:00+00:00,2023-01-04 08:00:00+00:00,2023-01-04 15:00:00+00:00,long,0.34946988,0.3457327522164836,0.35694413556703286,0.34533092,stack_flip,2.0,-1.2004835424114435,99.13693247377363,26527.57363851535,26527.57363851535,26527.57363851535,-109.79656618687015,9.215689693049688,3.6862716328080927,-119.01225587991983,-119.01225587991983,-1.2004835424114435,9794.680991497444,stacked_mtf_v3.3_2h_sync,stack_flip,BACKTEST_ONLY,long-2023-01-04 08:00:00+00:00
4,2023-01-09 02:00:00+00:00,2023-01-09 20:00:00+00:00,2023-01-09 02:00:00+00:00,2023-01-09 20:00:00+00:00,long,0.3495699,0.34552538137330596,0.35765893725338804,0.35002998,stack_flip,2.0,0.027266547685594854,97.94680991497444,24217.17365041183,24217.17365041183,24217.17365041183,11.141837253082185,8.47116588988364,3.3884669371656235,2.6706713631985455,2.6706713631985455,0.027266547685594854,9797.351662860643,stacked_mtf_v3.3_2h_sync,stack_flip,BACKTEST_ONLY,long-2023-01-09 02:00:00+00:00
5,2023-01-10 20:00:00+00:00,2023-01-11 01:15:00+00:00,2023-01-10 20:00:00+00:00,2023-01-11 01:15:00+00:00,long,0.35357069999999996,0.3499651571619155,0.36078178567616886,0.34903018,stack_flip,2.0,-1.3567500539249886,97.97351662860643,27173.028037203316,27173.028037203316,27173.028037203316,-123.37967726348069,9.54589670560186,3.8183538997878097,-132.92557396908254,-132.92557396908254,-1.3567500539249886,9664.42608889156,stacked_mtf_v3.3_2h_sync,stack_flip,BACKTEST_ONLY,long-2023-01-10 20:00:00+00:00
6,2023-01-11 06:00:00+00:00,2023-01-12 11:00:00+00:00,2023-01-11 06:00:00+00:00,2023-01-12 11:00:00+00:00,long,0.36277254000000003,0.35788647334629353,0.37254467330741303,0.3689262,stack_flip,2.0,1.184554170092911,96.6442608889156,19779.562527171554,19779.562527171554,19779.562527171554,121.71670274095351,7.2363404894413215,2.8945411802262857,114.48036225151219,114.48036225151219,1.184554170092911,9778.906451143072,stacked_mtf_v3.3_2h_sync,stack_flip,BACKTEST_ONLY,long-2023-01-11 06:00:00+00:00
7,2023-01-12 18:00:00+00:00,2023-01-13 12:30:00+00:00,2023-01-12 18:00:00+00:00,2023-01-13 12:30:00+00:00,long,0.375075,0.3671724757684681,0.39088004846306373,0.37312535999999996,stack_flip,2.0,-0.29405037073193296,97.78906451143071,12374.408688459625,12374.408688459625,12374.408688459625,-24.125642155368798,4.62926851774631,1.8517065161410982,-28.75491067311511,-28.75491067311511,-0.29405037073193296,9750.151540469957,stacked_mtf_v3.3_2h_sync,stack_flip,BACKTEST_ONLY,long-2023-01-12 18:00:00+00:00
8,2023-01-13 22:00:00+00:00,2023-01-14 09:15:00+00:00,2023-01-13 22:00:00+00:00,2023-01-14 09:15:00+00:00,long,0.38487696,0.3787962858365493,0.3970383083269014,0.39072184,stack_flip,2.0,0.8974466405059225,97.50151540469956,16034.655497700387,16034.655497700387,16034.655497700387,93.72063722539899,6.218229781214912,2.487295760803284,87.50240744418407,87.50240744418407,0.8974466405059225,9837.653947914141,stacked_mtf_v3.3_2h_sync,stack_flip,BACKTEST_ONLY,long-2023-01-13 22:00:00+00:00
9,2023-01-16 04:00:00+00:00,2023-01-16 07:30:00+00:00,2023-01-16 04:00:00+00:00,2023-01-16 07:30:00+00:00,long,0.40198037999999997,0.3926983346241783,0.4205444707516433,0.39282142000000003,stack_flip,2.0,-1.0295533487578958,98.3765394791414,10598.58420164563,10598.58420164563,10598.58420164563,-97.0720087595036,4.211886900459755,1.6847509446935895,-101.28389565996336,-101.28389565996336,-1.0295533487578958,9736.370052254179,stacked_mtf_v3.3_2h_sync,stack_flip,BACKTEST_ONLY,long-2023-01-16 04:00:00+00:00
10,2023-01-16 20:00:00+00:00,2023-01-16 23:00:00+00:00,2023-01-16 20:00:00+00:00,2023-01-16 23:00:00+00:00,long,0.39167832,0.385866675166062,0.4033016096678761,0.38512296,stack_flip,2.0,-1.194801271999762,97.3637005225418,16753.20899755794,16753.20899755794,16753.20899755794,-109.82331613423159,6.506957096705262,2.6027785498606018,-116.33027323093685,-116.33027323093685,-1.194801271999762,9620.039779023242,stacked_mtf_v3.3_2h_sync,stack_flip,BACKTEST_ONLY,long-2023-01-16 20:00:00+00:00
11,2023-01-20 20:00:00+00:00,2023-01-21 10:15:00+00:00,2023-01-20 20:00:00+00:00,2023-01-21 10:15:00+00:00,long,0.4045809,0.39755562036024883,0.4186314592795024,0.40421914,stack_flip,2.0,-0.1090575833686214,96.20039779023242,13693.46171587263,13693.46171587263,13693.46171587263,-4.953746710334689,5.537636191768126,2.215054367159557,-10.491382902102814,-10.491382902102814,-0.1090575833686214,9609.54839612114,stacked_mtf_v3.3_2h_sync,stack_flip,BACKTEST_ONLY,long-2023-01-20 20:00:00+00:00
12,2023-01-23 06:00:00+00:00,2023-01-24 09:30:00+00:00,2023-01-23 06:00:00+00:00,2023-01-24 09:30:00+00:00,long,0.4080816,0.40320447861036307,0.4178358427792738,0.42181562,stack_flip,2.0,2.7309288258235385,96.0954839612114,19703.320111202996,19703.320111202996,19703.320111202996,270.60579247366445,8.175865292528728,3.270357072057473,262.4299271811357,262.4299271811357,2.7309288258235385,9871.978323302275,stacked_mtf_v3.3_2h_sync,stack_flip,BACKTEST_ONLY,long-2023-01-23 06:00:00+00:00
13,2023-02-04 20:00:00+00:00,2023-02-04 23:30:00+00:00,2023-02-04 20:00:00+00:00,2023-02-04 23:30:00+00:00,long,0.41578314,0.4127755469211852,0.42179832615762963,0.41021794,stack_flip,2.0,-1.9877025858683584,71.4095662449753,23743.094352749067,23743.094352749067,23743.094352749067,-132.13506869191892,9.805910788956316,3.922359187074146,-141.94097948087523,-141.94097948087523,-1.9877025858683584,9730.037343821401,stacked_mtf_v3.3_2h_sync,stack_flip,BACKTEST_ONLY,long-2023-02-04 20:00:00+00:00
14,2023-02-15 12:00:00+00:00,2023-02-16 11:30:00+00:00,2023-02-15 12:00:00+00:00,2023-02-16 11:30:00+00:00,long,0.38717742,0.3827201209166177,0.39609201816676454,0.3964207,stack_flip,2.0,1.9858395800721933,97.300373438214,21829.44685066565,21829.44685066565,21829.44685066565,201.77568948582123,8.552756756410762,3.4211109104363207,193.22293272941047,193.22293272941047,1.9858395800721933,9923.26027655081,stacked_mtf_v3.3_2h_sync,stack_flip,BACKTEST_ONLY,long-2023-02-15 12:00:00+00:00
15,2023-02-21 08:00:00+00:00,2023-02-21 08:30:00+00:00,2023-02-21 08:00:00+00:00,2023-02-21 08:30:00+00:00,long,0.40088016,0.39592417501726546,0.41079212996546904,0.39572083999999996,stack_flip,2.0,-1.121395750665397,99.2326027655081,20022.781164836222,20022.781164836222,20022.781164836222,-103.30393531936328,7.975083749344849,3.1900294951817068,-111.27901906870812,-111.27901906870812,-1.121395750665397,9811.981257482103,stacked_mtf_v3.3_2h_sync,stack_flip,BACKTEST_ONLY,long-2023-02-21 08:00:00+00:00
16,2023-03-01 08:00:00+00:00,2023-03-01 16:00:00+00:00,2023-03-01 08:00:00+00:00,2023-03-01 16:00:00+00:00,long,0.38277654,0.37882474068961897,0.39068013862076206,0.3789242,stack_flip,2.0,-1.0712058071572075,98.11981257482103,24829.148665791006,24829.148665791006,24829.148665791006,-95.65032257117356,9.45619045615151,3.782472507746602,-105.10651302732506,-105.10651302732506,-1.0712058071572075,9706.874744454777,stacked_mtf_v3.3_2h_sync,stack_flip,BACKTEST_ONLY,long-2023-03-01 08:00:00+00:00
17,2023-03-01 20:00:00+00:00,2023-03-02 01:15:00+00:00,2023-03-01 20:00:00+00:00,2023-03-02 01:15:00+00:00,long,0.38237646,0.379744806151584,0.3876397676968319,0.38022394000000004,stack_flip,2.0,-0.9628242717122875,66.80624188355138,25385.649379291754,25385.649379291754,25385.649379291754,-54.64311800191145,9.67955318545382,3.8718192433295786,-64.32267118736527,-64.32267118736527,-0.9628242717122875,9642.552073267412,stacked_mtf_v3.3_2h_sync,stack_flip,BACKTEST_ONLY,long-2023-03-01 20:00:00+00:00
18,2023-03-07 16:00:00+00:00,2023-03-08 05:30:00+00:00,2023-03-07 16:00:00+00:00,2023-03-08 05:30:00+00:00,long,0.37837566,0.3716954313334992,0.3917361173330016,0.37562486,stack_flip,2.0,-0.46821754406176347,96.42552073267412,14434.46407998232,14434.46407998232,14434.46407998232,-39.70632379121533,5.441796711113995,2.1767171832613337,-45.14812050232933,-45.14812050232933,-0.46821754406176347,9597.403952765082,stacked_mtf_v3.3_2h_sync,stack_flip,BACKTEST_ONLY,long-2023-03-07 16:00:00+00:00
19,2023-03-08 10:00:00+00:00,2023-03-08 22:45:00+00:00,2023-03-08 10:00:00+00:00,2023-03-08 22:45:00+00:00,long,0.38347668,0.37777191408313004,0.39488621183373995,0.38702258,stack_flip,2.0,0.5540368204510209,95.97403952765082,16823.484245661886,16823.484245661886,16823.484245661886,59.65439278669233,6.4812410809520715,2.592498922256497,53.17315170574025,53.17315170574025,0.5540368204510209,9650.577104470822,stacked_mtf_v3.3_2h_sync,stack_flip,BACKTEST_ONLY,long-2023-03-08 10:00:00+00:00
20,2023-03-09 10:00:00+00:00,2023-03-09 16:30:00+00:00,2023-03-09 10:00:00+00:00,2023-03-09 16:30:00+00:00,long,0.39387876,0.3879447258185239,0.40574682836295217,0.3894221,stack_flip,2.0,-0.8170344628506987,96.50577104470821,16263.096587135336,16263.096587135336,16263.096587135336,-72.47909203602259,6.3694487714830865,2.5477767113406213,-78.84854080750569,-78.84854080750569,-0.8170344628506987,9571.728563663317,stacked_mtf_v3.3_2h_sync,stack_flip,BACKTEST_ONLY,long-2023-03-09 10:00:00+00:00
21,2023-03-13 16:00:00+00:00,2023-03-14 05:30:00+00:00,2023-03-13 16:00:00+00:00,2023-03-14 05:30:00+00:00,long,0.3740748,0.3672557813850661,0.38771283722986777,0.36802638,stack_flip,2.0,-0.9414068141625441,95.71728563663316,14036.812486038523,14036.812486038523,14036.812486038523,-84.9005373768051,5.208367554663961,2.083343709177838,-90.10890493146907,-90.10890493146907,-0.9414068141625441,9481.619658731848,stacked_mtf_v3.3_2h_sync,stack_flip,BACKTEST_ONLY,long-2023-03-13 16:00:00+00:00
22,2023-03-14 14:00:00+00:00,2023-03-14 19:15:00+00:00,2023-03-14 14:00:00+00:00,2023-03-14 19:15:00+00:00,long,0.37937586,0.37295353330114556,0.3922205133977089,0.37372524,stack_flip,2.0,-0.9384714967980464,94.81619658731849,14763.527461820155,14763.527461820155,14763.527461820155,-83.42308354631012,5.559214385688484,2.223682506299352,-88.9822979319986,-88.9822979319986,-0.9384714967980464,9392.63736079985,stacked_mtf_v3.3_2h_sync,stack_flip,BACKTEST_ONLY,long-2023-03-14 14:00:00+00:00
23,2023-03-17 12:00:00+00:00,2023-03-18 08:00:00+00:00,2023-03-17 12:00:00+00:00,2023-03-18 08:00:00+00:00,long,0.37427484,0.37162414186572895,0.3795762362685421,0.37712456,stack_flip,2.0,0.9333466787535079,66.52075872414154,25095.56175563351,25095.56175563351,25095.56175563351,71.51532424626393,9.428395022922981,3.7713610206366033,62.086929223340945,62.086929223340945,0.9333466787535079,9454.72429002319,stacked_mtf_v3.3_2h_sync,stack_flip,BACKTEST_ONLY,long-2023-03-17 12:00:00+00:00
24,2023-03-19 06:00:00+00:00,2023-03-19 07:00:00+00:00,2023-03-19 06:00:00+00:00,2023-03-19 07:00:00+00:00,long,0.38237646,0.37883861554611015,0.3894521489077796,0.37732452,stack_flip,2.0,-1.5353389785206002,87.47751860173604,24726.219522046915,24726.219522046915,24726.219522046915,-124.91537745220913,9.392266601297086,3.7569017941798077,-134.3076440535062,-134.3076440535062,-1.5353389785206002,9320.416645969684,stacked_mtf_v3.3_2h_sync,stack_flip,BACKTEST_ONLY,long-2023-03-19 06:00:00+00:00
25,2023-03-19 12:00:00+00:00,2023-03-19 20:45:00+00:00,2023-03-19 12:00:00+00:00,2023-03-19 20:45:00+00:00,long,0.3935787,0.38312594376386916,0.4144842124722617,0.38682262,stack_flip,2.0,-0.6836742863378243,93.20416645969685,8916.707168347491,8916.707168347491,8916.707168347491,-60.2419869659291,3.4793050221159225,1.3917196548356765,-63.721291988045024,-63.721291988045024,-0.6836742863378243,9256.695353981639,stacked_mtf_v3.3_2h_sync,stack_flip,BACKTEST_ONLY,long-2023-03-19 12:00:00+00:00
26,2023-03-21 14:00:00+00:00,2023-03-22 08:45:00+00:00,2023-03-21 14:00:00+00:00,2023-03-22 08:45:00+00:00,long,0.41988396,0.4075864202896144,0.4444790394207712,0.45150968,stack_flip,2.0,2.5362815583070817,92.56695353981638,7527.274212551724,7527.274212551724,7527.274212551724,238.0554666093815,3.2796094376767906,1.3118533497635148,234.77585717170473,234.77585717170473,2.5362815583070817,9491.471211153343,stacked_mtf_v3.3_2h_sync,stack_flip,BACKTEST_ONLY,long-2023-03-21 14:00:00+00:00
27,2023-03-25 16:00:00+00:00,2023-03-25 22:30:00+00:00,2023-03-25 16:00:00+00:00,2023-03-25 22:30:00+00:00,long,0.45849167999999996,0.448666693934817,0.47814165213036586,0.44781042000000004,stack_flip,2.0,-1.133274996639151,94.91471211153343,9660.54419638162,9660.54419638162,9660.54419638162,-103.18678430304232,4.3776857461617364,1.751070241036132,-107.56447004920405,-107.56447004920405,-1.133274996639151,9383.906741104138,stacked_mtf_v3.3_2h_sync,stack_flip,BACKTEST_ONLY,long-2023-03-25 16:00:00+00:00
28,2023-03-26 06:00:00+00:00,2023-03-26 13:15:00+00:00,2023-03-26 06:00:00+00:00,2023-03-26 13:15:00+00:00,long,0.45679134,0.4470440631291894,0.4762858937416212,0.45270943999999996,stack_flip,2.0,-0.4654274676023175,93.83906741104138,9627.20856858531,9627.20856858531,9627.20856858531,-39.29730265610864,4.377976851175512,1.751189238625668,-43.67527950728415,-43.67527950728415,-0.4654274676023175,9340.231461596853,stacked_mtf_v3.3_2h_sync,stack_flip,BACKTEST_ONLY,long-2023-03-26 06:00:00+00:00
29,2023-03-27 04:00:00+00:00,2023-03-27 14:45:00+00:00,2023-03-27 04:00:00+00:00,2023-03-27 14:45:00+00:00,long,0.45589115999999996,0.4456359407893505,0.4764015984212989,0.46280741999999997,stack_flip,2.0,0.6296219103044488,93.40231461596854,9107.78333426314,9107.78333426314,9107.78333426314,62.99179756343085,4.183653808067605,1.6734641098375094,58.80814375536325,58.80814375536325,0.6296219103044488,9399.039605352216,stacked_mtf_v3.3_2h_sync,stack_flip,BACKTEST_ONLY,long-2023-03-27 04:00:00+00:00
30,2023-03-28 00:00:00+00:00,2023-03-29 14:30:00+00:00,2023-03-28 00:00:00+00:00,2023-03-29 14:30:00+00:00,long,0.48099618,0.4676055959821429,0.5077773480357142,0.54649068,stack_flip,2.0,4.85272012657137,93.99039605352216,7019.140907385425,7019.140907385425,7019.140907385425,459.7151241587548,3.606037525413501,1.4424334564677048,456.1090866333413,456.1090866333413,4.85272012657137,9855.148691985558,stacked_mtf_v3.3_2h_sync,stack_flip,BACKTEST_ONLY,long-2023-03-28 00:00:00+00:00
31,2023-04-14 06:00:00+00:00,2023-04-14 15:00:00+00:00,2023-04-14 06:00:00+00:00,2023-04-14 15:00:00+00:00,long,0.54120822,0.5280692984709449,0.5674860630581103,0.5172965199999999,stack_flip,2.0,-1.860194713542648,98.55148691985558,7500.728785229497,7500.728785229497,7500.728785229497,-179.35517649377283,3.969778486309932,1.5879042838330844,-183.32495498008277,-183.32495498008277,-1.860194713542648,9671.823737005476,stacked_mtf_v3.3_2h_sync,stack_flip,BACKTEST_ONLY,long-2023-04-14 06:00:00+00:00
32,2023-04-19 00:00:00+00:00,2023-04-19 06:45:00+00:00,2023-04-19 00:00:00+00:00,2023-04-19 06:45:00+00:00,long,0.5316063,0.5276948288967839,0.5394292422064322,0.52279542,stack_flip,2.0,-2.3873577520033264,71.16367707210486,18193.583742339917,18193.583742339917,18193.583742339917,-160.3014831237073,9.591672995443624,3.8366629395846417,-169.89315611915092,-169.89315611915092,-2.3873577520033264,9501.930580886325,stacked_mtf_v3.3_2h_sync,stack_flip,BACKTEST_ONLY,long-2023-04-19 00:00:00+00:00
33,2023-04-28 06:00:00+00:00,2023-04-28 13:30:00+00:00,2023-04-28 06:00:00+00:00,2023-04-28 13:30:00+00:00,long,0.47819562000000004,0.4714085921517663,0.49176967569646757,0.4669066,stack_flip,2.0,-1.7329487034683142,95.01930580886325,14000.134953563042,14000.134953563042,14000.134953563042,-158.0478034934728,6.615779312456014,2.6463055089224867,-164.66358280592883,-164.66358280592883,-1.7329487034683142,9337.266998080397,stacked_mtf_v3.3_2h_sync,stack_flip,BACKTEST_ONLY,long-2023-04-28 06:00:00+00:00
34,2023-04-28 20:00:00+00:00,2023-04-29 08:15:00+00:00,2023-04-28 20:00:00+00:00,2023-04-29 08:15:00+00:00,long,0.47579514,0.4707881059071252,0.4858092081857496,0.47670464,stack_flip,2.0,0.08652829239100654,93.37266998080396,18648.29922242333,18648.29922242333,18648.29922242333,16.96062814279416,8.881250453366196,3.5525010018716445,8.079377689427965,8.079377689427965,0.08652829239100654,9345.346375769825,stacked_mtf_v3.3_2h_sync,stack_flip,BACKTEST_ONLY,long-2023-04-28 20:00:00+00:00
35,2023-04-29 12:00:00+00:00,2023-04-29 17:30:00+00:00,2023-04-29 12:00:00+00:00,2023-04-29 17:30:00+00:00,long,0.48049608,0.4774510095712635,0.48658622085747294,0.47560486,stack_flip,2.0,-1.7632664319780305,59.22470355045618,19449.37069157739,19449.37069157739,19449.37069157739,-95.13115091405666,9.297780800312797,3.719108663643429,-104.42893171436945,-104.42893171436945,-1.7632664319780305,9240.917444055454,stacked_mtf_v3.3_2h_sync,stack_flip,BACKTEST_ONLY,long-2023-04-29 12:00:00+00:00
36,2023-04-30 16:00:00+00:00,2023-04-30 19:15:00+00:00,2023-04-30 16:00:00+00:00,2023-04-30 19:15:00+00:00,long,0.47959589999999996,0.4769526105759661,0.4848824788480677,0.47510496,stack_flip,2.0,-1.8795862400939667,50.93125138943382,19268.132700999853,19268.132700999853,19268.132700999853,-86.53202787222719,9.197651430119341,3.6790572579289123,-95.72967930234653,-95.72967930234653,-1.8795862400939667,9145.187764753107,stacked_mtf_v3.3_2h_sync,stack_flip,BACKTEST_ONLY,long-2023-04-30 16:00:00+00:00
37,2023-05-05 18:00:00+00:00,2023-05-06 03:15:00+00:00,2023-05-05 18:00:00+00:00,2023-05-06 03:15:00+00:00,long,0.46829364,0.46150897240190225,0.48186297519619553,0.46280741999999997,stack_flip,2.0,-0.8772383383481838,91.45187764753108,13479.197959996116,13479.197959996116,13479.197959996116,-73.94984543209046,6.275247754251111,2.510096244110477,-80.22509318634157,-80.22509318634157,-0.8772383383481838,9064.962671566765,stacked_mtf_v3.3_2h_sync,stack_flip,BACKTEST_ONLY,long-2023-05-05 18:00:00+00:00
38,2023-05-16 22:00:00+00:00,2023-05-17 14:00:00+00:00,2023-05-16 22:00:00+00:00,2023-05-17 14:00:00+00:00,long,0.43318661999999997,0.42717165519007455,0.4452165496198508,0.44281142,stack_flip,2.0,1.527324144081561,90.64962671566765,15070.682802014877,15070.682802014877,15070.682802014877,145.05230783283346,6.60094429801337,2.6403836269130063,138.4513635348201,138.4513635348201,1.527324144081561,9203.414035101585,stacked_mtf_v3.3_2h_sync,stack_flip,BACKTEST_ONLY,long-2023-05-16 22:00:00+00:00
39,2023-05-17 20:00:00+00:00,2023-05-18 17:30:00+00:00,2023-05-17 20:00:00+00:00,2023-05-18 17:30:00+00:00,long,0.44768952,0.4427626459733665,0.457543268053267,0.45710856,stack_flip,2.0,1.819945245510334,92.03414035101585,18680.027103088363,18680.027103088363,18680.027103088363,175.94792248507324,8.450826328611155,3.3803377045748704,167.49709615646208,167.49709615646208,1.819945245510334,9370.911131258046,stacked_mtf_v3.3_2h_sync,stack_flip,BACKTEST_ONLY,long-2023-05-17 20:00:00+00:00
40,2023-05-18 22:00:00+00:00,2023-05-19 19:15:00+00:00,2023-05-18 22:00:00+00:00,2023-05-19 19:15:00+00:00,long,0.46399278,0.45561525565299754,0.4807478286940049,0.464907,stack_flip,2.0,0.05368771147301441,93.70911131258045,11185.776063558724,11185.776063558724,11185.776063558724,10.226260192826892,5.1952324622844825,2.07809347708794,5.03102773054241,5.03102773054241,0.05368771147301441,9375.942158988588,stacked_mtf_v3.3_2h_sync,stack_flip,BACKTEST_ONLY,long-2023-05-18 22:00:00+00:00
41,2023-05-26 02:00:00+00:00,2023-05-27 13:45:00+00:00,2023-05-26 02:00:00+00:00,2023-05-27 13:45:00+00:00,long,0.46029204,0.4576487866121892,0.4655785467756216,0.46920614,stack_flip,2.0,3.196572431899134,53.84188454717716,20369.550946370022,20369.550946370022,20369.550946370022,181.5762140910366,9.466730266034107,3.786699520930187,172.10948382500248,172.10948382500248,3.196572431899134,9548.05164281359,stacked_mtf_v3.3_2h_sync,stack_flip,BACKTEST_ONLY,long-2023-05-26 02:00:00+00:00
42,2023-05-28 04:00:00+00:00,2023-05-29 04:00:00+00:00,2023-05-28 04:00:00+00:00,2023-05-29 04:00:00+00:00,long,0.47349468,0.4707765907171256,0.47893085856574885,0.47920414,stack_flip,2.0,1.9252901745986422,54.810450758735385,20165.066358958014,20165.066358958014,20165.066358958014,115.13163977381642,9.605617462700499,3.84225174403586,105.52602231111592,105.52602231111592,1.9252901745986422,9653.577665124707,stacked_mtf_v3.3_2h_sync,stack_flip,BACKTEST_ONLY,long-2023-05-28 04:00:00+00:00
43,2023-05-29 18:00:00+00:00,2023-05-30 14:30:00+00:00,2023-05-29 18:00:00+00:00,2023-05-30 14:30:00+00:00,long,0.48319661999999997,0.4781276360244838,0.49333458795103224,0.494901,stack_flip,2.0,2.2125402731931176,96.53577665124708,19044.403595972606,19044.403595972606,19044.403595972606,222.9029365606301,9.313642915770124,3.7254662314441607,213.58929364486,213.58929364486,2.2125402731931176,9867.166958769567,stacked_mtf_v3.3_2h_sync,stack_flip,BACKTEST_ONLY,long-2023-05-29 18:00:00+00:00
44,2023-05-30 16:00:00+00:00,2023-05-31 05:15:00+00:00,2023-05-30 16:00:00+00:00,2023-05-31 05:15:00+00:00,long,0.51550308,0.4997301573811697,0.5470489252376606,0.5172965199999999,stack_flip,2.0,0.0809640819815693,98.67166958769567,6255.76324516408,6255.76324516408,6255.76324516408,11.219336034406593,3.230474888650082,1.2921904559210924,7.988861145756511,7.988861145756511,0.0809640819815693,9875.155819915324,stacked_mtf_v3.3_2h_sync,stack_flip,BACKTEST_ONLY,long-2023-05-30 16:00:00+00:00
45,2023-06-02 02:00:00+00:00,2023-06-03 09:30:00+00:00,2023-06-02 02:00:00+00:00,2023-06-03 09:30:00+00:00,long,0.51180234,0.5042179425742934,0.5269711348514132,0.52169564,stack_flip,2.0,1.2362947883267636,98.75155819915324,13020.356484016003,13020.356484016003,13020.356484016003,128.81429280331545,6.7282560625552215,2.6913076852461084,122.08603674076024,122.08603674076024,1.2362947883267636,9997.241856656085,stacked_mtf_v3.3_2h_sync,stack_flip,BACKTEST_ONLY,long-2023-06-02 02:00:00+00:00
46,2023-06-04 08:00:00+00:00,2023-06-05 01:00:00+00:00,2023-06-04 08:00:00+00:00,2023-06-05 01:00:00+00:00,long,0.52640526,0.5217284093553292,0.5357589612893416,0.5329933800000001,stack_flip,2.0,1.2954060628178343,88.82055438091972,18991.531081311925,18991.531081311925,18991.531081311925,125.11848574741435,10.059801099529793,4.023925605508371,115.05868464788456,115.05868464788456,1.2954060628178343,10112.30054130397,stacked_mtf_v3.3_2h_sync,stack_flip,BACKTEST_ONLY,long-2023-06-04 08:00:00+00:00
47,2023-06-07 06:00:00+00:00,2023-06-07 15:30:00+00:00,2023-06-07 06:00:00+00:00,2023-06-07 15:30:00+00:00,long,0.53700738,0.5275135675703502,0.5559950048592998,0.5203958999999999,stack_flip,2.0,-1.8054055488256855,101.1230054130397,10651.464431425384,10651.464431425384,10651.464431425384,-176.93658837333544,5.631446713296268,2.25257169795784,-182.5680350866317,-182.5680350866317,-1.8054055488256855,9929.732506217339,stacked_mtf_v3.3_2h_sync,stack_flip,BACKTEST_ONLY,long-2023-06-07 06:00:00+00:00
48,2023-06-08 16:00:00+00:00,2023-06-10 02:30:00+00:00,2023-06-08 16:00:00+00:00,2023-06-10 02:30:00+00:00,long,0.5239047600000001,0.5184504234371218,0.5348134331257567,0.524895,stack_flip,2.0,0.08540729282647934,99.29732506217339,18205.20679599817,18205.20679599817,18205.20679599817,18.027523977667773,9.546808259196625,3.8187241775285763,8.480715718471147,8.480715718471147,0.08540729282647934,9938.21322193581,stacked_mtf_v3.3_2h_sync,stack_flip,BACKTEST_ONLY,long-2023-06-08 16:00:00+00:00
49,2023-06-11 20:00:00+00:00,2023-06-12 07:45:00+00:00,2023-06-11 20:00:00+00:00,2023-06-12 07:45:00+00:00,long,0.5269053600000001,0.5184157779230336,0.5438845241539331,0.51249748,stack_flip,2.0,-1.758341139135804,99.3821322193581,11706.36331899032,11706.36331899032,11706.36331899032,-168.66387793641601,6.083813639915183,2.4335188067517075,-174.7476915763312,-174.7476915763312,-1.758341139135804,9763.465530359479,stacked_mtf_v3.3_2h_sync,stack_flip,BACKTEST_ONLY,long-2023-06-11 20:00:00+00:00
50,2023-06-12 22:00:00+00:00,2023-06-13 13:45:00+00:00,2023-06-12 22:00:00+00:00,2023-06-13 13:45:00+00:00,long,0.52720542,0.5196521390578497,0.5423119818843007,0.52559486,stack_flip,2.0,-0.28291813271169874,97.6346553035948,12926.125223113846,12926.125223113846,12926.125223113846,-20.818300239338736,6.804314127104661,2.7217249269788515,-27.622614366443397,-27.622614366443397,-0.28291813271169874,9735.842915993037,stacked_mtf_v3.3_2h_sync,stack_flip,BACKTEST_ONLY,long-2023-06-12 22:00:00+00:00
51,2023-06-21 02:00:00+00:00,2023-06-21 10:30:00+00:00,2023-06-21 02:00:00+00:00,2023-06-21 10:30:00+00:00,long,0.49579913999999997,0.48939219900648184,0.5086130219870362,0.49250148,stack_flip,2.0,-0.591828505028552,97.35842915993037,15195.77427955516,15195.77427955516,15195.77427955516,-50.110497010717566,7.508996570932209,3.003596744096873,-57.61949358164978,-57.61949358164978,-0.591828505028552,9678.223422411387,stacked_mtf_v3.3_2h_sync,stack_flip,BACKTEST_ONLY,long-2023-06-21 02:00:00+00:00
52,2023-06-22 02:00:00+00:00,2023-06-22 11:00:00+00:00,2023-06-22 02:00:00+00:00,2023-06-22 11:00:00+00:00,long,0.52420482,0.5048565480444133,0.5629013639111735,0.49670064,stack_flip,2.0,-1.4479139426149554,96.78223422411389,5002.112563141244,5002.112563141244,5002.112563141244,-137.57900431689808,2.5533420136227454,1.021331343142179,-140.13234633052082,-140.13234633052082,-1.4479139426149554,9538.091076080866,stacked_mtf_v3.3_2h_sync,stack_flip,BACKTEST_ONLY,long-2023-06-22 02:00:00+00:00
53,2023-07-02 04:00:00+00:00,2023-07-03 00:30:00+00:00,2023-07-02 04:00:00+00:00,2023-07-03 00:30:00+00:00,long,0.48979794000000004,0.4817971869535585,0.5057994460928832,0.48150368,stack_flip,2.0,-1.0973855534642518,95.38091076080866,11921.491665491507,11921.491665491507,11921.491665491507,-98.87995146142022,5.7896820837542,2.31586897093838,-104.66963354517442,-104.66963354517442,-1.0973855534642518,9433.421442535691,stacked_mtf_v3.3_2h_sync,stack_flip,BACKTEST_ONLY,long-2023-07-02 04:00:00+00:00
54,2023-07-03 12:00:00+00:00,2023-07-03 13:45:00+00:00,2023-07-03 12:00:00+00:00,2023-07-03 13:45:00+00:00,long,0.48549708,0.4812202309336742,0.49405077813265164,0.48080382,stack_flip,2.0,-1.2103327402308894,83.10105529113913,19430.439092518725,19430.439092518725,19430.439092518725,-91.19210257535507,9.387825391248015,3.755126659020169,-100.57992796660308,-100.57992796660308,-1.2103327402308894,9332.841514569089,stacked_mtf_v3.3_2h_sync,stack_flip,BACKTEST_ONLY,long-2023-07-03 12:00:00+00:00
55,2023-07-03 18:00:00+00:00,2023-07-04 09:30:00+00:00,2023-07-03 18:00:00+00:00,2023-07-04 09:30:00+00:00,long,0.48689736,0.4804843433274808,0.4997233933450384,0.48620274,stack_flip,2.0,-0.18418321833802195,93.32841514569088,14552.966242177106,14552.966242177106,14552.966242177106,-10.108781411140757,7.080746452779584,2.8322982900525084,-17.18952786392034,-17.18952786392034,-0.18418321833802195,9315.651986705168,stacked_mtf_v3.3_2h_sync,stack_flip,BACKTEST_ONLY,long-2023-07-03 18:00:00+00:00
56,2023-07-04 22:00:00+00:00,2023-07-05 07:00:00+00:00,2023-07-04 22:00:00+00:00,2023-07-05 07:00:00+00:00,long,0.48929784000000004,0.48430853380601,0.4992764523879801,0.48700257999999996,stack_flip,2.0,-0.5578752038415475,93.15651986705167,18671.237291322286,18671.237291322286,18671.237291322286,-42.85534410528182,9.114368404718805,3.6457457935035897,-51.969712510000626,-51.969712510000626,-0.5578752038415475,9263.682274195167,stacked_mtf_v3.3_2h_sync,stack_flip,BACKTEST_ONLY,long-2023-07-04 22:00:00+00:00
57,2023-07-10 20:00:00+00:00,2023-07-11 08:45:00+00:00,2023-07-10 20:00:00+00:00,2023-07-11 08:45:00+00:00,long,0.47869572000000005,0.4749649216327278,0.48615731673454454,0.47450508,stack_flip,2.0,-1.2510031206571075,72.19811930529939,19351.922081515928,19351.922081515928,19351.922081515928,-81.09693875168436,9.223133804819325,3.689250425620197,-90.32007255650369,-90.32007255650369,-1.2510031206571075,9173.362201638663,stacked_mtf_v3.3_2h_sync,stack_flip,BACKTEST_ONLY,long-2023-07-10 20:00:00+00:00
58,2023-07-11 22:00:00+00:00,2023-07-12 00:45:00+00:00,2023-07-11 22:00:00+00:00,2023-07-12 00:45:00+00:00,long,0.47649527999999997,0.47362683847549136,0.48223216304901717,0.47360526000000003,stack_flip,2.0,-1.1731353912039093,55.22248417348017,19251.737817085334,19251.737817085334,19251.737817085334,-55.63790732613175,9.1455432479756,3.658215220002555,-64.78345057410735,-64.78345057410735,-1.1731353912039093,9108.578751064557,stacked_mtf_v3.3_2h_sync,stack_flip,BACKTEST_ONLY,long-2023-07-11 22:00:00+00:00
59,2023-07-13 16:00:00+00:00,2023-07-14 15:30:00+00:00,2023-07-13 16:00:00+00:00,2023-07-14 15:30:00+00:00,long,0.6075214800000001,0.5523961018008144,0.7177722363983713,0.77494498,stack_flip,2.0,3.0246008683612646,91.08578751064557,1652.3385505224744,1652.3385505224744,1652.3385505224744,276.6403033133994,1.1421513133311683,0.4568716092194642,275.4981520000682,275.4981520000682,3.0246008683612646,9384.076903064624,stacked_mtf_v3.3_2h_sync,stack_flip,BACKTEST_ONLY,long-2023-07-13 16:00:00+00:00
60,2023-07-19 06:00:00+00:00,2023-07-19 08:45:00+00:00,2023-07-19 06:00:00+00:00,2023-07-19 08:45:00+00:00,long,0.79935984,0.7899608815620481,0.8181577568759039,0.77514494,stack_flip,2.0,-2.6600981965240145,93.84076903064624,9984.166825520586,9984.166825520586,9984.166825520586,-241.76560126329883,7.860059195549795,3.1440141333564324,-249.62566045884864,-249.62566045884864,-2.6600981965240145,9134.451242605775,stacked_mtf_v3.3_2h_sync,stack_flip,BACKTEST_ONLY,long-2023-07-19 06:00:00+00:00
61,2023-07-19 18:00:00+00:00,2023-07-20 07:00:00+00:00,2023-07-19 18:00:00+00:00,2023-07-20 07:00:00+00:00,long,0.8212642200000001,0.7957060676607367,0.8723805246785269,0.8193361,stack_flip,2.0,-0.10753594874610176,91.34451242605775,3573.9873216786045,3573.9873216786045,3573.9873216786045,-6.891076434675268,2.9317423718109312,1.1726967199891838,-9.8228188064862,-9.8228188064862,-0.10753594874610176,9124.62842379929,stacked_mtf_v3.3_2h_sync,stack_flip,BACKTEST_ONLY,long-2023-07-19 18:00:00+00:00
62,2023-08-09 14:00:00+00:00,2023-08-09 21:00:00+00:00,2023-08-09 14:00:00+00:00,2023-08-09 21:00:00+00:00,long,0.6556311,0.6535388845855352,0.6598155308289296,0.6415716600000001,stack_flip,2.0,-7.029888642590987,29.11803335677115,13917.320919949174,13917.320919949174,13917.320919949174,-195.66973843476913,9.026793554581905,3.6107097394716137,-204.69653198935103,-204.69653198935103,-7.029888642590987,8919.931891809938,stacked_mtf_v3.3_2h_sync,stack_flip,BACKTEST_ONLY,long-2023-08-09 14:00:00+00:00
63,2023-08-23 18:00:00+00:00,2023-08-24 09:15:00+00:00,2023-08-23 18:00:00+00:00,2023-08-24 09:15:00+00:00,long,0.53170632,0.5292709688444043,0.5365770223111913,0.52509496,stack_flip,2.0,-2.9317171051883055,40.85557313020856,16776.050154547607,16776.050154547607,16776.050154547607,-110.91250694976911,8.864475638335055,3.5457859606651825,-119.77698258810416,-119.77698258810416,-2.9317171051883055,8800.154909221834,stacked_mtf_v3.3_2h_sync,stack_flip,BACKTEST_ONLY,long-2023-08-23 18:00:00+00:00
64,2023-08-25 22:00:00+00:00,2023-08-26 05:15:00+00:00,2023-08-25 22:00:00+00:00,2023-08-26 05:15:00+00:00,long,0.5268053399999999,0.5229485987546013,0.5345188224907971,0.52009596,stack_flip,2.0,-1.8753735834959744,64.42592325334574,16704.756465114486,16704.756465114486,16704.756465114486,-112.07855893190775,8.744115629755882,3.497641908665671,-120.82267456166363,-120.82267456166363,-1.8753735834959744,8679.33223466017,stacked_mtf_v3.3_2h_sync,stack_flip,BACKTEST_ONLY,long-2023-08-25 22:00:00+00:00
65,2023-08-26 12:00:00+00:00,2023-08-26 23:30:00+00:00,2023-08-26 12:00:00+00:00,2023-08-26 23:30:00+00:00,long,0.5239047600000001,0.5226693459761863,0.5263755880476276,0.52229552,stack_flip,2.0,-1.7260125746488166,20.46663740951336,16566.62221328199,16566.62221328199,16566.62221328199,-26.659671130503025,8.66600239909492,3.4664000319071233,-35.32567352959794,-35.32567352959794,-1.7260125746488166,8644.006561130573,stacked_mtf_v3.3_2h_sync,stack_flip,BACKTEST_ONLY,long-2023-08-26 12:00:00+00:00
66,2023-08-27 04:00:00+00:00,2023-08-27 15:45:00+00:00,2023-08-27 04:00:00+00:00,2023-08-27 15:45:00+00:00,long,0.52530504,0.5238863865900109,0.5281423468199783,0.52649468,stack_flip,2.0,0.4678663127487004,23.34424467718116,16455.21345298833,16455.21345298833,16455.21345298833,19.575780132212902,8.653794451196678,3.4615187019706246,10.921985681016224,10.921985681016224,0.4678663127487004,8654.928546811589,stacked_mtf_v3.3_2h_sync,stack_flip,BACKTEST_ONLY,long-2023-08-27 04:00:00+00:00
67,2023-08-29 16:00:00+00:00,2023-08-30 03:15:00+00:00,2023-08-29 16:00:00+00:00,2023-08-30 03:15:00+00:00,long,0.53700738,0.5317630137318063,0.5474961125363874,0.5316936400000001,stack_flip,2.0,-1.1151186265283881,84.52326171853602,16116.963880108293,16116.963880108293,16116.963880108293,-85.64135564828592,8.612107868987446,3.444839859734347,-94.25346351727337,-94.25346351727337,-1.1151186265283881,8560.675083294314,stacked_mtf_v3.3_2h_sync,stack_flip,BACKTEST_ONLY,long-2023-08-29 16:00:00+00:00
68,2023-09-04 02:00:00+00:00,2023-09-04 07:15:00+00:00,2023-09-04 02:00:00+00:00,2023-09-04 07:15:00+00:00,long,0.50840166,0.5066911366911457,0.5118227066177085,0.5023995,stack_flip,2.0,-3.80442671918861,28.802491064845523,16838.40899200509,16838.40899200509,16838.40899200509,-101.06682491545291,8.510141670836587,3.404052761823749,-109.5769665862895,-109.5769665862895,-3.80442671918861,8451.098116708024,stacked_mtf_v3.3_2h_sync,stack_flip,BACKTEST_ONLY,long-2023-09-04 02:00:00+00:00
69,2023-09-04 18:00:00+00:00,2023-09-05 00:45:00+00:00,2023-09-04 18:00:00+00:00,2023-09-05 00:45:00+00:00,long,0.5070013800000001,0.5040167214783668,0.5129706970432665,0.50459906,stack_flip,2.0,-0.97435609431418,49.75063778167818,16668.78720666998,16668.78720666998,16668.78720666998,-40.04376088232857,8.431076236266861,3.3724290276534705,-48.47483711859543,-48.47483711859543,-0.97435609431418,8402.623279589428,stacked_mtf_v3.3_2h_sync,stack_flip,BACKTEST_ONLY,long-2023-09-04 18:00:00+00:00
70,2023-09-14 16:00:00+00:00,2023-09-15 12:30:00+00:00,2023-09-14 16:00:00+00:00,2023-09-15 12:30:00+00:00,long,0.48809759999999996,0.4866746606337458,0.49094347873250826,0.49210156000000005,stack_flip,2.0,2.469437913753295,24.495968520089736,17215.047317564007,17215.047317564007,17215.047317564007,68.92836085763503,8.437087460018247,3.3748378761352478,60.49127339761678,60.49127339761678,2.469437913753295,8463.114552987045,stacked_mtf_v3.3_2h_sync,stack_flip,BACKTEST_ONLY,long-2023-09-14 16:00:00+00:00
71,2023-09-15 18:00:00+00:00,2023-09-16 06:45:00+00:00,2023-09-15 18:00:00+00:00,2023-09-16 06:45:00+00:00,long,0.49469892,0.4932132710522601,0.49767021789547977,0.49860025999999996,stack_flip,2.0,2.291719329239594,25.415897876323186,17107.606689311237,17107.606689311237,17107.606689311237,66.74259028127707,8.496485848127682,3.3985971448985697,58.24610443314939,58.24610443314939,2.291719329239594,8521.360657420193,stacked_mtf_v3.3_2h_sync,stack_flip,BACKTEST_ONLY,long-2023-09-15 18:00:00+00:00
72,2023-09-16 18:00:00+00:00,2023-09-16 19:30:00+00:00,2023-09-16 18:00:00+00:00,2023-09-16 19:30:00+00:00,long,0.5025004799999999,0.5010305892237522,0.5054402615524953,0.49999998,stack_flip,2.0,-2.0421586953982285,24.926283516031734,16957.91545795179,16957.91545795179,16957.91545795179,-42.403267602606846,8.50015902361889,3.4000620493193336,-50.90342662622574,-50.90342662622574,-2.0421586953982285,8470.457230793967,stacked_mtf_v3.3_2h_sync,stack_flip,BACKTEST_ONLY,long-2023-09-16 18:00:00+00:00
73,2023-09-18 14:00:00+00:00,2023-09-19 07:30:00+00:00,2023-09-18 14:00:00+00:00,2023-09-19 07:30:00+00:00,long,0.5026004999999999,0.5010585317019115,0.5056844365961767,0.50399918,stack_flip,2.0,0.5806735204025378,25.987193646241675,16853.260652932036,16853.260652932036,16853.260652932036,23.572318610044608,8.48224339009899,3.3928984346482776,15.090075219945618,15.090075219945618,0.5806735204025378,8485.547306013912,stacked_mtf_v3.3_2h_sync,stack_flip,BACKTEST_ONLY,long-2023-09-18 14:00:00+00:00
74,2023-09-19 10:00:00+00:00,2023-09-19 14:00:00+00:00,2023-09-19 10:00:00+00:00,2023-09-19 14:00:00+00:00,long,0.5090017800000001,0.5071224892458577,0.5127603615082849,0.50669864,stack_flip,2.0,-1.495771851058181,31.329577267941648,16670.958019073943,16670.958019073943,16670.958019073943,-38.3955502520515,8.466349530887886,3.386538411994681,-46.86189978293939,-46.86189978293939,-1.495771851058181,8438.685406230972,stacked_mtf_v3.3_2h_sync,stack_flip,BACKTEST_ONLY,long-2023-09-19 10:00:00+00:00
75,2023-09-19 16:00:00+00:00,2023-09-20 00:30:00+00:00,2023-09-19 16:00:00+00:00,2023-09-20 00:30:00+00:00,long,0.5121024,0.5092498784149088,0.5178074431701823,0.5115976600000001,stack_flip,2.0,-0.3563829403826903,47.00531040484854,16478.51173169853,16478.51173169853,16478.51173169853,-8.317364011455744,8.434526724225245,3.3738104919479577,-16.751890735680988,-16.751890735680988,-0.3563829403826903,8421.933515495291,stacked_mtf_v3.3_2h_sync,stack_flip,BACKTEST_ONLY,long-2023-09-19 16:00:00+00:00
76,2023-09-20 02:00:00+00:00,2023-09-20 06:30:00+00:00,2023-09-20 02:00:00+00:00,2023-09-20 06:30:00+00:00,long,0.51690336,0.5144906682409037,0.5217287435181927,0.5143970999999999,stack_flip,2.0,-1.2525057204704726,39.31011318729383,16293.052371521228,16293.052371521228,16293.052371521228,-40.83462543665031,8.401516202776966,3.3606049821499684,-49.23614163942728,-49.23614163942728,-1.2525057204704726,8372.697373855864,stacked_mtf_v3.3_2h_sync,stack_flip,BACKTEST_ONLY,long-2023-09-20 02:00:00+00:00
77,2023-09-20 16:00:00+00:00,2023-09-20 19:15:00+00:00,2023-09-20 16:00:00+00:00,2023-09-20 19:15:00+00:00,long,0.51920382,0.5147057615606986,0.5281999368786028,0.51309736,stack_flip,2.0,-1.4723264891659793,72.53583396630064,16126.031919133155,16126.031919133155,16126.031919133155,-98.47296887291041,8.32346088941941,3.329380550024231,-106.79642976232982,-106.79642976232982,-1.4723264891659793,8265.900944093535,stacked_mtf_v3.3_2h_sync,stack_flip,BACKTEST_ONLY,long-2023-09-20 16:00:00+00:00
78,2023-09-20 22:00:00+00:00,2023-09-21 00:15:00+00:00,2023-09-20 22:00:00+00:00,2023-09-21 00:15:00+00:00,long,0.5225044799999999,0.5184931072885341,0.5305272254229315,0.5173964999999999,stack_flip,2.0,-1.4029936619735144,63.45899557227931,15819.7704718121,15819.7704718121,15819.7704718121,-80.80707117460696,8.225497408506232,3.2901958627274803,-89.03256858311319,-89.03256858311319,-1.4029936619735144,8176.868375510422,stacked_mtf_v3.3_2h_sync,stack_flip,BACKTEST_ONLY,long-2023-09-20 22:00:00+00:00
79,2023-09-27 20:00:00+00:00,2023-09-27 21:00:00+00:00,2023-09-27 20:00:00+00:00,2023-09-27 21:00:00+00:00,long,0.5045008799999999,0.502831464923896,0.5078397101522079,0.50069984,stack_flip,2.0,-2.577933086625552,27.057608584141278,16207.837686052051,16207.837686052051,16207.837686052051,-61.60663935819003,8.146065055831327,3.258423688403904,-69.75270441402135,-69.75270441402135,-2.577933086625552,8107.115671096401,stacked_mtf_v3.3_2h_sync,stack_flip,BACKTEST_ONLY,long-2023-09-27 20:00:00+00:00
80,2023-09-28 18:00:00+00:00,2023-09-29 21:45:00+00:00,2023-09-28 18:00:00+00:00,2023-09-29 21:45:00+00:00,long,0.5090017800000001,0.5066911084349276,0.513623123130145,0.5224954799999999,stack_flip,2.0,5.616527924682698,36.80317514008676,15927.480000357562,15927.480000357562,15927.480000357562,214.92063688082214,8.214575989536812,3.285839124073765,206.70606089128535,206.70606089128535,5.616527924682698,8313.821731987686,stacked_mtf_v3.3_2h_sync,stack_flip,BACKTEST_ONLY,long-2023-09-28 18:00:00+00:00
81,2023-10-02 04:00:00+00:00,2023-10-02 05:30:00+00:00,2023-10-02 04:00:00+00:00,2023-10-02 05:30:00+00:00,long,0.5259051600000001,0.5232580752320658,0.5311993295358687,0.52179562,stack_flip,2.0,-1.7503747693036058,41.846691274270256,15808.595093434116,15808.595093434116,15808.595093434116,-64.96605388027247,8.28133870504755,3.3125330158781847,-73.24739258532001,-73.24739258532001,-1.7503747693036058,8240.574339402367,stacked_mtf_v3.3_2h_sync,stack_flip,BACKTEST_ONLY,long-2023-10-02 04:00:00+00:00
82,2023-10-02 10:00:00+00:00,2023-10-02 11:45:00+00:00,2023-10-02 10:00:00+00:00,2023-10-02 11:45:00+00:00,long,0.5236046999999999,0.5217867726112619,0.5272405547774759,0.52109576,stack_flip,2.0,-1.6674429621219609,28.610831397294522,15738.159606669627,15738.159606669627,15738.159606669627,-39.486098163556186,8.220831290320588,3.2883310682175524,-47.706929453876775,-47.706929453876775,-1.6674429621219609,8192.86740994849,stacked_mtf_v3.3_2h_sync,stack_flip,BACKTEST_ONLY,long-2023-10-02 10:00:00+00:00
83,2023-10-04 00:00:00+00:00,2023-10-04 19:30:00+00:00,2023-10-04 00:00:00+00:00,2023-10-04 19:30:00+00:00,long,0.53450688,0.523942707164666,0.5556352256706681,0.5297940200000001,stack_flip,2.0,-0.4964904050468492,81.92867409948491,7755.332611130471,7755.332611130471,7755.332611130471,-36.54979684969181,4.127003738912756,1.650800099605232,-40.676800588604564,-40.676800588604564,-0.4964904050468492,8152.190609359886,stacked_mtf_v3.3_2h_sync,stack_flip,BACKTEST_ONLY,long-2023-10-04 00:00:00+00:00
84,2023-10-06 22:00:00+00:00,2023-10-07 00:45:00+00:00,2023-10-06 22:00:00+00:00,2023-10-07 00:45:00+00:00,long,0.5286057,0.5263960974761559,0.5330249050476881,0.52409516,stack_flip,2.0,-2.2795459254079997,34.07663017122105,15422.06338176052,15422.06338176052,15422.06338176052,-69.56183376596535,8.117409692476905,3.24696122439586,-77.67924345844224,-77.67924345844224,-2.2795459254079997,8074.511365901444,stacked_mtf_v3.3_2h_sync,stack_flip,BACKTEST_ONLY,long-2023-10-06 22:00:00+00:00
85,2023-10-16 06:00:00+00:00,2023-10-16 16:15:00+00:00,2023-10-16 06:00:00+00:00,2023-10-16 16:15:00+00:00,long,0.49249848,0.49065400608223375,0.49618742783553255,0.49180162,stack_flip,2.0,-0.6446337020801911,30.240145336311443,16394.997535629846,16394.997535629846,16394.997535629846,-11.425017982679364,8.068798856910105,3.2275192148640914,-19.49381683958947,-19.49381683958947,-0.6446337020801911,8055.017549061855,stacked_mtf_v3.3_2h_sync,stack_flip,BACKTEST_ONLY,long-2023-10-16 06:00:00+00:00
86,2023-10-16 20:00:00+00:00,2023-10-17 00:45:00+00:00,2023-10-16 20:00:00+00:00,2023-10-17 00:45:00+00:00,long,0.4960992,0.4932890182607638,0.5017195634784724,0.49360126000000004,stack_flip,2.0,-1.0649810253245096,45.628098625437644,16236.707394532898,16236.707394532898,16236.707394532898,-40.55832086909912,8.034738388627305,3.213893861673842,-48.59305925772642,-48.59305925772642,-1.0649810253245096,8006.424489804129,stacked_mtf_v3.3_2h_sync,stack_flip,BACKTEST_ONLY,long-2023-10-16 20:00:00+00:00
87,2023-10-17 20:00:00+00:00,2023-10-17 22:15:00+00:00,2023-10-17 20:00:00+00:00,2023-10-17 22:15:00+00:00,long,0.49319862,0.49158143523479053,0.49643298953041887,0.49160166000000005,stack_flip,2.0,-1.2919736723647206,26.25284658888754,16233.671719933298,16233.671719933298,16233.671719933298,-25.924524389863464,7.993462227609197,3.1973839819580627,-33.917986617472664,-33.917986617472664,-1.2919736723647206,7972.506503186656,stacked_mtf_v3.3_2h_sync,stack_flip,BACKTEST_ONLY,long-2023-10-17 20:00:00+00:00
88,2023-10-19 22:00:00+00:00,2023-10-20 23:15:00+00:00,2023-10-19 22:00:00+00:00,2023-10-20 23:15:00+00:00,long,0.5055010799999999,0.4993160726063763,0.5178710947872472,0.5172965199999999,stack_flip,2.0,1.824418384953446,79.72506503186656,12890.051694046153,12890.051694046153,12890.051694046153,152.04383135401963,6.591956968273169,2.6367889745340807,145.45187438574646,145.45187438574646,1.824418384953446,8117.958377572402,stacked_mtf_v3.3_2h_sync,stack_flip,BACKTEST_ONLY,long-2023-10-19 22:00:00+00:00
89,2023-10-21 16:00:00+00:00,2023-10-21 20:15:00+00:00,2023-10-21 16:00:00+00:00,2023-10-21 20:15:00+00:00,long,0.5226044999999999,0.5208120591001268,0.5261893817997461,0.52019594,stack_flip,2.0,-1.6346202656987874,27.843159826270185,15533.655713971853,15533.655713971853,15533.655713971853,-37.41374180644239,8.099251506669182,3.2396992357059697,-45.51299331311157,-45.51299331311157,-1.6346202656987874,8072.44538425929,stacked_mtf_v3.3_2h_sync,stack_flip,BACKTEST_ONLY,long-2023-10-21 16:00:00+00:00
90,2023-10-23 08:00:00+00:00,2023-10-24 05:45:00+00:00,2023-10-23 08:00:00+00:00,2023-10-24 05:45:00+00:00,long,0.5257051199999999,0.5224515470043065,0.5322122659913867,0.5405918599999999,stack_flip,2.0,4.4116396125119,49.96011891882631,15355.462743561051,15355.462743561051,15355.462743561051,228.59278144308018,8.186741774980831,3.27470598469183,220.40603966809937,220.40603966809937,4.4116396125119,8292.85142392739,stacked_mtf_v3.3_2h_sync,stack_flip,BACKTEST_ONLY,long-2023-10-23 08:00:00+00:00
91,2023-10-24 10:00:00+00:00,2023-10-24 15:30:00+00:00,2023-10-24 10:00:00+00:00,2023-10-24 15:30:00+00:00,long,0.54830964,0.5433143492596053,0.5583002214807895,0.55048988,stack_flip,2.0,0.3264755396141516,75.55074889694397,15124.394719610236,15124.394719610236,15124.394719610236,32.97481034348218,8.309338829099131,3.3237369835815453,24.66547151438305,24.66547151438305,0.3264755396141516,8317.516895441773,stacked_mtf_v3.3_2h_sync,stack_flip,BACKTEST_ONLY,long-2023-10-24 10:00:00+00:00
92,2023-10-29 12:00:00+00:00,2023-10-30 02:15:00+00:00,2023-10-29 12:00:00+00:00,2023-10-30 02:15:00+00:00,long,0.5554110600000001,0.5525117564126781,0.5612096671746439,0.55318934,stack_flip,2.0,-0.9574782758656483,43.41830458429315,14975.425400138363,14975.425400138363,14975.425400138363,-33.27120211999681,8.300881294381776,3.3203513197186783,-41.57208341437858,-41.57208341437858,-0.9574782758656483,8275.944812027394,stacked_mtf_v3.3_2h_sync,stack_flip,BACKTEST_ONLY,long-2023-10-29 12:00:00+00:00
93,2023-10-30 10:00:00+00:00,2023-10-31 03:45:00+00:00,2023-10-30 10:00:00+00:00,2023-10-31 03:45:00+00:00,long,0.55821162,0.5560757670681326,0.562483325863735,0.57378522,stack_flip,2.0,7.026514492680069,31.6657703950019,14825.81966320836,14825.81966320836,14825.81966320836,230.8913851069412,8.391390504580864,3.3565655717503726,222.49999460236032,222.49999460236032,7.026514492680069,8498.444806629754,stacked_mtf_v3.3_2h_sync,stack_flip,BACKTEST_ONLY,long-2023-10-30 10:00:00+00:00
94,2023-10-31 12:00:00+00:00,2023-11-01 00:30:00+00:00,2023-10-31 12:00:00+00:00,2023-11-01 00:30:00+00:00,long,0.6132226199999999,0.5930115801624443,0.6536446996751113,0.59548088,stack_flip,2.0,-0.9077262673001948,84.98444806629753,4204.852830401206,4204.852830401206,4204.852830401206,-74.60140565524209,2.541210166545422,1.0164811232211877,-77.14261582178752,-77.14261582178752,-0.9077262673001948,8421.302190807966,stacked_mtf_v3.3_2h_sync,stack_flip,BACKTEST_ONLY,long-2023-10-31 12:00:00+00:00
95,2023-11-01 08:00:00+00:00,2023-11-01 13:45:00+00:00,2023-11-01 08:00:00+00:00,2023-11-01 13:45:00+00:00,long,0.60072012,0.5921197527412376,0.6179208545175247,0.5983803000000001,stack_flip,2.0,-0.3417726384887986,84.21302190807967,9791.793696051831,9791.793696051831,9791.793696051831,-22.911034725894833,5.870671966744553,2.3482679641871504,-28.781706692639386,-28.781706692639386,-0.3417726384887986,8392.520484115326,stacked_mtf_v3.3_2h_sync,stack_flip,BACKTEST_ONLY,long-2023-11-01 08:00:00+00:00
96,2023-11-01 18:00:00+00:00,2023-11-02 04:45:00+00:00,2023-11-01 18:00:00+00:00,2023-11-02 04:45:00+00:00,long,0.60582114,0.5948062157329458,0.6278509885341084,0.6058787999999999,stack_flip,2.0,-0.04976792910321546,83.92520484115326,7619.22667885923,7619.22667885923,7619.22667885923,0.4393246103027139,4.616108254810064,1.8464433933547457,-4.17678364450735,-4.17678364450735,-0.04976792910321546,8388.34370047082,stacked_mtf_v3.3_2h_sync,stack_flip,BACKTEST_ONLY,long-2023-11-01 18:00:00+00:00
97,2023-11-02 10:00:00+00:00,2023-11-02 13:30:00+00:00,2023-11-02 10:00:00+00:00,2023-11-02 13:30:00+00:00,long,0.6147229200000001,0.6059231647216721,0.632322430556656,0.61197758,stack_flip,2.0,-0.38167996083616224,83.8834370047082,9532.473841777855,9532.473841777855,9532.473841777855,-26.169881736786802,5.846745213972908,2.3386971323417787,-32.01662695075971,-32.01662695075971,-0.38167996083616224,8356.32707352006,stacked_mtf_v3.3_2h_sync,stack_flip,BACKTEST_ONLY,long-2023-11-02 10:00:00+00:00
98,2023-11-03 14:00:00+00:00,2023-11-03 17:45:00+00:00,2023-11-03 14:00:00+00:00,2023-11-03 17:45:00+00:00,long,0.60882174,0.6020635034016593,0.6223382131966815,0.6043791000000001,stack_flip,2.0,-0.7471239496468082,83.5632707352006,12364.65600445489,12364.65600445489,12364.65600445489,-54.93171535163076,7.500405525457858,3.000160132920935,-62.432120877088614,-62.432120877088614,-0.7471239496468082,8293.894952642971,stacked_mtf_v3.3_2h_sync,stack_flip,BACKTEST_ONLY,long-2023-11-03 14:00:00+00:00
99,2023-11-03 20:00:00+00:00,2023-11-04 00:00:00+00:00,2023-11-03 20:00:00+00:00,2023-11-04 00:00:00+00:00,long,0.6121224,0.6065142747096375,0.6233386505807249,0.61047788,stack_flip,2.0,-0.4022413949767738,75.98676676352105,13549.406054480234,13549.406054480234,13549.406054480234,-22.282269244712847,8.282753818020614,3.3131007684415072,-30.56502306273346,-30.56502306273346,-0.4022413949767738,8263.329929580237,stacked_mtf_v3.3_2h_sync,stack_flip,BACKTEST_ONLY,long-2023-11-03 20:00:00+00:00
100,2023-11-04 06:00:00+00:00,2023-11-04 09:45:00+00:00,2023-11-04 06:00:00+00:00,2023-11-04 09:45:00+00:00,long,0.6126225000000001,0.6107757012901083,0.6163160974197837,0.61367724,stack_flip,2.0,0.2391111319467058,24.91045799551769,13488.45321479416,13488.45321479416,13488.45321479416,14.226811143771224,8.270443335152121,3.3081780354604153,5.9563678086191025,5.9563678086191025,0.2391111319467058,8269.286297388857,stacked_mtf_v3.3_2h_sync,stack_flip,BACKTEST_ONLY,long-2023-11-04 06:00:00+00:00
101,2023-11-05 02:00:00+00:00,2023-11-07 00:15:00+00:00,2023-11-05 02:00:00+00:00,2023-11-07 00:15:00+00:00,long,0.620124,0.6178009949551625,0.624770010089675,0.70645868,stack_flip,2.0,36.879553426020436,30.977020379859546,13334.891565862403,13334.891565862403,13334.891565862403,1151.2635961734295,8.844918095475572,3.5380134302546127,1142.418678077954,1142.418678077954,36.879553426020436,9411.704975466811,stacked_mtf_v3.3_2h_sync,stack_flip,BACKTEST_ONLY,long-2023-11-05 02:00:00+00:00
102,2023-11-26 12:00:00+00:00,2023-11-26 14:15:00+00:00,2023-11-26 12:00:00+00:00,2023-11-26 14:15:00+00:00,long,0.63282654,0.6260872934406733,0.6463050331186536,0.6233753000000001,stack_flip,2.0,-1.4956183649417993,94.11704975466812,13965.515124894011,13965.515124894011,13965.515124894011,-131.99143516900287,8.771752898219844,3.5086960199783714,-140.7631880672227,-140.7631880672227,-1.4956183649417993,9270.941787399588,stacked_mtf_v3.3_2h_sync,stack_flip,BACKTEST_ONLY,long-2023-11-26 12:00:00+00:00
103,2023-12-01 10:00:00+00:00,2023-12-01 14:00:00+00:00,2023-12-01 10:00:00+00:00,2023-12-01 14:00:00+00:00,long,0.61302258,0.6113985553144078,0.6162706293711844,0.60757846,stack_flip,2.0,-3.7280347852546436,24.56065863255015,15123.328389305967,15123.328389305967,15123.328389305967,-82.33321455078752,9.229775180124195,3.691906926397373,-91.56298973091171,-91.56298973091171,-3.7280347852546436,9179.378797668676,stacked_mtf_v3.3_2h_sync,stack_flip,BACKTEST_ONLY,long-2023-12-01 10:00:00+00:00
104,2023-12-02 06:00:00+00:00,2023-12-02 14:45:00+00:00,2023-12-02 06:00:00+00:00,2023-12-02 14:45:00+00:00,long,0.61492296,0.6127426023149839,0.6192836753700323,0.61147768,stack_flip,2.0,-1.8613828125039893,32.547701756283324,14927.689149334537,14927.689149334537,14927.689149334537,-51.43006887241922,9.153663763232467,3.6614635945487755,-60.583732635651685,-60.583732635651685,-1.8613828125039893,9118.795065033024,stacked_mtf_v3.3_2h_sync,stack_flip,BACKTEST_ONLY,long-2023-12-02 06:00:00+00:00
105,2023-12-02 20:00:00+00:00,2023-12-03 14:45:00+00:00,2023-12-02 20:00:00+00:00,2023-12-03 14:45:00+00:00,long,0.6205240799999999,0.6154827542088998,0.6306067315822003,0.62097578,stack_flip,2.0,-0.03353283183927166,74.08385625439055,14695.312170694528,14695.312170694528,14695.312170694528,6.637872507503524,9.122114001286777,3.6488460119834514,-2.4842414937832524,-2.4842414937832524,-0.03353283183927166,9116.310823539241,stacked_mtf_v3.3_2h_sync,stack_flip,BACKTEST_ONLY,long-2023-12-02 20:00:00+00:00
106,2023-12-03 22:00:00+00:00,2023-12-04 11:00:00+00:00,2023-12-03 22:00:00+00:00,2023-12-04 11:00:00+00:00,long,0.6241248,0.6210256738663495,0.630323052267301,0.60727852,stack_flip,2.0,-5.634485628189445,45.26754443295837,14606.5511633879,14606.5511633879,14606.5511633879,-246.06605073275819,8.993277798172862,3.597301420519172,-255.05932853093105,-255.05932853093105,-5.634485628189445,8861.25149500831,stacked_mtf_v3.3_2h_sync,stack_flip,BACKTEST_ONLY,long-2023-12-03 22:00:00+00:00
107,2023-12-06 10:00:00+00:00,2023-12-06 11:00:00+00:00,2023-12-06 10:00:00+00:00,2023-12-06 11:00:00+00:00,long,0.635127,0.6265392845167154,0.6523024309665693,0.6214756800000001,stack_flip,2.0,-1.6627962777521177,88.6125149500831,10318.520114291277,10318.520114291277,10318.520114291277,-140.86142000662588,6.483140014626163,2.5932504751236833,-147.34456002125205,-147.34456002125205,-1.6627962777521177,8713.906934987057,stacked_mtf_v3.3_2h_sync,stack_flip,BACKTEST_ONLY,long-2023-12-06 10:00:00+00:00
108,2023-12-06 16:00:00+00:00,2023-12-07 09:00:00+00:00,2023-12-06 16:00:00+00:00,2023-12-07 09:00:00+00:00,long,0.62802558,0.6214082837686479,0.6412601724627042,0.63567284,stack_flip,2.0,1.060162722769115,87.13906934987057,13168.379698193687,13168.379698193687,13168.379698193687,100.70202333080924,8.320430309283719,3.328176284921472,92.38159302152552,92.38159302152552,1.060162722769115,8806.288528008583,stacked_mtf_v3.3_2h_sync,stack_flip,BACKTEST_ONLY,long-2023-12-06 16:00:00+00:00
109,2023-12-07 16:00:00+00:00,2023-12-08 06:30:00+00:00,2023-12-07 16:00:00+00:00,2023-12-08 06:30:00+00:00,long,0.640128,0.630894352049299,0.6585952959014021,0.64197158,stack_flip,2.0,0.13023349129405115,88.06288528008582,9537.171630352226,9537.171630352226,9537.171630352226,17.582538874284335,6.113801870831252,2.445521549454918,11.468737003453082,11.468737003453082,0.13023349129405115,8817.757265012036,stacked_mtf_v3.3_2h_sync,stack_flip,BACKTEST_ONLY,long-2023-12-07 16:00:00+00:00
110,2023-12-08 12:00:00+00:00,2023-12-09 14:30:00+00:00,2023-12-08 12:00:00+00:00,2023-12-09 14:30:00+00:00,long,0.65383074,0.6449160320977698,0.6716601558044603,0.68096378,stack_flip,2.0,2.968761627442586,88.17757265012037,9891.246423010836,9891.246423010836,9891.246423010836,268.3795848454105,6.601390760702233,2.640567145086973,261.7781940847082,261.7781940847082,2.968761627442586,9079.535459096745,stacked_mtf_v3.3_2h_sync,stack_flip,BACKTEST_ONLY,long-2023-12-08 12:00:00+00:00
111,2023-12-15 02:00:00+00:00,2023-12-15 07:00:00+00:00,2023-12-15 02:00:00+00:00,2023-12-15 07:00:00+00:00,long,0.6365272799999999,0.6327768755268429,0.6440280889463139,0.6290741599999999,stack_flip,2.0,-2.1560129788330404,53.49641950928485,14264.173342416285,14264.173342416285,14264.173342416285,-106.31259562182937,9.02637916128583,3.6105475564324103,-115.3389747831152,-115.3389747831152,-2.1560129788330404,8964.19648431363,stacked_mtf_v3.3_2h_sync,stack_flip,BACKTEST_ONLY,long-2023-12-15 02:00:00+00:00
112,2023-12-20 14:00:00+00:00,2023-12-21 00:45:00+00:00,2023-12-20 14:00:00+00:00,2023-12-21 00:45:00+00:00,long,0.6188237400000001,0.6140453066618214,0.6283806066763573,0.61357726,stack_flip,2.0,-1.2269043188608568,69.2197350583671,14485.863913872518,14485.863913872518,14485.863913872518,-75.99979530685467,8.926196586660204,3.570475737491298,-84.92599189351486,-84.92599189351486,-1.2269043188608568,8879.270492420115,stacked_mtf_v3.3_2h_sync,stack_flip,BACKTEST_ONLY,long-2023-12-20 14:00:00+00:00
113,2023-12-21 12:00:00+00:00,2023-12-21 14:00:00+00:00,2023-12-21 12:00:00+00:00,2023-12-21 14:00:00+00:00,long,0.6204240599999999,0.6166605106218288,0.6279511587563422,0.61597678,stack_flip,2.0,-1.3459317019673236,53.86247100146481,14311.61533680708,14311.61533680708,14311.61533680708,-63.64776065507457,8.847446612092579,3.538976240485655,-72.49520726716715,-72.49520726716715,-1.3459317019673236,8806.775285152948,stacked_mtf_v3.3_2h_sync,stack_flip,BACKTEST_ONLY,long-2023-12-21 12:00:00+00:00
114,2023-12-21 20:00:00+00:00,2023-12-22 03:15:00+00:00,2023-12-21 20:00:00+00:00,2023-12-22 03:15:00+00:00,long,0.62272452,0.615186750836372,0.6378000583272561,0.61807636,stack_flip,2.0,-0.6989548665701226,88.06775285152948,11683.530092229743,11683.530092229743,11683.530092229743,-54.306917233498744,7.248467209972573,2.899384827687733,-61.55538444347132,-61.55538444347132,-0.6989548665701226,8745.219900709477,stacked_mtf_v3.3_2h_sync,stack_flip,BACKTEST_ONLY,long-2023-12-21 20:00:00+00:00
115,2023-12-23 00:00:00+00:00,2023-12-23 01:00:00+00:00,2023-12-23 00:00:00+00:00,2023-12-23 01:00:00+00:00,long,0.6241248,0.6214557161821993,0.6294629676356015,0.61997598,stack_flip,2.0,-1.7874561893418346,37.39913062274179,14011.973087288754,14011.973087288754,14011.973087288754,-58.133154184006074,8.716153323617473,3.486459143579187,-66.84930750762355,-66.84930750762355,-1.7874561893418346,8678.370593201853,stacked_mtf_v3.3_2h_sync,stack_flip,BACKTEST_ONLY,long-2023-12-23 00:00:00+00:00
116,2023-12-24 04:00:00+00:00,2023-12-24 05:15:00+00:00,2023-12-24 04:00:00+00:00,2023-12-24 05:15:00+00:00,long,0.62122422,0.6184253412312825,0.6268219775374351,0.61817634,stack_flip,2.0,-1.3103748261595867,39.0997427633702,13969.787902348451,13969.787902348451,13969.787902348451,-42.57823715180984,8.657081474625947,3.4628310252341343,-51.235318626435784,-51.235318626435784,-1.3103748261595867,8627.135274575417,stacked_mtf_v3.3_2h_sync,stack_flip,BACKTEST_ONLY,long-2023-12-24 04:00:00+00:00
117,2023-12-24 10:00:00+00:00,2023-12-24 10:30:00+00:00,2023-12-24 10:00:00+00:00,2023-12-24 10:30:00+00:00,long,0.620124,0.6157780467379486,0.6288159065241029,0.61547688,stack_flip,2.0,-1.2114535344806652,60.46069284320582,13911.95192344663,13911.95192344663,13911.95192344663,-64.65051002248737,8.594810019564175,3.437921559322131,-73.24532004205155,-73.24532004205155,-1.2114535344806652,8553.889954533366,stacked_mtf_v3.3_2h_sync,stack_flip,BACKTEST_ONLY,long-2023-12-24 10:00:00+00:00
118,2023-12-24 14:00:00+00:00,2023-12-24 20:30:00+00:00,2023-12-24 14:00:00+00:00,2023-12-24 20:30:00+00:00,long,0.62242446,0.6175037276451502,0.6322659247096996,0.619876,stack_flip,2.0,-0.6441338405402307,67.62491798458085,13742.8563693229,13742.8563693229,13742.8563693229,-35.02311974296429,8.536378394661885,3.4145500935219677,-43.55949813762618,-43.55949813762618,-0.6441338405402307,8510.330456395739,stacked_mtf_v3.3_2h_sync,stack_flip,BACKTEST_ONLY,long-2023-12-24 14:00:00+00:00
119,2023-12-25 10:00:00+00:00,2023-12-26 01:30:00+00:00,2023-12-25 10:00:00+00:00,2023-12-26 01:30:00+00:00,long,0.6417283199999999,0.6310137765618283,0.6631574068763431,0.63417314,stack_flip,2.0,-0.7646738078275066,85.1033045639574,7942.784035087189,7942.784035087189,7942.784035087189,-60.00916308620911,5.067104873416218,2.0268396300735487,-65.07626795962533,-65.07626795962533,-0.7646738078275066,8445.254188436114,stacked_mtf_v3.3_2h_sync,stack_flip,BACKTEST_ONLY,long-2023-12-25 10:00:00+00:00
120,2023-12-28 04:00:00+00:00,2023-12-28 07:00:00+00:00,2023-12-28 04:00:00+00:00,2023-12-28 07:00:00+00:00,long,0.6426284999999999,0.6369604839714668,0.6539645320570663,0.63527292,stack_flip,2.0,-1.4104636736655143,74.4875711318325,13141.736148390735,13141.736148390735,13141.736148390735,-96.66509157837883,8.396921642646925,3.3587649248057034,-105.06201322102577,-105.06201322102577,-1.4104636736655143,8340.192175215088,stacked_mtf_v3.3_2h_sync,stack_flip,BACKTEST_ONLY,long-2023-12-28 04:00:00+00:00
121,2024-01-01 20:00:00+00:00,2024-01-02 14:30:00+00:00,2024-01-01 20:00:00+00:00,2024-01-02 14:30:00+00:00,long,0.62702538,0.6236575416204142,0.6337610567591715,0.6283742999999999,stack_flip,2.0,0.2141492787693346,44.79630362141043,13301.203493892208,13301.203493892208,13301.203493892208,17.942259416980754,8.349163304923579,3.339666173246455,9.593096112057175,9.593096112057175,0.2141492787693346,8349.785271327146,stacked_mtf_v3.3_2h_sync,stack_flip,BACKTEST_ONLY,long-2024-01-01 20:00:00+00:00
122,2024-01-03 10:00:00+00:00,2024-01-03 11:00:00+00:00,2024-01-03 10:00:00+00:00,2024-01-03 11:00:00+00:00,long,0.63502698,0.6307165886400075,0.6436477627199851,0.6280743599999999,stack_flip,2.0,-1.7595086006327663,56.676083733200855,13148.709478969138,13148.709478969138,13148.709478969138,-91.41798049767141,8.30407628107831,3.321626988577184,-99.72205677874972,-99.72205677874972,-1.7595086006327663,8250.063214548396,stacked_mtf_v3.3_2h_sync,stack_flip,BACKTEST_ONLY,long-2024-01-03 10:00:00+00:00
123,2024-01-08 20:00:00+00:00,2024-01-09 08:45:00+00:00,2024-01-08 20:00:00+00:00,2024-01-09 08:45:00+00:00,long,0.57931584,0.5727665146595662,0.5924144906808677,0.56798638,stack_flip,2.0,-1.817456072385545,82.50063214548396,12596.813848312951,12596.813848312951,12596.813848312951,-142.71509862190783,7.226176246548097,2.8904649056338902,-149.94127486845593,-149.94127486845593,-1.817456072385545,8100.12193967994,stacked_mtf_v3.3_2h_sync,stack_flip,BACKTEST_ONLY,long-2024-01-08 20:00:00+00:00
124,2024-01-10 22:00:00+00:00,2024-01-11 16:00:00+00:00,2024-01-10 22:00:00+00:00,2024-01-11 16:00:00+00:00,long,0.6036207,0.5785494591394166,0.6537631817211669,0.5981803400000001,stack_flip,2.0,-0.24096376216854457,81.0012193967994,3230.8420571296137,3230.8420571296137,3230.8420571296137,-17.576943893925414,1.9414146721670549,0.776565196851674,-19.51835856609247,-19.51835856609247,-0.24096376216854457,8080.603581113847,stacked_mtf_v3.3_2h_sync,stack_flip,BACKTEST_ONLY,long-2024-01-10 22:00:00+00:00
125,2024-01-14 22:00:00+00:00,2024-01-14 23:30:00+00:00,2024-01-14 22:00:00+00:00,2024-01-14 23:30:00+00:00,long,0.58821762,0.57989856110474,0.6048557377905199,0.5753849,stack_flip,2.0,-1.6125046629545252,80.80603581113847,9713.362632542501,9713.362632542501,9713.362632542501,-124.64886292188099,5.651246618450145,2.2604937518452908,-130.30010954033114,-130.30010954033114,-1.6125046629545252,7950.303471573516,stacked_mtf_v3.3_2h_sync,stack_flip,BACKTEST_ONLY,long-2024-01-14 22:00:00+00:00
126,2024-01-26 12:00:00+00:00,2024-01-27 18:45:00+00:00,2024-01-26 12:00:00+00:00,2024-01-27 18:45:00+00:00,long,0.5208041400000001,0.5185140801677491,0.525384259664502,0.52729452,stack_flip,2.0,2.6053165013315303,34.95876709900147,15265.438311557036,15265.438311557036,15265.438311557036,99.07849550856213,7.999842719327797,3.199941178868586,91.07865278923433,91.07865278923433,2.6053165013315303,8041.38212436275,stacked_mtf_v3.3_2h_sync,stack_flip,BACKTEST_ONLY,long-2024-01-26 12:00:00+00:00
127,2024-01-27 22:00:00+00:00,2024-01-28 06:30:00+00:00,2024-01-27 22:00:00+00:00,2024-01-28 06:30:00+00:00,long,0.53090616,0.5291425754914649,0.5344333290170702,0.5317936200000001,stack_flip,2.0,0.20192404065505376,26.71217252732031,15146.522549978983,15146.522549978983,15146.522549978983,13.44193290220529,8.048103090813854,3.2192419027725334,5.393829811391436,5.393829811391436,0.20192404065505376,8046.775954174142,stacked_mtf_v3.3_2h_sync,stack_flip,BACKTEST_ONLY,long-2024-01-27 22:00:00+00:00
128,2024-01-28 10:00:00+00:00,2024-01-28 11:30:00+00:00,2024-01-28 10:00:00+00:00,2024-01-28 11:30:00+00:00,long,0.5328065399999999,0.5314813824204208,0.5354568551591583,0.5303939,stack_flip,2.0,-2.2218038559119417,20.013354466049503,15102.622340510577,15102.622340510577,15102.622340510577,-36.437190763608925,8.028557358792337,3.211421614486169,-44.465748122401266,-44.465748122401266,-2.2218038559119417,8002.31020605174,stacked_mtf_v3.3_2h_sync,stack_flip,BACKTEST_ONLY,long-2024-01-28 10:00:00+00:00
129,2024-01-29 18:00:00+00:00,2024-01-30 06:00:00+00:00,2024-01-29 18:00:00+00:00,2024-01-30 06:00:00+00:00,long,0.53670732,0.5299079934383205,0.5503059731233589,0.5328934000000001,stack_flip,2.0,-0.6395810409385242,80.0231020605174,11769.268814285515,11769.268814285515,11769.268814285515,-44.887049716178815,6.294209198816667,2.5176819847519574,-51.18125891499548,-51.18125891499548,-0.6395810409385242,7951.1289471367445,stacked_mtf_v3.3_2h_sync,stack_flip,BACKTEST_ONLY,long-2024-01-29 18:00:00+00:00
130,2024-02-03 10:00:00+00:00,2024-02-04 01:00:00+00:00,2024-02-03 10:00:00+00:00,2024-02-04 01:00:00+00:00,long,0.5091018,0.5079825050918165,0.5113403898163671,0.5158968,stack_flip,2.0,5.612909211027972,17.481097385318144,15617.954890626479,15617.954890626479,15617.954890626479,106.12400348180685,8.004190948877648,3.201680752578428,98.1198125329292,98.1198125329292,5.612909211027972,8049.248759669674,stacked_mtf_v3.3_2h_sync,stack_flip,BACKTEST_ONLY,long-2024-02-03 10:00:00+00:00
131,2024-02-07 22:00:00+00:00,2024-02-08 17:00:00+00:00,2024-02-07 22:00:00+00:00,2024-02-08 17:00:00+00:00,long,0.51450288,0.5108476181161693,0.5218134037676614,0.5123975,stack_flip,2.0,-0.7164548733387948,57.18551504452621,15644.710792813587,15644.710792813587,15644.710792813587,-32.93806120897458,8.032779729065187,3.2131107026280543,-40.97084093803977,-40.97084093803977,-0.7164548733387948,8008.277918731634,stacked_mtf_v3.3_2h_sync,stack_flip,BACKTEST_ONLY,long-2024-02-07 22:00:00+00:00
132,2024-02-09 02:00:00+00:00,2024-02-09 16:45:00+00:00,2024-02-09 02:00:00+00:00,2024-02-09 16:45:00+00:00,long,0.51650328,0.5142733546569511,0.5209631306860978,0.51969604,stack_flip,2.0,1.1994394109818312,34.57453723267445,15504.795862538635,15504.795862538635,15504.795862538635,49.50309203807911,8.033029464750674,3.2132138945525073,41.470062573328434,41.470062573328434,1.1994394109818312,8049.747981304962,stacked_mtf_v3.3_2h_sync,stack_flip,BACKTEST_ONLY,long-2024-02-09 02:00:00+00:00
133,2024-02-09 20:00:00+00:00,2024-02-10 06:30:00+00:00,2024-02-09 20:00:00+00:00,2024-02-10 06:30:00+00:00,long,0.52640526,0.522280943002082,0.5346538939958358,0.52419514,stack_flip,2.0,-0.6632419868261574,63.06873230759817,15291.921629553934,15291.921629553934,15291.921629553934,-33.79698183190946,8.032849490389008,3.2131385728018724,-41.829831322298475,-41.829831322298475,-0.6632419868261574,8007.918149982664,stacked_mtf_v3.3_2h_sync,stack_flip,BACKTEST_ONLY,long-2024-02-09 20:00:00+00:00
134,2024-02-11 04:00:00+00:00,2024-02-11 14:00:00+00:00,2024-02-11 04:00:00+00:00,2024-02-11 14:00:00+00:00,long,0.52730544,0.5241642870073824,0.5335877459852353,0.5263947,stack_flip,2.0,-0.4576631808061109,47.70308468931236,15186.488783394048,15186.488783394048,15186.488783394048,-13.830942794588614,8.00100267858537,3.200400646212462,-21.831945473173985,-21.831945473173985,-0.4576631808061109,7986.08620450949,stacked_mtf_v3.3_2h_sync,stack_flip,BACKTEST_ONLY,long-2024-02-11 04:00:00+00:00
135,2024-02-12 18:00:00+00:00,2024-02-13 03:45:00+00:00,2024-02-12 18:00:00+00:00,2024-02-13 03:45:00+00:00,long,0.53480694,0.5279050316786595,0.5486107566426808,0.52799438,stack_flip,2.0,-1.0640478427238378,79.8608620450949,11570.83785047803,11570.83785047803,11570.83785047803,-78.82702710665224,6.148750870497006,2.45949729349761,-84.97577797714925,-84.97577797714925,-1.0640478427238378,7901.110426532341,stacked_mtf_v3.3_2h_sync,stack_flip,BACKTEST_ONLY,long-2024-02-12 18:00:00+00:00
136,2024-02-14 14:00:00+00:00,2024-02-15 15:30:00+00:00,2024-02-14 14:00:00+00:00,2024-02-15 15:30:00+00:00,long,0.53520702,0.5310568872876591,0.5435072854246817,0.54629072,stack_flip,2.0,2.5403889130218396,61.267239814921496,14762.71822169362,14762.71822169362,14762.71822169362,163.62553995378602,7.982923196509234,3.19317595135233,155.64261675727678,155.64261675727678,2.5403889130218396,8056.753043289618,stacked_mtf_v3.3_2h_sync,stack_flip,BACKTEST_ONLY,long-2024-02-14 14:00:00+00:00
137,2024-02-15 20:00:00+00:00,2024-02-16 09:00:00+00:00,2024-02-15 20:00:00+00:00,2024-02-16 09:00:00+00:00,long,0.5541108,0.5479804485311572,0.5663715029376856,0.5623875,stack_flip,2.0,1.2590551927126348,80.56753043289618,13142.399883983304,13142.399883983304,13142.399883983304,108.77570111976495,7.336733564193779,2.934697894093472,101.43896755557117,101.43896755557117,1.2590551927126348,8158.1920108451895,stacked_mtf_v3.3_2h_sync,stack_flip,BACKTEST_ONLY,long-2024-02-15 20:00:00+00:00
138,2024-02-16 12:00:00+00:00,2024-02-16 14:00:00+00:00,2024-02-16 12:00:00+00:00,2024-02-16 14:00:00+00:00,long,0.57181434,0.5664040587711604,0.5826349024576791,0.56768644,stack_flip,2.0,-0.8682821079538481,77.1895876160516,14267.204300691707,14267.204300691707,14267.204300691707,-58.893592632824756,8.128745214528777,3.2514958601276396,-67.02233784735353,-67.02233784735353,-0.8682821079538481,8091.169672997836,stacked_mtf_v3.3_2h_sync,stack_flip,BACKTEST_ONLY,long-2024-02-16 12:00:00+00:00
139,2024-02-19 22:00:00+00:00,2024-02-20 00:30:00+00:00,2024-02-19 22:00:00+00:00,2024-02-20 00:30:00+00:00,long,0.5666133,0.5607605060156416,0.5783188879687167,0.55878822,stack_flip,2.0,-1.4331242108327205,80.91169672997836,13824.456652022232,13824.456652022232,13824.456652022232,-108.17747925860668,7.779032264679965,3.111608703237164,-115.95651152328665,-115.95651152328665,-1.4331242108327205,7975.213161474549,stacked_mtf_v3.3_2h_sync,stack_flip,BACKTEST_ONLY,long-2024-02-19 22:00:00+00:00
140,2024-02-20 04:00:00+00:00,2024-02-20 08:15:00+00:00,2024-02-20 04:00:00+00:00,2024-02-20 08:15:00+00:00,long,0.5714142600000001,0.5614913224905302,0.5912601350189397,0.5613877,stack_flip,2.0,-1.0675226937477709,79.7521316147455,8037.149436710161,8037.149436710161,8037.149436710161,-80.58496105614078,4.552249317359084,1.820896576381054,-85.13721037349987,-85.13721037349987,-1.0675226937477709,7890.075951101049,stacked_mtf_v3.3_2h_sync,stack_flip,BACKTEST_ONLY,long-2024-02-20 04:00:00+00:00
141,2024-02-20 12:00:00+00:00,2024-02-20 14:30:00+00:00,2024-02-20 12:00:00+00:00,2024-02-20 14:30:00+00:00,long,0.57151428,0.5663914740199526,0.5817598919600949,0.5623875,stack_flip,2.0,-1.8922697692935522,70.72321668905447,13805.562218149735,13805.562218149735,13805.562218149735,-126.00032914136465,7.827075786530367,3.1308253998319966,-133.827404927895,-133.827404927895,-1.8922697692935522,7756.248546173154,stacked_mtf_v3.3_2h_sync,stack_flip,BACKTEST_ONLY,long-2024-02-20 12:00:00+00:00
142,2024-02-26 20:00:00+00:00,2024-02-28 06:00:00+00:00,2024-02-26 20:00:00+00:00,2024-02-28 06:00:00+00:00,long,0.5503100400000001,0.544654276754745,0.5616215664905102,0.5758848,stack_flip,2.0,4.422331963945548,77.56248546173154,13713.884775287032,13713.884775287032,13713.884775287032,350.7293117956186,7.722253135141408,3.088915406785651,343.00705866047724,343.00705866047724,4.422331963945548,8099.255604833631,stacked_mtf_v3.3_2h_sync,stack_flip,BACKTEST_ONLY,long-2024-02-26 20:00:00+00:00
143,2024-02-28 10:00:00+00:00,2024-02-28 11:45:00+00:00,2024-02-28 10:00:00+00:00,2024-02-28 11:45:00+00:00,long,0.58771752,0.581044357361541,0.6010638452769179,0.57898418,stack_flip,2.0,-1.3961432314425866,80.99255604833631,12137.057110156087,12137.057110156087,12137.057110156087,-105.99704634241097,7.080162581708096,2.832060906083821,-113.07720892411906,-113.07720892411906,-1.3961432314425866,7986.178395909512,stacked_mtf_v3.3_2h_sync,stack_flip,BACKTEST_ONLY,long-2024-02-28 10:00:00+00:00
144,2024-02-29 04:00:00+00:00,2024-02-29 21:15:00+00:00,2024-02-29 04:00:00+00:00,2024-02-29 21:15:00+00:00,long,0.58321662,0.5723036412536067,0.6050425774927866,0.59458106,stack_flip,2.0,0.9874060428791094,79.86178395909512,7318.055483750407,7318.055483750407,7318.055483750407,83.1656024617527,4.309594385436254,1.723841149752246,78.85600807631644,78.85600807631644,0.9874060428791094,8065.034403985828,stacked_mtf_v3.3_2h_sync,stack_flip,BACKTEST_ONLY,long-2024-02-29 04:00:00+00:00
145,2024-03-01 22:00:00+00:00,2024-03-02 16:30:00+00:00,2024-03-01 22:00:00+00:00,2024-03-02 16:30:00+00:00,long,0.5997199200000001,0.5925385786293812,0.6140826027412378,0.6280743599999999,stack_flip,2.0,3.8628636947263284,80.65034403985828,11230.540351392314,11230.540351392314,11230.540351392314,318.4356825611308,6.894396602374336,2.757771488687897,311.5412859587565,311.5412859587565,3.8628636947263284,8376.575689944584,stacked_mtf_v3.3_2h_sync,stack_flip,BACKTEST_ONLY,long-2024-03-01 22:00:00+00:00
146,2024-03-04 08:00:00+00:00,2024-03-04 17:45:00+00:00,2024-03-04 08:00:00+00:00,2024-03-04 17:45:00+00:00,long,0.6421284,0.6265359801377685,0.6733132397244632,0.63997198,stack_flip,2.0,-0.17941218968687223,83.76575689944585,5372.210191847495,5372.210191847495,5372.210191847495,-11.58474150190403,3.443856364203773,1.3775421373935348,-15.028597866107804,-15.028597866107804,-0.17941218968687223,8361.547092078476,stacked_mtf_v3.3_2h_sync,stack_flip,BACKTEST_ONLY,long-2024-03-04 08:00:00+00:00
147,2024-03-05 02:00:00+00:00,2024-03-05 04:15:00+00:00,2024-03-05 02:00:00+00:00,2024-03-05 04:15:00+00:00,long,0.66123222,0.6492627305139337,0.6851711989721327,0.6485702600000001,stack_flip,2.0,-1.1125671863868623,83.61547092078476,6985.717395726967,6985.717395726967,6985.717395726967,-88.45287423599883,4.574954984751162,1.8299785289846362,-93.02782922075,-93.02782922075,-1.1125671863868623,8268.519262857726,stacked_mtf_v3.3_2h_sync,stack_flip,BACKTEST_ONLY,long-2024-03-05 02:00:00+00:00
148,2024-03-11 16:00:00+00:00,2024-03-12 06:15:00+00:00,2024-03-11 16:00:00+00:00,2024-03-12 06:15:00+00:00,long,0.69593916,0.6639344567048886,0.7599485665902228,0.6900619600000001,stack_flip,2.0,-0.20528859459864102,82.68519262857725,2583.532547268048,2583.532547268048,2583.532547268048,-15.183937486803554,1.7903895020349838,0.7161552221027029,-16.974326988838538,-16.974326988838538,-0.20528859459864102,8251.544935868887,stacked_mtf_v3.3_2h_sync,stack_flip,BACKTEST_ONLY,long-2024-03-11 16:00:00+00:00
149,2024-03-21 16:00:00+00:00,2024-03-22 01:45:00+00:00,2024-03-21 16:00:00+00:00,2024-03-22 01:45:00+00:00,long,0.63392676,0.6286003933660066,0.6445794932679869,0.6236752400000001,stack_flip,2.0,-2.042728514135807,69.33096439296801,13016.558783334667,13016.558783334667,13016.558783334667,-133.43951269853048,8.184825179519622,3.2739248651843353,-141.6243378780501,-141.6243378780501,-2.042728514135807,8109.920597990837,stacked_mtf_v3.3_2h_sync,stack_flip,BACKTEST_ONLY,long-2024-03-21 16:00:00+00:00
150,2024-03-22 08:00:00+00:00,2024-03-22 08:30:00+00:00,2024-03-22 08:00:00+00:00,2024-03-22 08:30:00+00:00,long,0.63622722,0.6292674266381194,0.6501468067237611,0.62997398,stack_flip,2.0,-0.9894461289205881,81.09920597990838,11652.530723698806,11652.530723698806,11652.530723698806,-72.8660712226616,7.377224192692149,2.950886880469485,-80.24329541535376,-80.24329541535376,-0.9894461289205881,8029.677302575484,stacked_mtf_v3.3_2h_sync,stack_flip,BACKTEST_ONLY,long-2024-03-22 08:00:00+00:00
151,2024-03-23 18:00:00+00:00,2024-03-23 21:00:00+00:00,2024-03-23 18:00:00+00:00,2024-03-23 21:00:00+00:00,long,0.63102618,0.6258158635104426,0.6414468129791148,0.6225754600000001,stack_flip,2.0,-1.7422206190724203,66.30019701470029,12724.792658484444,12724.792658484444,12724.792658484444,-107.53365981490654,7.975910472668031,3.1903600153352203,-115.50957028757458,-115.50957028757458,-1.7422206190724203,7914.1677322879095,stacked_mtf_v3.3_2h_sync,stack_flip,BACKTEST_ONLY,long-2024-03-23 18:00:00+00:00
152,2024-03-24 10:00:00+00:00,2024-03-24 17:00:00+00:00,2024-03-24 10:00:00+00:00,2024-03-24 17:00:00+00:00,long,0.63122622,0.6250512574247395,0.6435761451505208,0.6253749,stack_flip,2.0,-1.04933762448378,77.4202465182947,12537.76773133396,12537.76773133396,12537.76773133396,-73.36249108170894,7.877486486747055,3.1509917862388503,-81.239977568456,-81.239977568456,-1.04933762448378,7832.927754719453,stacked_mtf_v3.3_2h_sync,stack_flip,BACKTEST_ONLY,long-2024-03-24 10:00:00+00:00
153,2024-03-24 22:00:00+00:00,2024-03-25 00:15:00+00:00,2024-03-24 22:00:00+00:00,2024-03-25 00:15:00+00:00,long,0.6337267200000001,0.6289098813278555,0.6433603973442892,0.6289741799999999,stack_flip,2.0,-1.117722808765593,59.53662380694167,12360.103349783725,12360.103349783725,12360.103349783725,-58.741885573982856,7.803556811932463,3.121420499954382,-66.54544238591532,-66.54544238591532,-1.117722808765593,7766.382312333538,stacked_mtf_v3.3_2h_sync,stack_flip,BACKTEST_ONLY,long-2024-03-24 22:00:00+00:00
154,2024-03-25 14:00:00+00:00,2024-03-25 23:30:00+00:00,2024-03-25 14:00:00+00:00,2024-03-25 23:30:00+00:00,long,0.6358271400000001,0.6278761744461958,0.6517290711076086,0.63957206,stack_flip,2.0,0.3907978696390194,77.66382312333538,9767.848017675788,9767.848017675788,9767.848017675788,36.579809398353724,6.228952773732643,2.4915826723487395,30.35085662462108,30.35085662462108,0.3907978696390194,7796.733168958159,stacked_mtf_v3.3_2h_sync,stack_flip,BACKTEST_ONLY,long-2024-03-25 14:00:00+00:00
155,2024-04-01 02:00:00+00:00,2024-04-01 03:30:00+00:00,2024-04-01 02:00:00+00:00,2024-04-01 03:30:00+00:00,long,0.62972592,0.6274765998083556,0.634224560383289,0.6268746,stack_flip,2.0,-1.5469652888574092,27.849178172309973,12381.153326129815,12381.153326129815,12381.153326129815,-35.30263010186172,7.779081853907228,3.1116314539229455,-43.08171195576895,-43.08171195576895,-1.5469652888574092,7753.65145700239,stacked_mtf_v3.3_2h_sync,stack_flip,BACKTEST_ONLY,long-2024-04-01 02:00:00+00:00
156,2024-04-07 12:00:00+00:00,2024-04-07 16:45:00+00:00,2024-04-07 12:00:00+00:00,2024-04-07 16:45:00+00:00,long,0.59641926,0.5949477216195929,0.5993623367608143,0.59458106,stack_flip,2.0,-1.6538475600797156,19.130495060268164,13000.337140357255,13000.337140357255,13000.337140357255,-23.897219731404864,7.741702847136688,3.0966803068330977,-31.638922578541553,-31.638922578541553,-1.6538475600797156,7722.012534423849,stacked_mtf_v3.3_2h_sync,stack_flip,BACKTEST_ONLY,long-2024-04-07 12:00:00+00:00
157,2024-04-08 08:00:00+00:00,2024-04-09 01:00:00+00:00,2024-04-08 08:00:00+00:00,2024-04-09 01:00:00+00:00,long,0.60532104,0.598604707369472,0.6187537052610559,0.61367724,stack_flip,2.0,1.1534123287445168,77.22012534423848,11497.364647076509,11497.364647076509,11497.364647076509,96.07427846390114,7.007633864659536,2.803057500957253,89.0666445992416,89.0666445992416,1.1534123287445168,7811.079179023091,stacked_mtf_v3.3_2h_sync,stack_flip,BACKTEST_ONLY,long-2024-04-08 08:00:00+00:00
158,2024-04-09 06:00:00+00:00,2024-04-09 07:15:00+00:00,2024-04-09 06:00:00+00:00,2024-04-09 07:15:00+00:00,long,0.6167233200000001,0.6135686571511504,0.6230326456976994,0.6111777399999999,stack_flip,2.0,-1.9525162672284184,39.95522870042835,12665.451306467687,12665.451306467687,12665.451306467687,-70.2372734561231,7.775960542295029,3.110381531842335,-78.01323399841813,-78.01323399841813,-1.9525162672284184,7733.065945024672,stacked_mtf_v3.3_2h_sync,stack_flip,BACKTEST_ONLY,long-2024-04-09 06:00:00+00:00
159,2024-04-09 12:00:00+00:00,2024-04-09 14:30:00+00:00,2024-04-09 12:00:00+00:00,2024-04-09 14:30:00+00:00,long,0.63802758,0.6211882636463182,0.6717062127073637,0.6173765,stack_flip,2.0,-1.2636369311600655,77.33065945024673,4592.2683454627695,4592.2683454627695,4592.2683454627695,-94.83530098361949,2.8825762086744056,1.153026736178792,-97.7178771922939,-97.7178771922939,-1.2636369311600655,7635.348067832379,stacked_mtf_v3.3_2h_sync,stack_flip,BACKTEST_ONLY,long-2024-04-09 12:00:00+00:00
160,2024-04-19 22:00:00+00:00,2024-04-21 10:15:00+00:00,2024-04-19 22:00:00+00:00,2024-04-21 10:15:00+00:00,long,0.50850168,0.502868280049642,0.5197684799007158,0.52819434,stack_flip,2.0,3.403683771606116,76.35348067832379,13553.712030240697,13553.712030240697,13553.712030240697,266.90864274944016,7.025539658988324,2.8102266523501056,259.8831030904518,259.8831030904518,3.403683771606116,7895.231170922831,stacked_mtf_v3.3_2h_sync,stack_flip,BACKTEST_ONLY,long-2024-04-19 22:00:00+00:00
161,2024-04-22 04:00:00+00:00,2024-04-22 07:45:00+00:00,2024-04-22 04:00:00+00:00,2024-04-22 07:45:00+00:00,long,0.53420682,0.5285438105762107,0.5455328388475785,0.53259346,stack_flip,2.0,-0.37908468436973763,78.95231170922831,13941.758842491756,13941.758842491756,13941.758842491756,-22.493076046122614,7.4365361184313405,2.974613666634041,-29.929612164553955,-29.929612164553955,-0.37908468436973763,7865.301558758277,stacked_mtf_v3.3_2h_sync,stack_flip,BACKTEST_ONLY,long-2024-04-22 04:00:00+00:00
162,2024-04-22 14:00:00+00:00,2024-04-23 02:45:00+00:00,2024-04-22 14:00:00+00:00,2024-04-23 02:45:00+00:00,long,0.53620722,0.5323747448937503,0.5438721702124995,0.54989,stack_flip,2.0,3.4285236109094748,56.216274795942354,14668.399203498746,14668.399203498746,14668.399203498746,200.70447925364866,7.965653798385102,3.186269674983998,192.73882545526357,192.73882545526357,3.4285236109094748,8058.04038421354,stacked_mtf_v3.3_2h_sync,stack_flip,BACKTEST_ONLY,long-2024-04-22 14:00:00+00:00
163,2024-05-02 00:00:00+00:00,2024-05-03 00:15:00+00:00,2024-05-02 00:00:00+00:00,2024-05-03 00:15:00+00:00,long,0.5186037,0.5125441273024836,0.5307228453950329,0.5162967199999999,stack_flip,2.0,-0.4661104587717348,80.5804038421354,13298.03401404224,13298.03401404224,13298.03401404224,-30.67829850971609,6.881070493153299,2.7524270802264628,-37.55936900286939,-37.55936900286939,-0.4661104587717348,8020.481015210671,stacked_mtf_v3.3_2h_sync,stack_flip,BACKTEST_ONLY,long-2024-05-02 00:00:00+00:00
164,2024-05-03 04:00:00+00:00,2024-05-03 06:15:00+00:00,2024-05-03 04:00:00+00:00,2024-05-03 06:15:00+00:00,long,0.52270452,0.5195899036988955,0.5289337526022091,0.51819634,stack_flip,2.0,-1.6145264597172553,47.791285433450405,15344.196784850208,15344.196784850208,15344.196784850208,-69.1744010615256,7.985893814679908,3.194354886670116,-77.16029487620551,-77.16029487620551,-1.6145264597172553,7943.3207203344655,stacked_mtf_v3.3_2h_sync,stack_flip,BACKTEST_ONLY,long-2024-05-03 04:00:00+00:00
165,2024-05-03 14:00:00+00:00,2024-05-04 02:00:00+00:00,2024-05-03 14:00:00+00:00,2024-05-04 02:00:00+00:00,long,0.5249049600000001,0.5209796074474811,0.5327556651050381,0.52799438,stack_flip,2.0,0.6529274238960163,59.401866320794795,15132.874187994841,15132.874187994841,15132.874187994841,46.75180417387348,7.966696622421403,3.1866806465079542,38.78510755145208,38.78510755145208,0.6529274238960163,7982.105827885917,stacked_mtf_v3.3_2h_sync,stack_flip,BACKTEST_ONLY,long-2024-05-03 14:00:00+00:00
166,2024-05-04 10:00:00+00:00,2024-05-04 17:00:00+00:00,2024-05-04 10:00:00+00:00,2024-05-04 17:00:00+00:00,long,0.53050608,0.5290332925967266,0.5334516548065468,0.5339931800000001,stack_flip,2.0,2.0062979649558925,22.159868393790124,15046.20989053682,15046.20989053682,15046.20989053682,52.467638509292094,8.008339647140563,3.203338085695289,44.45929886215153,44.45929886215153,2.0062979649558925,8026.565126748069,stacked_mtf_v3.3_2h_sync,stack_flip,BACKTEST_ONLY,long-2024-05-04 10:00:00+00:00
167,2024-05-05 16:00:00+00:00,2024-05-05 18:00:00+00:00,2024-05-05 16:00:00+00:00,2024-05-05 18:00:00+00:00,long,0.53230644,0.5292009859479848,0.5385173481040305,0.5283943,stack_flip,2.0,-1.430544550197799,46.82665345289445,15078.842793538377,15078.842793538377,15078.842793538377,-58.99054404631419,7.997069854724912,3.198825710221231,-66.9876139010391,-66.9876139010391,-1.430544550197799,7959.5775128470295,stacked_mtf_v3.3_2h_sync,stack_flip,BACKTEST_ONLY,long-2024-05-05 16:00:00+00:00
168,2024-05-06 02:00:00+00:00,2024-05-06 02:45:00+00:00,2024-05-06 02:00:00+00:00,2024-05-06 02:45:00+00:00,long,0.53240646,0.5308995138696817,0.5354203522606367,0.5297940200000001,stack_flip,2.0,-2.0860335859092127,22.529130341419137,14950.189584189173,14950.189584189173,14950.189584189173,-39.05647327731824,7.940049276208371,3.1760182752651476,-46.99652255352661,-46.99652255352661,-2.0860335859092127,7912.5809902935025,stacked_mtf_v3.3_2h_sync,stack_flip,BACKTEST_ONLY,long-2024-05-06 02:00:00+00:00
169,2024-05-06 06:00:00+00:00,2024-05-06 10:30:00+00:00,2024-05-06 06:00:00+00:00,2024-05-06 10:30:00+00:00,long,0.535107,0.5320178896540756,0.5412852206918488,0.53419314,stack_flip,2.0,-0.4689084907281233,45.67840786997824,14786.913627168964,14786.913627168964,14786.913627168964,-13.513168887325282,7.905824405849841,3.162329348306355,-21.418993293175124,-21.418993293175124,-0.4689084907281233,7891.161997000328,stacked_mtf_v3.3_2h_sync,stack_flip,BACKTEST_ONLY,long-2024-05-06 06:00:00+00:00
170,2024-05-06 16:00:00+00:00,2024-05-06 22:30:00+00:00,2024-05-06 16:00:00+00:00,2024-05-06 22:30:00+00:00,long,0.54830964,0.5391720518062103,0.5665848163875795,0.5415916599999999,stack_flip,2.0,-0.7948410998578701,78.91161997000327,8635.935248606926,8635.935248606926,8635.935248606926,-58.01604028143742,4.706158527086256,1.8824611654913377,-62.72219880852367,-62.72219880852367,-0.7948410998578701,7828.439798191804,stacked_mtf_v3.3_2h_sync,stack_flip,BACKTEST_ONLY,long-2024-05-06 16:00:00+00:00
171,2024-05-07 18:00:00+00:00,2024-05-07 18:30:00+00:00,2024-05-07 18:00:00+00:00,2024-05-07 18:30:00+00:00,long,0.5420083800000001,0.5378453924450026,0.550334355109995,0.5359927800000001,stack_flip,2.0,-1.5744943969701668,60.12766344114306,14443.392550852817,14443.392550852817,14443.392550852817,-86.88567222891035,7.784996962077348,3.113995433963868,-94.6706691909877,-94.6706691909877,-1.5744943969701668,7733.769129000816,stacked_mtf_v3.3_2h_sync,stack_flip,BACKTEST_ONLY,long-2024-05-07 18:00:00+00:00
172,2024-05-13 16:00:00+00:00,2024-05-14 06:00:00+00:00,2024-05-13 16:00:00+00:00,2024-05-14 06:00:00+00:00,long,0.50930184,0.5054574453724823,0.5169906292550355,0.5013996999999999,stack_flip,2.0,-2.1869479032720167,58.37728858390387,15185.040621492386,15185.040621492386,15185.040621492386,-119.99431689672156,7.673771970552456,3.0695041112284707,-127.66808886727401,-127.66808886727401,-2.1869479032720167,7606.1010401335425,stacked_mtf_v3.3_2h_sync,stack_flip,BACKTEST_ONLY,long-2024-05-13 16:00:00+00:00
173,2024-05-15 16:00:00+00:00,2024-05-16 12:30:00+00:00,2024-05-15 16:00:00+00:00,2024-05-16 12:30:00+00:00,long,0.51300258,0.5086237345371809,0.5217602709256381,0.5154968799999999,stack_flip,2.0,0.45218546459623216,64.92353513959375,14826.633113879354,14826.633113879354,14826.633113879354,36.982070975948524,7.624592075621517,3.049838431524983,29.357478900327006,29.357478900327006,0.45218546459623216,7635.458519033869,stacked_mtf_v3.3_2h_sync,stack_flip,BACKTEST_ONLY,long-2024-05-15 16:00:00+00:00
174,2024-05-16 16:00:00+00:00,2024-05-16 21:30:00+00:00,2024-05-16 16:00:00+00:00,2024-05-16 21:30:00+00:00,long,0.5176035,0.514712537178479,0.523385425643042,0.51479702,stack_flip,2.0,-1.1493334453370074,42.646208350200155,14751.558903743637,14751.558903743637,14751.558903743637,-41.39995503217762,7.61475854151778,3.0459018824449857,-49.0147135736954,-49.0147135736954,-1.1493334453370074,7586.443805460174,stacked_mtf_v3.3_2h_sync,stack_flip,BACKTEST_ONLY,long-2024-05-16 16:00:00+00:00
175,2024-05-17 08:00:00+00:00,2024-05-17 18:00:00+00:00,2024-05-17 08:00:00+00:00,2024-05-17 18:00:00+00:00,long,0.5215042799999999,0.5185656494802049,0.52738154103959,0.52179562,stack_flip,2.0,-0.07837322468698081,42.74894024539028,14547.232106053234,14547.232106053234,14547.232106053234,4.238190601778776,7.588562900761064,3.035425451249068,-3.350372298982289,-3.350372298982289,-0.07837322468698081,7583.093433161192,stacked_mtf_v3.3_2h_sync,stack_flip,BACKTEST_ONLY,long-2024-05-17 08:00:00+00:00
176,2024-05-20 20:00:00+00:00,2024-05-21 19:15:00+00:00,2024-05-20 20:00:00+00:00,2024-05-21 19:15:00+00:00,long,0.53140626,0.526023963330777,0.5421708533384462,0.53619274,stack_flip,2.0,0.7901237633959322,75.83093433161191,14088.954770038341,14088.954770038341,14088.954770038341,67.43650022769208,7.520677011769082,3.0082736224985864,59.915823215923,59.915823215923,0.7901237633959322,7643.009256377115,stacked_mtf_v3.3_2h_sync,stack_flip,BACKTEST_ONLY,long-2024-05-20 20:00:00+00:00
177,2024-05-25 16:00:00+00:00,2024-05-26 02:30:00+00:00,2024-05-25 16:00:00+00:00,2024-05-26 02:30:00+00:00,long,0.53980794,0.5379393871121212,0.5435450457757576,0.5386922399999999,stack_flip,2.0,-0.8856854417852599,26.45638561390522,14158.756642922139,14158.756642922139,14158.756642922139,-15.796924786508978,7.63511079398386,3.054043807878305,-23.432035580492837,-23.432035580492837,-0.8856854417852599,7619.577220796622,stacked_mtf_v3.3_2h_sync,stack_flip,BACKTEST_ONLY,long-2024-05-25 16:00:00+00:00
178,2024-06-03 14:00:00+00:00,2024-06-04 01:15:00+00:00,2024-06-03 14:00:00+00:00,2024-06-04 01:15:00+00:00,long,0.52200438,0.5203187721089376,0.5253755957821249,0.51929612,stack_flip,2.0,-1.9155761355417387,24.60442858723576,14596.768748945404,14596.768748945404,14596.768748945404,-39.53184493201914,7.5998112983306125,3.0399230596553695,-47.131656230349755,-47.131656230349755,-1.9155761355417387,7572.445564566272,stacked_mtf_v3.3_2h_sync,stack_flip,BACKTEST_ONLY,long-2024-06-03 14:00:00+00:00
179,2024-06-04 12:00:00+00:00,2024-06-05 04:00:00+00:00,2024-06-04 12:00:00+00:00,2024-06-05 04:00:00+00:00,long,0.5236046999999999,0.5200126998732874,0.5307887002534251,0.52509496,stack_flip,2.0,0.2689059398458558,51.9480161798511,14462.142078874145,14462.142078874145,14462.142078874145,21.55235185446409,7.583221740493504,3.033289679623063,13.969130113970586,13.969130113970586,0.2689059398458558,7586.414694680243,stacked_mtf_v3.3_2h_sync,stack_flip,BACKTEST_ONLY,long-2024-06-04 12:00:00+00:00
180,2024-06-05 16:00:00+00:00,2024-06-05 17:30:00+00:00,2024-06-05 16:00:00+00:00,2024-06-05 17:30:00+00:00,long,0.52990596,0.5276597997324541,0.5343982805350918,0.52759446,stack_flip,2.0,-1.2644913415298038,32.157221368706445,14316.530228647065,14316.530228647065,14316.530228647065,-33.092659623518,7.5698683648684835,3.027946143358854,-40.662527988386486,-40.662527988386486,-1.2644913415298038,7545.7521666918565,stacked_mtf_v3.3_2h_sync,stack_flip,BACKTEST_ONLY,long-2024-06-05 16:00:00+00:00
181,2024-06-06 12:00:00+00:00,2024-06-06 16:15:00+00:00,2024-06-06 12:00:00+00:00,2024-06-06 16:15:00+00:00,long,0.5270053800000001,0.5252571403502461,0.5305018592995081,0.5258948,stack_flip,2.0,-0.936387691601905,25.031590996334714,14318.169136512146,14318.169136512146,14318.169136512146,-15.90147227962885,7.537801430552042,3.0151200567667282,-23.439273710180892,-23.439273710180892,-0.936387691601905,7522.312892981676,stacked_mtf_v3.3_2h_sync,stack_flip,BACKTEST_ONLY,long-2024-06-06 12:00:00+00:00
182,2024-06-15 18:00:00+00:00,2024-06-16 14:45:00+00:00,2024-06-15 18:00:00+00:00,2024-06-16 14:45:00+00:00,long,0.4870974,0.4855312142776002,0.4902297714447996,0.48930212,stack_flip,2.0,1.095987669565674,24.186823933800238,15443.139078512173,15443.139078512173,15443.139078512173,34.04779758917726,7.539336791776265,3.0157361992518568,26.508460797400993,26.508460797400993,1.095987669565674,7548.821353779077,stacked_mtf_v3.3_2h_sync,stack_flip,BACKTEST_ONLY,long-2024-06-15 18:00:00+00:00
183,2024-06-17 08:00:00+00:00,2024-06-17 23:00:00+00:00,2024-06-17 08:00:00+00:00,2024-06-17 23:00:00+00:00,long,0.49689936,0.4886996418944714,0.5132987962110572,0.50399918,stack_flip,2.0,0.8048289764437626,75.48821353779077,9206.196184585091,9206.196184585091,9206.196184585091,65.36233579524072,4.6072341600523945,1.8428963522302435,60.75510163518833,60.75510163518833,0.8048289764437626,7609.576455414265,stacked_mtf_v3.3_2h_sync,stack_flip,BACKTEST_ONLY,long-2024-06-17 08:00:00+00:00
184,2024-06-28 02:00:00+00:00,2024-06-28 15:30:00+00:00,2024-06-28 02:00:00+00:00,2024-06-28 15:30:00+00:00,long,0.47699537999999997,0.4755599017083794,0.47986633658324107,0.47530491999999996,stack_flip,2.0,-1.5093297910859094,22.900393312350403,15953.144987304207,15953.144987304207,15953.144987304207,-26.968153475238346,7.596092378676646,3.038435994281959,-34.56424585391499,-34.56424585391499,-1.5093297910859094,7575.01220956035,stacked_mtf_v3.3_2h_sync,stack_flip,BACKTEST_ONLY,long-2024-06-28 02:00:00+00:00
185,2024-07-01 02:00:00+00:00,2024-07-01 17:00:00+00:00,2024-07-01 02:00:00+00:00,2024-07-01 17:00:00+00:00,long,0.47869572000000005,0.4776601593835034,0.4807668412329933,0.47850428,stack_flip,2.0,-0.6470311726095159,16.38699488205526,15824.273944961007,15824.273944961007,15824.273944961007,-3.0293990040240106,7.573497510058338,3.029399004023335,-10.60289651408235,-10.60289651408235,-0.6470311726095159,7564.409313046268,stacked_mtf_v3.3_2h_sync,stack_flip,BACKTEST_ONLY,long-2024-07-01 02:00:00+00:00
186,2024-07-02 06:00:00+00:00,2024-07-02 15:45:00+00:00,2024-07-02 06:00:00+00:00,2024-07-02 15:45:00+00:00,long,0.48019602,0.47939204613985054,0.48180396772029893,0.4819036,stack_flip,2.0,1.5255846623818896,12.664801668202855,15752.753038324367,15752.753038324367,15752.753038324367,26.899086033181707,7.57785885606286,3.0311447396343745,19.321227177118846,19.321227177118846,1.5255846623818896,7583.730540223387,stacked_mtf_v3.3_2h_sync,stack_flip,BACKTEST_ONLY,long-2024-07-02 06:00:00+00:00
187,2024-07-02 22:00:00+00:00,2024-07-03 01:45:00+00:00,2024-07-02 22:00:00+00:00,2024-07-03 01:45:00+00:00,long,0.48569712,0.48376370589408646,0.489563948211827,0.48320334,stack_flip,2.0,-1.5403995558379417,30.188549608684262,15614.11469811348,15614.11469811348,15614.11469811348,-38.938166951861454,7.564261456747456,3.0257031462004305,-46.50242840860891,-46.50242840860891,-1.5403995558379417,7537.2281118147785,stacked_mtf_v3.3_2h_sync,stack_flip,BACKTEST_ONLY,long-2024-07-02 22:00:00+00:00
188,2024-07-09 20:00:00+00:00,2024-07-10 00:45:00+00:00,2024-07-09 20:00:00+00:00,2024-07-10 00:45:00+00:00,long,0.43638726,0.4336795682412852,0.44180264351742965,0.43251348,stack_flip,2.0,-1.5911081296952518,46.76692541829608,17271.879366539662,17271.879366539662,17271.879366539662,-66.90746085251389,7.5037743813885225,3.0015071963172626,-74.41123523390242,-74.41123523390242,-1.5911081296952518,7462.816876580876,stacked_mtf_v3.3_2h_sync,stack_flip,BACKTEST_ONLY,long-2024-07-09 20:00:00+00:00
189,2024-07-10 04:00:00+00:00,2024-07-10 13:30:00+00:00,2024-07-10 04:00:00+00:00,2024-07-10 13:30:00+00:00,long,0.43868772,0.4346153646786277,0.4468324306427446,0.43631272,stack_flip,2.0,-0.6906323240606295,69.27762194886846,17011.68402110931,17011.68402110931,17011.68402110931,-40.402749550134885,7.442615501805809,2.9770447036941294,-47.845365051940696,-47.845365051940696,-0.6906323240606295,7414.9715115289355,stacked_mtf_v3.3_2h_sync,stack_flip,BACKTEST_ONLY,long-2024-07-10 04:00:00+00:00
190,2024-07-10 20:00:00+00:00,2024-07-11 03:30:00+00:00,2024-07-10 20:00:00+00:00,2024-07-11 03:30:00+00:00,long,0.43678733999999997,0.4344468272806298,0.44146836543874035,0.43781242000000004,stack_flip,2.0,0.25113305949400383,39.73291702204804,16976.159408669984,16976.159408669984,16976.159408669984,17.401921486640564,7.423672472272256,2.9694698037645537,9.97824901436831,9.97824901436831,0.25113305949400383,7424.9497605433035,stacked_mtf_v3.3_2h_sync,stack_flip,BACKTEST_ONLY,long-2024-07-10 20:00:00+00:00
191,2024-07-11 06:00:00+00:00,2024-07-11 15:30:00+00:00,2024-07-11 06:00:00+00:00,2024-07-11 15:30:00+00:00,long,0.4425885,0.4400932054726762,0.44757908905464755,0.44201158,stack_flip,2.0,-0.40845680894154907,41.86154069330246,16776.192243005193,16776.192243005193,16776.192243005193,-9.678520828834234,7.420110500128887,2.968043931632479,-17.098631328963123,-17.098631328963123,-0.40845680894154907,7407.85112921434,stacked_mtf_v3.3_2h_sync,stack_flip,BACKTEST_ONLY,long-2024-07-11 06:00:00+00:00
192,2024-07-11 18:00:00+00:00,2024-07-12 01:15:00+00:00,2024-07-11 18:00:00+00:00,2024-07-12 01:15:00+00:00,long,0.44808960000000003,0.4436881399693507,0.4568925200612987,0.4459108,stack_flip,2.0,-0.5965748142015177,72.76526984388278,16532.07556973949,16532.07556973949,16532.07556973949,-36.020086251349,7.389841086088666,2.9559351118694206,-43.409927337437665,-43.409927337437665,-0.5965748142015177,7364.441201876903,stacked_mtf_v3.3_2h_sync,stack_flip,BACKTEST_ONLY,long-2024-07-11 18:00:00+00:00
193,2024-07-12 02:00:00+00:00,2024-07-13 22:45:00+00:00,2024-07-12 02:00:00+00:00,2024-07-13 22:45:00+00:00,long,0.45049008,0.4459899843634408,0.4594902712731185,0.52219554,stack_flip,2.0,15.8261341406633,73.56585902682534,16347.621243683994,16347.621243683994,16347.621243683994,1172.2137011841328,7.950548052468968,3.180266236746284,1164.2631531316638,1164.2631531316638,15.8261341406633,8528.704355008565,stacked_mtf_v3.3_2h_sync,stack_flip,BACKTEST_ONLY,long-2024-07-12 02:00:00+00:00
194,2024-07-16 02:00:00+00:00,2024-07-16 05:30:00+00:00,2024-07-16 02:00:00+00:00,2024-07-16 05:30:00+00:00,long,0.55531104,0.5430533870612867,0.5798263458774265,0.544891,stack_flip,2.0,-0.89496260620604,85.28704355008566,6957.860854480879,6957.860854480879,6957.860854480879,-72.50118841812468,3.827526353068003,1.5310077024199729,-76.3287147711927,-76.3287147711927,-0.89496260620604,8452.375640237373,stacked_mtf_v3.3_2h_sync,stack_flip,BACKTEST_ONLY,long-2024-07-16 02:00:00+00:00
195,2024-07-16 14:00:00+00:00,2024-07-17 15:45:00+00:00,2024-07-16 14:00:00+00:00,2024-07-17 15:45:00+00:00,long,0.5690137799999999,0.5512014904608206,0.6046383590783586,0.6023795000000001,stack_flip,2.0,1.840303757015529,84.52375640237373,4745.249408643283,4745.249408643283,4745.249408643283,158.3286630989581,2.7792766346043574,1.1117170314569482,155.54938646435374,155.54938646435374,1.840303757015529,8607.925026701727,stacked_mtf_v3.3_2h_sync,stack_flip,BACKTEST_ONLY,long-2024-07-16 14:00:00+00:00
196,2024-07-17 18:00:00+00:00,2024-07-18 01:00:00+00:00,2024-07-17 18:00:00+00:00,2024-07-18 01:00:00+00:00,long,0.61692336,0.6010793651573846,0.6486113496852309,0.61377722,stack_flip,2.0,-0.23740794713482063,86.07925026701727,5432.925920645385,5432.925920645385,5432.925920645385,-17.092745555979377,3.343152540817655,1.3372603861076555,-20.435898096797033,-20.435898096797033,-0.23740794713482063,8587.48912860493,stacked_mtf_v3.3_2h_sync,stack_flip,BACKTEST_ONLY,long-2024-07-17 18:00:00+00:00
197,2024-07-20 06:00:00+00:00,2024-07-21 01:00:00+00:00,2024-07-20 06:00:00+00:00,2024-07-21 01:00:00+00:00,long,0.5915182800000001,0.5815656854356616,0.6114234691286771,0.5900819599999999,stack_flip,2.0,-0.2036775543197152,85.87489128604928,8628.392398676691,8628.392398676691,8628.392398676691,-12.393132570068664,5.097655264545277,2.0390616916552755,-17.49078783461394,-17.49078783461394,-0.2036775543197152,8569.998340770315,stacked_mtf_v3.3_2h_sync,stack_flip,BACKTEST_ONLY,long-2024-07-20 06:00:00+00:00
198,2024-07-21 22:00:00+00:00,2024-07-22 05:30:00+00:00,2024-07-21 22:00:00+00:00,2024-07-22 05:30:00+00:00,long,0.5983196399999999,0.5899425398765359,0.615073840246928,0.59158166,stack_flip,2.0,-0.875354304225226,85.69998340770314,10230.268487260846,10230.268487260846,10230.268487260846,-68.93134446179303,6.086504886170356,2.434599294598336,-75.01784934796339,-75.01784934796339,-0.875354304225226,8494.980491422351,stacked_mtf_v3.3_2h_sync,stack_flip,BACKTEST_ONLY,long-2024-07-21 22:00:00+00:00
199,2024-07-22 08:00:00+00:00,2024-07-22 22:30:00+00:00,2024-07-22 08:00:00+00:00,2024-07-22 22:30:00+00:00,long,0.5981196,0.5899128972362268,0.6145330055275464,0.60927812,stack_flip,2.0,1.2861220204772272,84.94980491422352,10351.271071887326,10351.271071887326,10351.271071887326,115.50486528107679,6.249050545649356,2.4996249384393514,109.25581473542744,109.25581473542744,1.2861220204772272,8604.236306157778,stacked_mtf_v3.3_2h_sync,stack_flip,BACKTEST_ONLY,long-2024-07-22 08:00:00+00:00
200,2024-07-23 04:00:00+00:00,2024-07-23 05:00:00+00:00,2024-07-23 04:00:00+00:00,2024-07-23 05:00:00+00:00,long,0.6133226399999999,0.606138348770213,0.6276912224595738,0.60547888,stack_flip,2.0,-1.176617217986941,86.04236306157777,11976.458123640083,11976.458123640083,11976.458123640083,-93.94046317188153,7.298462682654441,2.9193814322185068,-101.23892585453598,-101.23892585453598,-1.176617217986941,8502.997380303243,stacked_mtf_v3.3_2h_sync,stack_flip,BACKTEST_ONLY,long-2024-07-23 04:00:00+00:00
201,2024-07-24 08:00:00+00:00,2024-07-24 21:30:00+00:00,2024-07-24 08:00:00+00:00,2024-07-24 21:30:00+00:00,long,0.60482094,0.5986266682342118,0.6172094835315762,0.61497698,stack_flip,2.0,1.5411240257046472,85.02997380303242,13727.194578814808,13727.194578814808,13727.194578814808,139.4139372302268,8.37220169733679,3.34888638944766,131.04173553289002,131.04173553289002,1.5411240257046472,8634.039115836133,stacked_mtf_v3.3_2h_sync,stack_flip,BACKTEST_ONLY,long-2024-07-24 08:00:00+00:00
202,2024-07-25 12:00:00+00:00,2024-07-25 13:45:00+00:00,2024-07-25 12:00:00+00:00,2024-07-25 13:45:00+00:00,long,0.61382274,0.604253816654884,0.6329605866902321,0.60567884,stack_flip,2.0,-0.9147999700998563,86.34039115836133,9022.999562686347,9022.999562686347,9022.999562686347,-73.48240613856117,5.501781111517656,2.2007095933392002,-78.98418725007883,-78.98418725007883,-0.9147999700998563,8555.054928586054,stacked_mtf_v3.3_2h_sync,stack_flip,BACKTEST_ONLY,long-2024-07-25 12:00:00+00:00
203,2024-07-30 12:00:00+00:00,2024-07-31 16:30:00+00:00,2024-07-30 12:00:00+00:00,2024-07-31 16:30:00+00:00,long,0.6333266399999999,0.6160615768402657,0.6678567663194683,0.6363726999999999,stack_flip,2.0,0.13965835558733536,85.55054928586054,4955.125185141671,4955.125185141671,4955.125185141671,15.093608621452448,3.1457595885958782,1.258304489514876,11.94784903285657,11.94784903285657,0.13965835558733536,8567.00277761891,stacked_mtf_v3.3_2h_sync,stack_flip,BACKTEST_ONLY,long-2024-07-30 12:00:00+00:00
204,2024-08-07 22:00:00+00:00,2024-08-08 21:00:00+00:00,2024-08-07 22:00:00+00:00,2024-08-08 21:00:00+00:00,long,0.6302260199999999,0.5740241126896545,0.7426298346206909,0.61077782,stack_flip,2.0,-0.35708222159047137,85.6700277761891,1524.3259860047353,1524.3259860047353,1524.3259860047353,-29.645396641017165,0.9458472010218314,0.37833770972637526,-30.591243842038995,-30.591243842038995,-0.35708222159047137,8536.411533776873,stacked_mtf_v3.3_2h_sync,stack_flip,BACKTEST_ONLY,long-2024-08-07 22:00:00+00:00
205,2024-08-10 14:00:00+00:00,2024-08-10 18:15:00+00:00,2024-08-10 14:00:00+00:00,2024-08-10 18:15:00+00:00,long,0.5977195200000001,0.5934871979520158,0.6061841640959686,0.59258146,stack_flip,2.0,-1.3546252919790407,60.44447527005856,14281.634191529953,14281.634191529953,14281.634191529953,-73.37989337413318,8.499721587089807,3.3998858356356205,-81.87961496122298,-81.87961496122298,-1.3546252919790407,8454.53191881565,stacked_mtf_v3.3_2h_sync,stack_flip,BACKTEST_ONLY,long-2024-08-10 14:00:00+00:00
206,2024-08-13 18:00:00+00:00,2024-08-14 01:15:00+00:00,2024-08-13 18:00:00+00:00,2024-08-14 01:15:00+00:00,long,0.5807161200000001,0.573841602662987,0.5944651546740262,0.57128572,stack_flip,2.0,-1.455578687121007,84.5453191881565,12298.364385955721,12298.364385955721,12298.364385955721,-115.97849550531758,7.083869200805732,2.8335431545241985,-123.06236470612332,-123.06236470612332,-1.455578687121007,8331.469554109526,stacked_mtf_v3.3_2h_sync,stack_flip,BACKTEST_ONLY,long-2024-08-13 18:00:00+00:00
207,2024-08-14 04:00:00+00:00,2024-08-14 13:30:00+00:00,2024-08-14 04:00:00+00:00,2024-08-14 13:30:00+00:00,long,0.5792158199999999,0.5738005000882377,0.5900464598235244,0.5728854,stack_flip,2.0,-1.2753578223511541,77.89423460604077,14384.050411657483,14384.050411657483,14384.050411657483,-91.05708040696402,8.285941013906044,3.3143728958541168,-99.34302142087006,-99.34302142087006,-1.2753578223511541,8232.126532688657,stacked_mtf_v3.3_2h_sync,stack_flip,BACKTEST_ONLY,long-2024-08-14 04:00:00+00:00
208,2024-08-19 10:00:00+00:00,2024-08-20 12:30:00+00:00,2024-08-19 10:00:00+00:00,2024-08-20 12:30:00+00:00,long,0.58241646,0.5779503670811791,0.5913486458376419,0.6038792,stack_flip,2.0,4.672896992817057,63.125691905202665,14134.433172937208,14134.433172937208,14134.433172937208,303.36366423812524,8.383808364807718,3.353535614611082,294.97985587331755,294.97985587331755,4.672896992817057,8527.106388561975,stacked_mtf_v3.3_2h_sync,stack_flip,BACKTEST_ONLY,long-2024-08-19 10:00:00+00:00
209,2024-08-21 20:00:00+00:00,2024-08-22 02:45:00+00:00,2024-08-21 20:00:00+00:00,2024-08-22 02:45:00+00:00,long,0.60202038,0.5968215673363625,0.6124180053272751,0.594881,stack_flip,2.0,-1.4883842120569866,73.63675740851245,14164.149041867942,14164.149041867942,14164.149041867942,-101.12324238653156,8.47654476736871,3.3906139976423475,-109.59978715390027,-109.59978715390027,-1.4883842120569866,8417.506601408075,stacked_mtf_v3.3_2h_sync,stack_flip,BACKTEST_ONLY,long-2024-08-21 20:00:00+00:00
210,2024-08-22 06:00:00+00:00,2024-08-22 09:00:00+00:00,2024-08-22 06:00:00+00:00,2024-08-22 09:00:00+00:00,long,0.60302058,0.5990502433057949,0.6109612533884102,0.59878022,stack_flip,2.0,-1.2193576446718253,55.42155017874208,13958.90435680997,13958.90435680997,13958.90435680997,-59.19077967844348,8.387911211568854,3.3551622512028443,-67.57869089001233,-67.57869089001233,-1.2193576446718253,8349.927910518063,stacked_mtf_v3.3_2h_sync,stack_flip,BACKTEST_ONLY,long-2024-08-22 06:00:00+00:00
211,2024-08-23 02:00:00+00:00,2024-08-23 03:45:00+00:00,2024-08-23 02:00:00+00:00,2024-08-23 03:45:00+00:00,long,0.60102018,0.597566367433087,0.607927805133826,0.5982803200000001,stack_flip,2.0,-0.9669054661483116,47.98355680863334,13892.924378209835,13892.924378209835,13892.924378209835,-38.06466778688099,8.330895576624622,3.3323568413574107,-46.39556336350561,-46.39556336350561,-0.9669054661483116,8303.532347154558,stacked_mtf_v3.3_2h_sync,stack_flip,BACKTEST_ONLY,long-2024-08-23 02:00:00+00:00
212,2024-08-23 18:00:00+00:00,2024-08-24 01:30:00+00:00,2024-08-23 18:00:00+00:00,2024-08-24 01:30:00+00:00,long,0.60602118,0.6004918717826124,0.6170797964347753,0.6050789599999999,stack_flip,2.0,-0.27992110570594403,75.76103138914318,13701.719710777365,13701.719710777365,13701.719710777365,-12.910034345890082,8.297077329981613,3.318830548344493,-21.207111675871694,-21.207111675871694,-0.27992110570594403,8282.325235478685,stacked_mtf_v3.3_2h_sync,stack_flip,BACKTEST_ONLY,long-2024-08-23 18:00:00+00:00
213,2024-08-24 06:00:00+00:00,2024-08-24 21:00:00+00:00,2024-08-24 06:00:00+00:00,2024-08-24 21:00:00+00:00,long,0.6105220800000001,0.6064371808720965,0.6186918782558072,0.61557686,stack_flip,2.0,1.0873537854726676,55.41562580573738,13565.971660646057,13565.971660646057,13565.971660646057,68.57300223079946,8.316611736594085,3.3266475706236265,60.25639049420538,60.25639049420538,1.0873537854726676,8342.58162597289,stacked_mtf_v3.3_2h_sync,stack_flip,BACKTEST_ONLY,long-2024-08-24 06:00:00+00:00
214,2024-09-12 14:00:00+00:00,2024-09-13 11:45:00+00:00,2024-09-12 14:00:00+00:00,2024-09-13 11:45:00+00:00,long,0.5681136,0.553529497342029,0.5972818053159419,0.5623875,stack_flip,2.0,-0.43138413775230927,83.4258162597289,5720.325632385241,5720.325632385241,5720.325632385241,-32.75515660360088,3.2334172098848555,1.293365625482303,-35.988573813485736,-35.988573813485736,-0.43138413775230927,8306.593052159405,stacked_mtf_v3.3_2h_sync,stack_flip,BACKTEST_ONLY,long-2024-09-12 14:00:00+00:00
215,2024-09-13 14:00:00+00:00,2024-09-14 06:30:00+00:00,2024-09-13 14:00:00+00:00,2024-09-14 06:30:00+00:00,long,0.5700139799999999,0.5633093707823096,0.5834231984353806,0.57528492,stack_flip,2.0,0.7007553158509908,83.06593052159405,12389.376893499144,12389.376893499144,12389.376893499144,65.3036622430211,7.094769863904992,2.837910671224914,58.2088923791161,58.2088923791161,0.7007553158509908,8364.801944538522,stacked_mtf_v3.3_2h_sync,stack_flip,BACKTEST_ONLY,long-2024-09-13 14:00:00+00:00
216,2024-09-14 14:00:00+00:00,2024-09-15 02:45:00+00:00,2024-09-14 14:00:00+00:00,2024-09-15 02:45:00+00:00,long,0.5873174400000001,0.5809360941056528,0.6000801317886946,0.59278142,stack_flip,2.0,0.7637778378879871,83.64801944538522,13108.20958937247,13108.20958937247,13108.20958937247,71.62299503213839,7.734491596529761,3.0937996272836905,63.88850343560863,63.88850343560863,0.7637778378879871,8428.69044797413,stacked_mtf_v3.3_2h_sync,stack_flip,BACKTEST_ONLY,long-2024-09-14 14:00:00+00:00
217,2024-09-17 00:00:00+00:00,2024-09-17 13:30:00+00:00,2024-09-17 00:00:00+00:00,2024-09-17 13:30:00+00:00,long,0.58501698,0.5799325385000119,0.5951858629999762,0.58328332,stack_flip,2.0,-0.45586327426628753,73.25459767720412,14407.599669968775,14407.599669968775,14407.599669968775,-24.977879243837638,8.416201508352211,3.366479738884904,-33.39408075218985,-33.39408075218985,-0.45586327426628753,8395.29636722194,stacked_mtf_v3.3_2h_sync,stack_flip,BACKTEST_ONLY,long-2024-09-17 00:00:00+00:00
218,2024-09-17 16:00:00+00:00,2024-09-17 16:45:00+00:00,2024-09-17 16:00:00+00:00,2024-09-17 16:45:00+00:00,long,0.58951788,0.5865795013901357,0.5953946372197287,0.5853829,stack_flip,2.0,-1.6071551753563944,41.84531140754677,14240.952907521547,14240.952907521547,14240.952907521547,-58.88605545354359,8.365853339495166,3.346339114209413,-67.25190879303875,-67.25190879303875,-1.6071551753563944,8328.0444584289,stacked_mtf_v3.3_2h_sync,stack_flip,BACKTEST_ONLY,long-2024-09-17 16:00:00+00:00
219,2024-09-19 12:00:00+00:00,2024-09-19 22:00:00+00:00,2024-09-19 12:00:00+00:00,2024-09-19 22:00:00+00:00,long,0.5870173799999999,0.582330412006072,0.5963913159878557,0.58558286,stack_flip,2.0,-0.43115722629596065,66.4942455854793,14187.04921211856,14187.04921211856,14187.04921211856,-20.351605835766666,8.317868655511017,3.3271467812260447,-28.669474491277683,-28.669474491277683,-0.43115722629596065,8299.374983937621,stacked_mtf_v3.3_2h_sync,stack_flip,BACKTEST_ONLY,long-2024-09-19 12:00:00+00:00
220,2024-09-20 04:00:00+00:00,2024-09-20 07:15:00+00:00,2024-09-20 04:00:00+00:00,2024-09-20 07:15:00+00:00,long,0.59021802,0.5846367265346328,0.6013806069307344,0.5863827,stack_flip,2.0,-0.7925797823478108,78.48158781136988,14061.541163954333,14061.541163954333,14061.541163954333,-53.93051005693699,8.272409728909153,3.308961866701734,-62.20291978584614,-62.20291978584614,-0.7925797823478108,8237.172064151775,stacked_mtf_v3.3_2h_sync,stack_flip,BACKTEST_ONLY,long-2024-09-20 04:00:00+00:00
221,2024-09-21 14:00:00+00:00,2024-09-21 15:00:00+00:00,2024-09-21 14:00:00+00:00,2024-09-21 15:00:00+00:00,long,0.58651728,0.5852364733215822,0.5890788933568356,0.58418314,stack_flip,2.0,-2.279415199182518,17.98791843105124,14044.210366916683,14044.210366916683,14044.210366916683,-32.78115318583469,8.220781487558858,3.288311415309872,-41.00193467339355,-41.00193467339355,-2.279415199182518,8196.170129478382,stacked_mtf_v3.3_2h_sync,stack_flip,BACKTEST_ONLY,long-2024-09-21 14:00:00+00:00
222,2024-09-21 16:00:00+00:00,2024-09-22 06:45:00+00:00,2024-09-21 16:00:00+00:00,2024-09-22 06:45:00+00:00,long,0.5880175799999999,0.5847951650105886,0.5944624099788226,0.59448108,stack_flip,2.0,1.8223136030883453,44.91610859831198,13938.648108919435,13938.648108919435,13938.648108919435,90.09245205200169,8.241216355504383,3.2964902777594465,81.85123569649731,81.85123569649731,1.8223136030883453,8278.021365174878,stacked_mtf_v3.3_2h_sync,stack_flip,BACKTEST_ONLY,long-2024-09-21 16:00:00+00:00
223,2024-09-27 06:00:00+00:00,2024-09-27 10:00:00+00:00,2024-09-27 06:00:00+00:00,2024-09-27 10:00:00+00:00,long,0.5921183999999999,0.5880503057107709,0.600254588578458,0.5859827799999999,stack_flip,2.0,-1.653027219109616,56.87337438219114,13980.348128304879,13980.348128304879,13980.348128304879,-85.7781035829901,8.235132313383383,3.294049625991195,-94.01323589637349,-94.01323589637349,-1.653027219109616,8184.008129278504,stacked_mtf_v3.3_2h_sync,stack_flip,BACKTEST_ONLY,long-2024-09-27 06:00:00+00:00
224,2024-09-28 08:00:00+00:00,2024-09-29 00:15:00+00:00,2024-09-28 08:00:00+00:00,2024-09-29 00:15:00+00:00,long,0.6066213,0.59731936792397,0.6252251641520601,0.61177762,stack_flip,2.0,0.48883613671157417,81.84008129278506,8798.180918099499,8798.180918099499,8798.180918099499,45.366236231614735,5.359847064288519,2.143940726122486,40.00638916732622,40.00638916732622,0.48883613671157417,8224.01451844583,stacked_mtf_v3.3_2h_sync,stack_flip,BACKTEST_ONLY,long-2024-09-28 08:00:00+00:00
225,2024-09-29 06:00:00+00:00,2024-09-29 23:00:00+00:00,2024-09-29 06:00:00+00:00,2024-09-29 23:00:00+00:00,long,0.61832364,0.6122633975136892,0.6304441249726215,0.63877222,stack_flip,2.0,3.2705014881451886,80.60426444753426,13300.501527720711,13300.501527720711,13300.501527720711,271.9763695297198,8.36000270321069,3.3440120940995417,263.61636682650914,263.61636682650914,3.2705014881451886,8487.63088527234,stacked_mtf_v3.3_2h_sync,stack_flip,BACKTEST_ONLY,long-2024-09-29 06:00:00+00:00
226,2024-09-30 02:00:00+00:00,2024-09-30 09:45:00+00:00,2024-09-30 02:00:00+00:00,2024-09-30 09:45:00+00:00,long,0.64882974,0.6376204731718286,0.671248273656343,0.63447308,stack_flip,2.0,-1.3380278692541967,84.8763088527234,7571.976843249879,7571.976843249879,7571.976843249879,-108.70829706641196,4.858569617958634,1.943423576588514,-113.5668666843706,-113.5668666843706,-1.3380278692541967,8374.06401858797,stacked_mtf_v3.3_2h_sync,stack_flip,BACKTEST_ONLY,long-2024-09-30 02:00:00+00:00
227,2024-10-11 08:00:00+00:00,2024-10-12 00:15:00+00:00,2024-10-11 08:00:00+00:00,2024-10-12 00:15:00+00:00,long,0.5381076,0.5366105549806309,0.5411016900387382,0.53699258,stack_flip,2.0,-1.1038880385149796,23.29710792210525,15562.062343271065,15562.062343271065,15562.062343271065,-17.352010753993582,8.365388013210973,3.3461546450501447,-25.717398767204557,-25.717398767204557,-1.1038880385149796,8348.346619820764,stacked_mtf_v3.3_2h_sync,stack_flip,BACKTEST_ONLY,long-2024-10-11 08:00:00+00:00
228,2024-10-12 10:00:00+00:00,2024-10-12 16:30:00+00:00,2024-10-12 10:00:00+00:00,2024-10-12 16:30:00+00:00,long,0.53900778,0.5376056252984884,0.5418120894030233,0.53979202,stack_flip,2.0,0.1746170374324871,21.717077001801876,15488.360149125794,15488.360149125794,15488.360149125794,12.146591563350283,8.35441991560244,3.3417685857753816,3.7921716477478427,3.7921716477478427,0.1746170374324871,8352.138791468513,stacked_mtf_v3.3_2h_sync,stack_flip,BACKTEST_ONLY,long-2024-10-12 10:00:00+00:00
229,2024-10-14 10:00:00+00:00,2024-10-15 05:30:00+00:00,2024-10-14 10:00:00+00:00,2024-10-15 05:30:00+00:00,long,0.5391078,0.5373002379816572,0.5427229240366858,0.54319134,stack_flip,2.0,1.959761487601726,28.00369212129111,15492.520775007359,15492.520775007359,15492.520775007359,63.2643282855735,8.3837709556113,3.353511046958093,54.8805573299622,54.8805573299622,1.959761487601726,8407.019348798474,stacked_mtf_v3.3_2h_sync,stack_flip,BACKTEST_ONLY,long-2024-10-14 10:00:00+00:00
230,2024-10-21 02:00:00+00:00,2024-10-21 13:30:00+00:00,2024-10-21 02:00:00+00:00,2024-10-21 13:30:00+00:00,long,0.5488097399999999,0.546444091393733,0.5535410372125339,0.5458908,stack_flip,2.0,-1.4652599971175648,36.23852157825158,15318.640935196367,15318.640935196367,15318.640935196367,-44.71419377138094,8.384662251912783,3.3538632463518923,-53.09885602329372,-53.09885602329372,-1.4652599971175648,8353.92049277518,stacked_mtf_v3.3_2h_sync,stack_flip,BACKTEST_ONLY,long-2024-10-21 02:00:00+00:00
231,2024-10-24 20:00:00+00:00,2024-10-25 04:15:00+00:00,2024-10-24 20:00:00+00:00,2024-10-25 04:15:00+00:00,long,0.53300658,0.5307068211007322,0.5376060977985356,0.52609476,stack_flip,2.0,-3.2357177408332527,36.04458878731941,15673.203307875074,15673.203307875074,15673.203307875074,-108.3303600874373,8.299755312731461,3.3198979246740983,-116.63011540016876,-116.63011540016876,-3.2357177408332527,8237.290377375011,stacked_mtf_v3.3_2h_sync,stack_flip,BACKTEST_ONLY,long-2024-10-24 20:00:00+00:00
232,2024-10-29 02:00:00+00:00,2024-10-29 20:15:00+00:00,2024-10-29 02:00:00+00:00,2024-10-29 20:15:00+00:00,long,0.5231046,0.5190909887444455,0.5311318225111091,0.5233953,stack_flip,2.0,-0.05794032734938903,63.202046730048885,15746.927817830336,15746.927817830336,15746.927817830336,4.577631916642917,8.239579193333332,3.2958319922718893,-3.661947276690415,-3.661947276690415,-0.05794032734938903,8233.62843009832,stacked_mtf_v3.3_2h_sync,stack_flip,BACKTEST_ONLY,long-2024-10-29 02:00:00+00:00
233,2024-11-06 02:00:00+00:00,2024-11-07 10:15:00+00:00,2024-11-06 02:00:00+00:00,2024-11-07 10:15:00+00:00,long,0.5209041600000001,0.5161770272192778,0.5303584255614445,0.54799038,stack_flip,2.0,5.616887437196812,74.71903249189697,15806.417115383221,15806.417115383221,15806.417115383221,428.13609139903434,8.447696475797839,3.379095850926625,419.6883949232365,419.6883949232365,5.616887437196812,8653.316825021557,stacked_mtf_v3.3_2h_sync,stack_flip,BACKTEST_ONLY,long-2024-11-06 02:00:00+00:00
234,2024-11-07 20:00:00+00:00,2024-11-07 22:15:00+00:00,2024-11-07 20:00:00+00:00,2024-11-07 22:15:00+00:00,long,0.55741146,0.5505688253829384,0.5710967292341231,0.55148968,stack_flip,2.0,-0.9464527820690595,86.53316825021557,12646.17696149547,12646.17696149547,12646.17696149547,-74.88787780704449,7.011680024622031,2.8046691265204653,-81.89955783166653,-81.89955783166653,-0.9464527820690595,8571.41726718989,stacked_mtf_v3.3_2h_sync,stack_flip,BACKTEST_ONLY,long-2024-11-07 20:00:00+00:00
235,2024-11-08 00:00:00+00:00,2024-11-08 02:00:00+00:00,2024-11-08 00:00:00+00:00,2024-11-08 02:00:00+00:00,long,0.55791156,0.5519077551481133,0.5699191697037733,0.5529893800000001,stack_flip,2.0,-0.9123598459864268,85.71417267189891,14276.642027257689,14276.642027257689,14276.642027257689,-70.27220185372565,7.929967524062037,3.1719843256161133,-78.20216937778768,-78.20216937778768,-0.9123598459864268,8493.215097812103,stacked_mtf_v3.3_2h_sync,stack_flip,BACKTEST_ONLY,long-2024-11-08 00:00:00+00:00
236,2024-11-09 06:00:00+00:00,2024-11-09 10:30:00+00:00,2024-11-09 06:00:00+00:00,2024-11-09 10:30:00+00:00,long,0.55551108,0.5495475475429933,0.5674381449140136,0.55168964,stack_flip,2.0,-0.7336323549073134,84.93215097812103,14241.91980012305,14241.91980012305,14241.91980012305,-54.424642000983155,7.8843319284392495,3.153730720539248,-62.30897392942241,-62.30897392942241,-0.7336323549073134,8430.90612388268,stacked_mtf_v3.3_2h_sync,stack_flip,BACKTEST_ONLY,long-2024-11-09 06:00:00+00:00
237,2024-11-10 00:00:00+00:00,2024-11-10 20:00:00+00:00,2024-11-10 00:00:00+00:00,2024-11-10 20:00:00+00:00,long,0.55821162,0.556039117290652,0.562556625418696,0.589882,stack_flip,2.0,14.313599267884277,32.812227012389464,15103.422827139786,15103.422827139786,15103.422827139786,478.3311402361913,8.670071694000777,3.4680479495678376,469.6610685421905,469.6610685421905,14.313599267884277,8900.56719242487,stacked_mtf_v3.3_2h_sync,stack_flip,BACKTEST_ONLY,long-2024-11-10 00:00:00+00:00
238,2024-11-12 08:00:00+00:00,2024-11-13 02:30:00+00:00,2024-11-12 08:00:00+00:00,2024-11-13 02:30:00+00:00,long,0.6177235200000001,0.6057133769108777,0.6417438061782449,0.68356326,stack_flip,2.0,5.427836798134548,89.0056719242487,7410.875229693242,7410.875229693242,7410.875229693242,487.93009829544275,4.82183698231464,1.928754387279963,483.1082613131281,483.1082613131281,5.427836798134548,9383.675453737998,stacked_mtf_v3.3_2h_sync,stack_flip,BACKTEST_ONLY,long-2024-11-12 08:00:00+00:00
239,2024-11-13 14:00:00+00:00,2024-11-13 19:15:00+00:00,2024-11-13 14:00:00+00:00,2024-11-13 19:15:00+00:00,long,0.6986397,0.6716037470258377,0.7527116059483245,0.68856226,stack_flip,2.0,-0.39839694166851314,93.83675453737999,3470.813646815331,3470.813646815331,3470.813646815331,-34.97691627696267,2.4073597468284875,0.9629425381724455,-37.38427602379116,-37.38427602379116,-0.39839694166851314,9346.291177714207,stacked_mtf_v3.3_2h_sync,stack_flip,BACKTEST_ONLY,long-2024-11-13 14:00:00+00:00
240,2024-11-14 10:00:00+00:00,2024-11-17 00:30:00+00:00,2024-11-14 10:00:00+00:00,2024-11-17 00:30:00+00:00,long,0.71254248,0.6985243084395588,0.7405788231208823,1.09987998,stack_flip,2.0,27.566454519681937,93.46291177714207,6667.268364790987,6667.268364790987,6667.268364790987,2582.48306024723,6.041953465597329,2.416884782236733,2576.4411067816322,2576.4411067816322,27.566454519681937,11922.73228449584,stacked_mtf_v3.3_2h_sync,stack_flip,BACKTEST_ONLY,long-2024-11-14 10:00:00+00:00
241,2024-11-18 06:00:00+00:00,2024-11-18 11:30:00+00:00,2024-11-18 06:00:00+00:00,2024-11-18 11:30:00+00:00,long,1.17503496,1.1196377230442622,1.2858294339114757,1.11547686,stack_flip,2.0,-1.0957830976028966,119.2273228449584,2152.225081915557,2152.225081915557,2152.225081915557,-128.18243665123507,2.464848494714026,0.9859343100255167,-130.6472851459491,-130.6472851459491,-1.0957830976028966,11792.08499934989,stacked_mtf_v3.3_2h_sync,stack_flip,BACKTEST_ONLY,long-2024-11-18 06:00:00+00:00
242,2024-11-20 14:00:00+00:00,2024-11-20 16:15:00+00:00,2024-11-20 14:00:00+00:00,2024-11-20 16:15:00+00:00,long,1.13952786,1.108304726946289,1.2019741261074224,1.09298136,stack_flip,2.0,-1.5265205617901592,117.9208499934989,3776.7142006744552,3776.7142006744552,3776.7142006744552,-175.7928275416937,4.2157746371553255,1.6863028906011441,-180.00860217884903,-180.00860217884903,-1.5265205617901592,11612.076397171042,stacked_mtf_v3.3_2h_sync,stack_flip,BACKTEST_ONLY,long-2024-11-20 14:00:00+00:00
243,2024-11-21 06:00:00+00:00,2024-11-21 15:15:00+00:00,2024-11-21 06:00:00+00:00,2024-11-21 15:15:00+00:00,long,1.11382272,1.0867503023338732,1.1679675553322535,1.10257944,stack_flip,2.0,-0.4562385684324838,116.12076397171043,4289.264645802271,4289.264645802271,4289.264645802271,-48.22540340685561,4.753367712883894,1.9013452321912307,-52.978771119739505,-52.978771119739505,-0.4562385684324838,11559.097626051303,stacked_mtf_v3.3_2h_sync,stack_flip,BACKTEST_ONLY,long-2024-11-21 06:00:00+00:00
244,2024-11-21 18:00:00+00:00,2024-11-23 09:45:00+00:00,2024-11-21 18:00:00+00:00,2024-11-23 09:45:00+00:00,long,1.16083212,1.107291960505259,1.2679124389894822,1.5371925000000002,stack_flip,2.0,7.004300533076203,115.59097626051305,2158.9583847217855,2158.9583847217855,2158.9583847217855,812.5463980780777,2.912461437767405,1.1650171235635698,809.6339366403103,809.6339366403103,7.004300533076203,12368.731562691613,stacked_mtf_v3.3_2h_sync,stack_flip,BACKTEST_ONLY,long-2024-11-21 18:00:00+00:00
245,2024-11-29 00:00:00+00:00,2024-11-30 12:45:00+00:00,2024-11-29 00:00:00+00:00,2024-11-30 12:45:00+00:00,long,1.56491292,1.5008119653882335,1.6931148292235332,1.82793434,stack_flip,2.0,4.076772303201089,123.68731562691613,1929.57057154671,1929.57057154671,1929.57057154671,507.5183917184274,3.2733691133244447,1.3093679984401665,504.2450226051029,504.2450226051029,4.076772303201089,12872.976585296716,stacked_mtf_v3.3_2h_sync,stack_flip,BACKTEST_ONLY,long-2024-11-29 00:00:00+00:00
246,2024-11-30 22:00:00+00:00,2024-12-01 00:45:00+00:00,2024-11-30 22:00:00+00:00,2024-12-01 00:45:00+00:00,long,1.9503899999999998,1.881158122893523,2.0888537542129537,1.8820235200000002,stack_flip,2.0,-1.0151781187718878,128.72976585296715,1859.4001958806364,1859.4001958806364,1859.4001958806364,-127.120646303669,3.5629952248917998,1.42519306213859,-130.6836415285608,-130.6836415285608,-1.0151781187718878,12742.292943768154,stacked_mtf_v3.3_2h_sync,stack_flip,BACKTEST_ONLY,long-2024-11-30 22:00:00+00:00
247,2024-12-01 20:00:00+00:00,2024-12-02 08:30:00+00:00,2024-12-01 20:00:00+00:00,2024-12-02 08:30:00+00:00,long,2.1579315,2.0416713401722815,2.3904518196554374,2.27444502,stack_flip,2.0,0.9831169328286881,127.42292943768155,1096.0154332017482,1096.0154332017482,1096.0154332017482,127.70061609666035,2.4289765358405284,0.9715957612246858,125.27163956081982,125.27163956081982,0.9831169328286881,12867.564583328975,stacked_mtf_v3.3_2h_sync,stack_flip,BACKTEST_ONLY,long-2024-12-01 20:00:00+00:00
248,2024-12-02 14:00:00+00:00,2024-12-03 07:00:00+00:00,2024-12-02 14:00:00+00:00,2024-12-03 07:00:00+00:00,long,2.42438478,2.2978755446800623,2.6774032506398755,2.54459098,stack_flip,2.0,0.9305384845800844,128.67564583328974,1017.1245246078139,1017.1245246078139,1017.1245246078139,122.26467402991196,2.5270335538388755,1.0108183525552454,119.73764047607308,119.73764047607308,0.9305384845800844,12987.302223805047,stacked_mtf_v3.3_2h_sync,stack_flip,BACKTEST_ONLY,long-2024-12-02 14:00:00+00:00
249,2024-12-03 12:00:00+00:00,2024-12-03 13:30:00+00:00,2024-12-03 12:00:00+00:00,2024-12-03 13:30:00+00:00,long,2.77025394,2.6459860147531247,3.0187897904937504,2.6098779199999997,stack_flip,2.0,-1.3122137961670082,129.87302223805048,1045.1049374167947,1045.1049374167947,1045.1049374167947,-167.6097703452548,2.8114011854197014,1.1245538147592193,-170.42117153067448,-170.42117153067448,-1.3122137961670082,12816.881052274373,stacked_mtf_v3.3_2h_sync,stack_flip,BACKTEST_ONLY,long-2024-12-03 12:00:00+00:00
250,2024-12-08 00:00:00+00:00,2024-12-08 08:00:00+00:00,2024-12-08 00:00:00+00:00,2024-12-08 08:00:00+00:00,long,2.60492088,2.53135460799449,2.7520534240110193,2.53059378,stack_flip,2.0,-1.0452460785866804,128.16881052274374,1742.2224482592326,1742.2224482592326,1742.2224482592326,-129.49434213400897,4.473604462008191,1.7894366766070577,-133.96794659601716,-133.96794659601716,-1.0452460785866804,12682.913105678355,stacked_mtf_v3.3_2h_sync,stack_flip,BACKTEST_ONLY,long-2024-12-08 00:00:00+00:00
251,2024-12-08 14:00:00+00:00,2024-12-08 20:15:00+00:00,2024-12-08 14:00:00+00:00,2024-12-08 20:15:00+00:00,long,2.5575114,2.524446039064096,2.623642121871808,2.5624874,stack_flip,2.0,0.07306741954770807,126.82913105678355,3835.7098627363357,3835.7098627363357,3835.7098627363357,19.086492276976358,9.819414947179103,3.9277668994420076,9.267077329797255,9.267077329797255,0.07306741954770807,12692.180183008153,stacked_mtf_v3.3_2h_sync,stack_flip,BACKTEST_ONLY,long-2024-12-08 14:00:00+00:00
252,2024-12-17 12:00:00+00:00,2024-12-17 22:00:00+00:00,2024-12-17 12:00:00+00:00,2024-12-17 22:00:00+00:00,long,2.65783146,2.6149551980286585,2.7435839839426834,2.594481,stack_flip,2.0,-1.5387679148452509,126.92180183008153,2960.1881319531926,2960.1881319531926,2960.1881319531926,-187.52927984577576,7.7739165047009395,3.1095592250915507,-195.3031963504767,-195.3031963504767,-1.5387679148452509,12496.876986657677,stacked_mtf_v3.3_2h_sync,stack_flip,BACKTEST_ONLY,long-2024-12-17 12:00:00+00:00
253,2025-01-01 16:00:00+00:00,2025-01-02 20:15:00+00:00,2025-01-01 16:00:00+00:00,2025-01-02 20:15:00+00:00,long,2.24704932,2.1981716865298253,2.344804586940349,2.3891220800000004,stack_flip,2.0,2.859276613408044,124.96876986657676,2556.7680142049717,2556.7680142049717,2556.7680142049717,363.2470884578207,5.926807371945943,2.370737573491418,357.3202810858748,357.3202810858748,2.859276613408044,12854.197267743551,stacked_mtf_v3.3_2h_sync,stack_flip,BACKTEST_ONLY,long-2025-01-01 16:00:00+00:00
254,2025-01-03 00:00:00+00:00,2025-01-03 10:00:00+00:00,2025-01-03 00:00:00+00:00,2025-01-03 10:00:00+00:00,long,2.41468284,2.38007352624954,2.483901467500921,2.40981794,stack_flip,2.0,-0.21026566555089463,128.54197267743552,3714.086144679063,3714.086144679063,3714.086144679063,-18.068657685250226,8.959305750995668,3.583721721000828,-27.027963436245894,-27.027963436245894,-0.21026566555089463,12827.169304307306,stacked_mtf_v3.3_2h_sync,stack_flip,BACKTEST_ONLY,long-2025-01-03 00:00:00+00:00
255,2025-01-04 02:00:00+00:00,2025-01-04 04:30:00+00:00,2025-01-04 02:00:00+00:00,2025-01-04 04:30:00+00:00,long,2.48539698,2.450187001132455,2.5558169377350897,2.4454108199999998,stack_flip,2.0,-1.2056685424236473,128.27169304307307,3643.049418621174,3643.049418621174,3643.049418621174,-145.67155694089402,8.981588244561376,3.592629614667457,-154.6531451854554,-154.6531451854554,-1.2056685424236473,12672.516159121851,stacked_mtf_v3.3_2h_sync,stack_flip,BACKTEST_ONLY,long-2025-01-04 02:00:00+00:00
256,2025-01-06 16:00:00+00:00,2025-01-06 17:30:00+00:00,2025-01-06 16:00:00+00:00,2025-01-06 17:30:00+00:00,long,2.4543907799999998,2.40914818906692,2.5448759618661594,2.40791832,stack_flip,2.0,-1.080919848784419,126.72516159121851,2801.0146850047327,2801.0146850047327,2801.0146850047327,-130.17004290829487,6.809699596066071,2.7238747405797024,-136.97974250436096,-136.97974250436096,-1.080919848784419,12535.53641661749,stacked_mtf_v3.3_2h_sync,stack_flip,BACKTEST_ONLY,long-2025-01-06 16:00:00+00:00
257,2025-01-07 06:00:00+00:00,2025-01-07 11:30:00+00:00,2025-01-07 06:00:00+00:00,2025-01-07 11:30:00+00:00,long,2.43778746,2.4108390053953848,2.4916843692092305,2.4183162400000002,stack_flip,2.0,-0.8126355359260292,125.3553641661749,4651.67171941304,4651.67171941304,4651.67171941304,-90.57372341646858,11.294500123913513,4.517796607328333,-101.86822354038209,-101.86822354038209,-0.8126355359260292,12433.668193077108,stacked_mtf_v3.3_2h_sync,stack_flip,BACKTEST_ONLY,long-2025-01-07 06:00:00+00:00
258,2025-01-11 12:00:00+00:00,2025-01-12 09:30:00+00:00,2025-01-11 12:00:00+00:00,2025-01-12 09:30:00+00:00,long,2.40578106,2.394966793067579,2.4274095938648417,2.49320126,stack_flip,2.0,7.85727866447055,55.890791154988875,5168.245938837473,5168.245938837473,5168.245938837473,451.8090936223617,12.659572739888292,5.063847370872956,439.1495208824734,439.1495208824734,7.85727866447055,12872.817713959581,stacked_mtf_v3.3_2h_sync,stack_flip,BACKTEST_ONLY,long-2025-01-11 12:00:00+00:00
259,2025-01-12 16:00:00+00:00,2025-01-12 22:00:00+00:00,2025-01-12 16:00:00+00:00,2025-01-12 22:00:00+00:00,long,2.52770544,2.495783415493064,2.5915494890138726,2.4987001600000003,stack_flip,2.0,-0.987358517726569,128.7281771395958,4032.5818655901585,4032.5818655901585,4032.5818655901585,-116.9661661343641,10.13469603583041,4.053873897840474,-127.10086217019452,-127.10086217019452,-0.987358517726569,12745.716851789386,stacked_mtf_v3.3_2h_sync,stack_flip,BACKTEST_ONLY,long-2025-01-12 16:00:00+00:00
260,2025-01-14 02:00:00+00:00,2025-01-14 07:45:00+00:00,2025-01-14 02:00:00+00:00,2025-01-14 07:45:00+00:00,long,2.5410081,2.5037851000977343,2.6154540998045315,2.514497,stack_flip,2.0,-0.7801319782458596,127.45716851789386,3424.1508973632085,3424.1508973632085,3424.1508973632085,-90.77800685508579,8.65540616239464,3.46215897232394,-99.43341301748043,-99.43341301748043,-0.7801319782458596,12646.283438771905,stacked_mtf_v3.3_2h_sync,stack_flip,BACKTEST_ONLY,long-2025-01-14 02:00:00+00:00
261,2025-01-14 10:00:00+00:00,2025-01-15 11:15:00+00:00,2025-01-14 10:00:00+00:00,2025-01-15 11:15:00+00:00,long,2.5690136999999997,2.541949488139809,2.6231421237203816,2.73835222,stack_flip,2.0,6.15886536438103,126.46283438771906,4672.695995767561,4672.695995767561,4672.695995767561,791.2674243332058,12.399853741228606,4.9599733455873505,778.8675705919771,778.8675705919771,6.15886536438103,13425.151009363883,stacked_mtf_v3.3_2h_sync,stack_flip,BACKTEST_ONLY,long-2025-01-14 10:00:00+00:00
262,2025-01-15 14:00:00+00:00,2025-01-16 09:30:00+00:00,2025-01-15 14:00:00+00:00,2025-01-16 09:30:00+00:00,long,2.84816952,2.7658761863381387,3.0127561873237223,3.03449298,stack_flip,2.0,2.228395917262353,134.2515100936388,1631.3777084942374,1631.3777084942374,1631.3777084942374,303.96393921351785,4.798422234547491,1.9193811291518101,299.16551697897035,299.16551697897035,2.228395917262353,13724.316526342853,stacked_mtf_v3.3_2h_sync,stack_flip,BACKTEST_ONLY,long-2025-01-15 14:00:00+00:00
263,2025-01-16 12:00:00+00:00,2025-01-16 22:30:00+00:00,2025-01-16 12:00:00+00:00,2025-01-16 22:30:00+00:00,long,3.18603708,3.0801051175670313,3.397901004865938,3.19936,stack_flip,2.0,0.09562950810441134,137.24316526342852,1295.5784270519166,1295.5784270519166,1295.5784270519166,17.260887737338255,4.136391352504151,1.6545572976194618,13.124496384834103,13.124496384834103,0.09562950810441134,13737.441022727688,stacked_mtf_v3.3_2h_sync,stack_flip,BACKTEST_ONLY,long-2025-01-16 12:00:00+00:00
264,2025-01-19 02:00:00+00:00,2025-01-19 04:15:00+00:00,2025-01-19 02:00:00+00:00,2025-01-19 04:15:00+00:00,long,3.2836566,3.2163577079644194,3.4182543840711612,3.21375712,stack_flip,2.0,-1.0869151727093371,137.37441022727688,2041.2581258343407,2041.2581258343407,2041.2581258343407,-142.68288154159524,6.631449276428766,2.6525741093592092,-149.314330818024,-149.314330818024,-1.0869151727093371,13588.126691909663,stacked_mtf_v3.3_2h_sync,stack_flip,BACKTEST_ONLY,long-2025-01-19 02:00:00+00:00
265,2025-01-20 12:00:00+00:00,2025-01-20 17:30:00+00:00,2025-01-20 12:00:00+00:00,2025-01-20 17:30:00+00:00,long,3.3010600799999996,3.2068374331564122,3.4895053736871744,3.04849018,stack_flip,2.0,-2.7142590841726624,135.88126691909665,1442.1295884912245,1442.1295884912245,1442.1295884912245,-364.23852595226924,4.578437151779073,1.831360364425006,-368.81696310404834,-368.81696310404834,-2.7142590841726624,13219.309728805614,stacked_mtf_v3.3_2h_sync,stack_flip,BACKTEST_ONLY,long-2025-01-20 12:00:00+00:00
266,2025-01-22 02:00:00+00:00,2025-01-22 08:15:00+00:00,2025-01-22 02:00:00+00:00,2025-01-22 08:15:00+00:00,long,3.18923772,3.1470607606478347,3.2735916387043305,3.14457096,stack_flip,2.0,-1.1341183687662988,132.19309728805615,3134.249109431586,3134.249109431586,3134.249109431586,-139.99675275119483,9.925867107300025,3.970341401863556,-149.92261985849487,-149.92261985849487,-1.1341183687662988,13069.38710894712,stacked_mtf_v3.3_2h_sync,stack_flip,BACKTEST_ONLY,long-2025-01-22 02:00:00+00:00
267,2025-01-22 12:00:00+00:00,2025-01-22 15:15:00+00:00,2025-01-22 12:00:00+00:00,2025-01-22 15:15:00+00:00,long,3.24904968,3.1856489144271305,3.3758512111457395,3.17356516,stack_flip,2.0,-1.241244119198391,130.6938710894712,2061.3926331734624,2061.3926331734624,2061.3926331734624,-155.60323344663544,6.619765458443279,2.647900065163976,-162.22299890507873,-162.22299890507873,-1.241244119198391,12907.16411004204,stacked_mtf_v3.3_2h_sync,stack_flip,BACKTEST_ONLY,long-2025-01-22 12:00:00+00:00
268,2025-01-22 20:00:00+00:00,2025-01-22 22:00:00+00:00,2025-01-22 20:00:00+00:00,2025-01-22 22:00:00+00:00,long,3.2456490000000002,3.160610430917008,3.4157261381659847,3.16956596,stack_flip,2.0,-0.9324080630121808,129.0716411004204,1517.8011870643625,1517.8011870643625,1517.8011870643625,-115.47892842746586,4.868510440780528,1.9473996350510596,-120.34743886824639,-120.34743886824639,-0.9324080630121808,12786.816671173794,stacked_mtf_v3.3_2h_sync,stack_flip,BACKTEST_ONLY,long-2025-01-22 20:00:00+00:00
269,2025-02-11 06:00:00+00:00,2025-02-11 13:45:00+00:00,2025-02-11 06:00:00+00:00,2025-02-11 13:45:00+00:00,long,2.4979995,2.4755963479286516,2.5428058041426973,2.4475104,stack_flip,2.0,-2.3640358634057153,114.67776450426098,5118.822750434415,5118.822750434415,5118.822750434415,-258.4447537289586,12.657594294309314,5.063027582454681,-271.1023480232679,-271.1023480232679,-2.3640358634057153,12515.714323150527,stacked_mtf_v3.3_2h_sync,stack_flip,BACKTEST_ONLY,long-2025-02-11 06:00:00+00:00
270,2025-02-12 22:00:00+00:00,2025-02-13 06:45:00+00:00,2025-02-12 22:00:00+00:00,2025-02-13 06:45:00+00:00,long,2.4627924599999997,2.4231225166384847,2.54213234672303,2.43911208,stack_flip,2.0,-0.6587186684856815,125.15714323150527,3154.9614803061127,3154.9614803061127,3154.9614803061127,-74.71068673901004,7.732660001918827,3.093061136062506,-82.44334674092887,-82.44334674092887,-0.6587186684856815,12433.270976409598,stacked_mtf_v3.3_2h_sync,stack_flip,BACKTEST_ONLY,long-2025-02-12 22:00:00+00:00
271,2025-02-13 20:00:00+00:00,2025-02-15 06:45:00+00:00,2025-02-13 20:00:00+00:00,2025-02-15 06:45:00+00:00,long,2.46489288,2.4311728982991507,2.532332843401698,2.7638471200000003,stack_flip,2.0,8.788257141685763,124.33270976409598,3687.2116618309174,3687.2116618309174,3687.2116618309174,1102.3075600818006,9.639735552340895,3.855938467476301,1092.6678245294597,1092.6678245294597,8.788257141685763,13525.938800939057,stacked_mtf_v3.3_2h_sync,stack_flip,BACKTEST_ONLY,long-2025-02-13 20:00:00+00:00
272,2025-02-15 12:00:00+00:00,2025-02-15 14:00:00+00:00,2025-02-15 12:00:00+00:00,2025-02-15 14:00:00+00:00,long,2.80576104,2.7773607212669105,2.8625616774661795,2.78164356,stack_flip,2.0,-0.94756620701744,135.25938800939056,4762.601056719748,4762.601056719748,4762.601056719748,-114.86193573341804,13.30528952614039,5.322111428863185,-128.16722525955842,-128.16722525955842,-0.94756620701744,13397.771575679499,stacked_mtf_v3.3_2h_sync,stack_flip,BACKTEST_ONLY,long-2025-02-15 12:00:00+00:00
273,2025-02-19 18:00:00+00:00,2025-02-20 15:45:00+00:00,2025-02-19 18:00:00+00:00,2025-02-20 15:45:00+00:00,long,2.6605320000000003,2.621422498159844,2.738751003680313,2.67536482,stack_flip,2.0,0.31104644696622386,133.977715756795,3425.707550670742,3425.707550670742,3425.707550670742,50.81290347173875,9.139611012937001,3.6558465839248027,41.67329245880175,41.67329245880175,0.31104644696622386,13439.4448681383,stacked_mtf_v3.3_2h_sync,stack_flip,BACKTEST_ONLY,long-2025-02-19 18:00:00+00:00
274,2025-02-21 14:00:00+00:00,2025-02-21 15:15:00+00:00,2025-02-21 14:00:00+00:00,2025-02-21 15:15:00+00:00,long,2.68543698,2.6647512206382764,2.726808498723447,2.6468705200000002,stack_flip,2.0,-1.993284995197981,103.5232346049914,5004.565353136048,5004.565353136048,5004.565353136048,-193.008369509106,13.34294068338375,5.337168766505469,-206.35131019248973,-206.35131019248973,-1.993284995197981,13233.093557945811,stacked_mtf_v3.3_2h_sync,stack_flip,BACKTEST_ONLY,long-2025-02-21 14:00:00+00:00
275,2025-03-02 04:00:00+00:00,2025-03-03 06:45:00+00:00,2025-03-02 04:00:00+00:00,2025-03-03 06:45:00+00:00,long,2.24854962,2.2179356152489524,2.309777629502095,2.6740650799999997,stack_flip,2.0,13.81897455397516,132.3309355794581,4322.562064505145,4322.562064505145,4322.562064505145,1839.3169852564552,10.639153780197685,4.255735254987895,1828.6778314762576,1828.6778314762576,13.81897455397516,15061.771389422069,stacked_mtf_v3.3_2h_sync,stack_flip,BACKTEST_ONLY,long-2025-03-02 04:00:00+00:00
276,2025-03-12 20:00:00+00:00,2025-03-13 17:15:00+00:00,2025-03-12 20:00:00+00:00,2025-03-13 17:15:00+00:00,long,2.2374474,2.180587777237349,2.351166645525302,2.24465098,stack_flip,2.0,0.08727688593212685,150.61771389422069,2648.9397322058203,2648.9397322058203,2648.9397322058203,19.081849276122288,5.93640424121867,2.3745625547439415,13.145445034903616,13.145445034903616,0.08727688593212685,15074.916834456972,stacked_mtf_v3.3_2h_sync,stack_flip,BACKTEST_ONLY,long-2025-03-12 20:00:00+00:00
277,2025-03-14 02:00:00+00:00,2025-03-15 07:15:00+00:00,2025-03-14 02:00:00+00:00,2025-03-15 07:15:00+00:00,long,2.26875366,2.237433949748299,2.3313930805034015,2.3810237,stack_flip,2.0,3.510414063106777,150.7491683445697,4813.236365632819,4813.236365632819,4813.236365632819,540.3822392990526,11.190238740624082,4.476117290583896,529.1920005584285,529.1920005584285,3.510414063106777,15604.1088350154,stacked_mtf_v3.3_2h_sync,stack_flip,BACKTEST_ONLY,long-2025-03-14 02:00:00+00:00
278,2025-03-15 12:00:00+00:00,2025-03-15 16:00:00+00:00,2025-03-15 12:00:00+00:00,2025-03-15 16:00:00+00:00,long,2.430486,2.4002835953911164,2.4908908092177677,2.4205158,stack_flip,2.0,-0.41042099331236875,156.041088350154,5166.51208308943,5166.51208308943,5166.51208308943,-51.511158770819016,12.531379707394288,5.0125500230133655,-64.0425384782133,-64.0425384782133,-0.41042099331236875,15540.066296537187,stacked_mtf_v3.3_2h_sync,stack_flip,BACKTEST_ONLY,long-2025-03-15 12:00:00+00:00
279,2025-03-19 12:00:00+00:00,2025-03-20 04:30:00+00:00,2025-03-19 12:00:00+00:00,2025-03-20 04:30:00+00:00,long,2.3349669,2.317201297324414,2.3704981053511722,2.45620866,stack_flip,2.0,6.689678610415008,118.23664111750233,6655.368988972472,6655.368988972472,6655.368988972472,806.9086496724444,15.943520621373409,6.377440779992981,790.965129051071,790.965129051071,6.689678610415008,16331.031425588259,stacked_mtf_v3.3_2h_sync,stack_flip,BACKTEST_ONLY,long-2025-03-19 12:00:00+00:00
280,2025-03-20 10:00:00+00:00,2025-03-20 11:15:00+00:00,2025-03-20 10:00:00+00:00,2025-03-20 11:15:00+00:00,long,2.4975994200000002,2.4769281980803073,2.538941863839386,2.47010588,stack_flip,2.0,-1.4501993528230344,135.16273749607709,6538.69123079323,6538.69123079323,6538.69123079323,-179.77176890146313,16.241145541137527,6.496451285442306,-196.01291444260067,-196.01291444260067,-1.4501993528230344,16135.018511145658,stacked_mtf_v3.3_2h_sync,stack_flip,BACKTEST_ONLY,long-2025-03-20 10:00:00+00:00
281,2025-03-24 04:00:00+00:00,2025-03-24 22:00:00+00:00,2025-03-24 04:00:00+00:00,2025-03-24 22:00:00+00:00,long,2.45189028,2.4279017797040887,2.499867280591823,2.44990992,stack_flip,2.0,-0.1847243489729691,157.8597947413678,6580.644591953624,6580.644591953624,6580.644591953624,-13.032045324122103,16.128502488483598,6.451400732167654,-29.1605478126057,-29.1605478126057,-0.1847243489729691,16105.857963333052,stacked_mtf_v3.3_2h_sync,stack_flip,BACKTEST_ONLY,long-2025-03-24 04:00:00+00:00
282,2025-03-25 18:00:00+00:00,2025-03-25 22:15:00+00:00,2025-03-25 18:00:00+00:00,2025-03-25 22:15:00+00:00,long,2.4664932000000004,2.4397988428806148,2.5198819142387716,2.4394120200000002,stack_flip,2.0,-1.1063811156011047,161.0585796333305,6033.431669211046,6033.431669211046,6033.431669211046,-163.3924490516057,14.799721960247895,5.919882485196495,-178.1921710118536,-178.1921710118536,-1.1063811156011047,15927.665792321199,stacked_mtf_v3.3_2h_sync,stack_flip,BACKTEST_ONLY,long-2025-03-25 18:00:00+00:00
283,2025-03-26 08:00:00+00:00,2025-03-26 11:30:00+00:00,2025-03-26 08:00:00+00:00,2025-03-26 11:30:00+00:00,long,2.46659322,2.454216193230801,2.4913472735383984,2.45540882,stack_flip,2.0,-1.1024781051582697,79.92284430361697,6457.354079778585,6457.354079778585,6457.354079778585,-72.22163096987478,15.891554976836263,6.356619356134039,-88.11318594671104,-88.11318594671104,-1.1024781051582697,15839.552606374487,stacked_mtf_v3.3_2h_sync,stack_flip,BACKTEST_ONLY,long-2025-03-26 08:00:00+00:00
284,2025-04-02 16:00:00+00:00,2025-04-02 20:30:00+00:00,2025-04-02 16:00:00+00:00,2025-04-02 20:30:00+00:00,long,2.1779355000000002,2.1333919093084095,2.2670226813831817,2.11947602,stack_flip,2.0,-1.3606488569733168,158.39552606374488,3555.9667194420385,3555.9667194420385,3555.9667194420385,-207.87996531588828,7.640726172433413,3.0562822760260433,-215.5206914883217,-215.5206914883217,-1.3606488569733168,15624.031914886165,stacked_mtf_v3.3_2h_sync,stack_flip,BACKTEST_ONLY,long-2025-04-02 16:00:00+00:00
285,2025-04-04 18:00:00+00:00,2025-04-05 13:30:00+00:00,2025-04-04 18:00:00+00:00,2025-04-05 13:30:00+00:00,long,2.1331265399999997,2.085767655218163,2.227844309563673,2.1232752599999998,stack_flip,2.0,-0.25295107676594475,156.24031914886166,3299.0709107403577,3299.0709107403577,3299.0709107403577,-32.500071281557965,7.0210856814014475,2.8084330848950514,-39.52115696295941,-39.52115696295941,-0.25295107676594475,15584.510757923206,stacked_mtf_v3.3_2h_sync,stack_flip,BACKTEST_ONLY,long-2025-04-04 18:00:00+00:00
286,2025-04-06 00:00:00+00:00,2025-04-06 02:45:00+00:00,2025-04-06 00:00:00+00:00,2025-04-06 02:45:00+00:00,long,2.14082808,2.128012474956227,2.166459290087546,2.1307737600000003,stack_flip,2.0,-0.9511935549170657,93.2933085752392,7279.664772485237,7279.664772485237,7279.664772485237,-73.19207911529098,15.547914718365563,6.219163208429588,-88.73999383365654,-88.73999383365654,-0.9511935549170657,15495.77076408955,stacked_mtf_v3.3_2h_sync,stack_flip,BACKTEST_ONLY,long-2025-04-06 00:00:00+00:00
287,2025-04-09 18:00:00+00:00,2025-04-10 15:15:00+00:00,2025-04-09 18:00:00+00:00,2025-04-10 15:15:00+00:00,long,2.05351062,1.9438301816107435,2.272871496778513,1.959608,stack_flip,2.0,-0.874441976331438,154.9577076408955,1412.8107975913608,1412.8107975913608,1412.8107975913608,-132.66663545811838,2.834888659175471,1.133950202362778,-135.50152411729385,-135.50152411729385,-0.874441976331438,15360.269239972256,stacked_mtf_v3.3_2h_sync,stack_flip,BACKTEST_ONLY,long-2025-04-09 18:00:00+00:00
288,2025-04-11 02:00:00+00:00,2025-04-11 12:45:00+00:00,2025-04-11 02:00:00+00:00,2025-04-11 12:45:00+00:00,long,1.9868972999999999,1.9605270162675847,2.03963786746483,1.99900012,stack_flip,2.0,0.38338121017533194,153.60269239972257,5824.840337645273,5824.840337645273,5824.840337645273,70.49699413526102,11.608608036866112,4.6434462203640585,58.8883860983949,58.8883860983949,0.38338121017533194,15419.157626070652,stacked_mtf_v3.3_2h_sync,stack_flip,BACKTEST_ONLY,long-2025-04-11 02:00:00+00:00
289,2025-04-11 18:00:00+00:00,2025-04-11 23:00:00+00:00,2025-04-11 18:00:00+00:00,2025-04-11 23:00:00+00:00,long,2.05071006,2.016641790138123,2.1188465997237547,2.0150968999999996,stack_flip,2.0,-1.1050183538121723,154.1915762607065,4525.958520519071,4525.958520519071,4525.958520519071,-161.1836849446111,9.20083682669887,3.6803284305452877,-170.38452177130995,-170.38452177130995,-1.1050183538121723,15248.773104299342,stacked_mtf_v3.3_2h_sync,stack_flip,BACKTEST_ONLY,long-2025-04-11 18:00:00+00:00
290,2025-04-12 06:00:00+00:00,2025-04-13 04:45:00+00:00,2025-04-12 06:00:00+00:00,2025-04-13 04:45:00+00:00,long,2.040408,2.0219937664205214,2.077236467158958,2.13637264,stack_flip,2.0,5.098026441057923,137.61682454834627,7473.3940977977645,7473.3940977977645,7473.3940977977645,717.1815741732843,15.607363891385983,6.242974493536341,701.5742102818983,701.5742102818983,5.098026441057923,15950.34731458124,stacked_mtf_v3.3_2h_sync,stack_flip,BACKTEST_ONLY,long-2025-04-12 06:00:00+00:00
291,2025-04-13 10:00:00+00:00,2025-04-13 12:15:00+00:00,2025-04-13 10:00:00+00:00,2025-04-13 12:15:00+00:00,long,2.21804352,2.1901946820620455,2.2737411958759095,2.16886614,stack_flip,2.0,-1.8446311815398149,159.5034731458124,5727.47320736238,5727.47320736238,5727.47320736238,-281.66212635827947,12.562953770384604,5.025170442675604,-294.22508012866405,-294.22508012866405,-1.8446311815398149,15656.122234452576,stacked_mtf_v3.3_2h_sync,stack_flip,BACKTEST_ONLY,long-2025-04-13 10:00:00+00:00
292,2025-04-13 18:00:00+00:00,2025-04-13 19:30:00+00:00,2025-04-13 18:00:00+00:00,2025-04-13 19:30:00+00:00,long,2.1843367799999998,2.1445379613603226,2.263934417279354,2.11927606,stack_flip,2.0,-1.6888070731072629,156.56122234452576,3933.815819056577,3933.815819056577,3933.815819056577,-255.93688953521047,8.4648101345435,3.3859139517783765,-264.40169966975395,-264.40169966975395,-1.6888070731072629,15391.720534782822,stacked_mtf_v3.3_2h_sync,stack_flip,BACKTEST_ONLY,long-2025-04-13 18:00:00+00:00
293,2025-04-15 10:00:00+00:00,2025-04-15 10:30:00+00:00,2025-04-15 10:00:00+00:00,2025-04-15 10:30:00+00:00,long,2.1669333,2.153753677388191,2.1932925452236187,2.1495699999999998,stack_flip,2.0,-1.4811920056427577,93.61481869094575,7102.996910326137,7102.996910326137,7102.996910326137,-123.33146625306877,15.330054801656289,6.132017232684555,-138.66152105472506,-138.66152105472506,-1.4811920056427577,15253.059013728098,stacked_mtf_v3.3_2h_sync,stack_flip,BACKTEST_ONLY,long-2025-04-15 10:00:00+00:00
294,2025-04-15 14:00:00+00:00,2025-04-15 14:15:00+00:00,2025-04-15 14:00:00+00:00,2025-04-15 14:15:00+00:00,long,2.16583308,2.1505401754940703,2.1964188890118597,2.14337124,stack_flip,2.0,-1.6096642825733392,107.70154776667069,7042.582900122708,7042.582900122708,7042.582900122708,-158.18937028929273,15.173964328583452,6.069579646641755,-173.36333461787618,-173.36333461787618,-1.6096642825733392,15079.695679110222,stacked_mtf_v3.3_2h_sync,stack_flip,BACKTEST_ONLY,long-2025-04-15 14:00:00+00:00
295,2025-04-21 02:00:00+00:00,2025-04-21 16:15:00+00:00,2025-04-21 02:00:00+00:00,2025-04-21 16:15:00+00:00,long,2.1138226799999997,2.095298639920875,2.150870760158249,2.0998799399999997,stack_flip,2.0,-0.8664195953714686,132.14773868394718,7133.850829488793,7133.850829488793,7133.850829488793,-99.46542731434704,15.02996296545305,6.011981448043386,-114.49539027980009,-114.49539027980009,-0.8664195953714686,14965.200288830421,stacked_mtf_v3.3_2h_sync,stack_flip,BACKTEST_ONLY,long-2025-04-21 02:00:00+00:00
296,2025-04-22 22:00:00+00:00,2025-04-23 15:15:00+00:00,2025-04-22 22:00:00+00:00,2025-04-23 15:15:00+00:00,long,2.2135426199999997,2.1863464501888115,2.267934959622376,2.19476096,stack_flip,2.0,-0.7716458580636734,149.65200288830422,5502.686735936579,5502.686735936579,5502.686735936579,-103.34959136086896,12.128756818823867,4.851498787605844,-115.47834817969283,-115.47834817969283,-0.7716458580636734,14849.721940650728,stacked_mtf_v3.3_2h_sync,stack_flip,BACKTEST_ONLY,long-2025-04-22 22:00:00+00:00
297,2025-04-27 20:00:00+00:00,2025-04-28 01:30:00+00:00,2025-04-27 20:00:00+00:00,2025-04-28 01:30:00+00:00,long,2.29255842,2.2516223804997235,2.3744304990005536,2.224555,stack_flip,2.0,-1.7163843294983445,148.49721940650727,3627.542410532987,3627.542410532987,3627.542410532987,-246.68529011128769,8.193010252118853,3.2771943645237114,-254.87830036340654,-254.87830036340654,-1.7163843294983445,14594.843640287321,stacked_mtf_v3.3_2h_sync,stack_flip,BACKTEST_ONLY,long-2025-04-27 20:00:00+00:00
298,2025-04-28 06:00:00+00:00,2025-04-28 13:45:00+00:00,2025-04-28 06:00:00+00:00,2025-04-28 13:45:00+00:00,long,2.27155422,2.2542868675846024,2.3060889248307954,2.28194352,stack_flip,2.0,0.4698202095398131,110.9435585404898,6425.047446275494,6425.047446275494,6425.047446275494,66.75174543358956,14.628219513004117,5.8512907093230915,52.12352592058544,52.12352592058544,0.4698202095398131,14646.967166207907,stacked_mtf_v3.3_2h_sync,stack_flip,BACKTEST_ONLY,long-2025-04-28 06:00:00+00:00
299,2025-04-28 22:00:00+00:00,2025-04-29 02:30:00+00:00,2025-04-28 22:00:00+00:00,2025-04-29 02:30:00+00:00,long,2.29905972,2.281235217455546,2.334708725088907,2.28394312,stack_flip,2.0,-0.9766388361517879,113.55725179796643,6370.851108734099,6370.851108734099,6370.851108734099,-96.3056078702887,14.598814362272762,5.839522126265676,-110.90442223256146,-110.90442223256146,-0.9766388361517879,14536.062743975346,stacked_mtf_v3.3_2h_sync,stack_flip,BACKTEST_ONLY,long-2025-04-28 22:00:00+00:00
300,2025-05-08 04:00:00+00:00,2025-05-09 15:30:00+00:00,2025-05-08 04:00:00+00:00,2025-05-09 15:30:00+00:00,long,2.1899379,2.1621615528846383,2.245490594230723,2.3347329599999997,stack_flip,2.0,5.131442373542803,145.36062743975347,5233.252120447559,5233.252120447559,5233.252120447559,757.7490547753308,11.83937168621114,4.735779173877813,745.9096830891197,745.9096830891197,5.131442373542803,15281.972427064466,stacked_mtf_v3.3_2h_sync,stack_flip,BACKTEST_ONLY,long-2025-05-08 04:00:00+00:00
301,2025-05-10 06:00:00+00:00,2025-05-10 09:00:00+00:00,2025-05-10 06:00:00+00:00,2025-05-10 09:00:00+00:00,long,2.3814762,2.3530495554982016,2.4383294890035963,2.3701258800000002,stack_flip,2.0,-0.48286110726615283,152.81972427064466,5375.932578358926,5375.932578358926,5375.932578358926,-61.01855506279663,12.772146210635018,5.108856247866054,-73.79070127343165,-73.79070127343165,-0.48286110726615283,15208.181725791033,stacked_mtf_v3.3_2h_sync,stack_flip,BACKTEST_ONLY,long-2025-05-10 06:00:00+00:00
302,2025-05-10 10:00:00+00:00,2025-05-10 11:30:00+00:00,2025-05-10 10:00:00+00:00,2025-05-10 11:30:00+00:00,long,2.42028396,2.3788770317918613,2.503097816416277,2.3710257,stack_flip,2.0,-1.2474703404790863,152.08181725791033,3672.8592010845737,3672.8592010845737,3672.8592010845737,-180.9186534704154,8.798902884988202,3.5195540580313036,-189.7175563554036,-189.7175563554036,-1.2474703404790863,15018.46416943563,stacked_mtf_v3.3_2h_sync,stack_flip,BACKTEST_ONLY,long-2025-05-10 10:00:00+00:00
303,2025-05-10 14:00:00+00:00,2025-05-11 00:15:00+00:00,2025-05-10 14:00:00+00:00,2025-05-11 00:15:00+00:00,long,2.4184836,2.383974835622698,2.4875011287546043,2.40361918,stack_flip,2.0,-0.5006111259481286,150.18464169435632,4352.072419989027,4352.072419989027,4352.072419989027,-64.69103232113277,10.493070257595209,4.197225683285819,-75.18410257872797,-75.18410257872797,-0.5006111259481286,14943.280066856903,stacked_mtf_v3.3_2h_sync,stack_flip,BACKTEST_ONLY,long-2025-05-10 14:00:00+00:00
304,2025-05-12 14:00:00+00:00,2025-05-12 18:45:00+00:00,2025-05-12 14:00:00+00:00,2025-05-12 18:45:00+00:00,long,2.60052,2.54072258411268,2.7201148317746395,2.47010588,stack_flip,2.0,-2.223330740420708,149.43280066856903,2498.9842529341918,2498.9842529341918,2498.9842529341918,-325.9028322402694,6.33570711332029,2.5342699105856226,-332.23853935358966,-332.23853935358966,-2.223330740420708,14611.041527503314,stacked_mtf_v3.3_2h_sync,stack_flip,BACKTEST_ONLY,long-2025-05-12 14:00:00+00:00
305,2025-05-13 10:00:00+00:00,2025-05-14 02:00:00+00:00,2025-05-13 10:00:00+00:00,2025-05-14 02:00:00+00:00,long,2.53080606,2.502583239436495,2.5872517011270104,2.55318926,stack_flip,2.0,0.7030198238108187,146.11041527503315,5177.030940131062,5177.030940131062,5177.030940131062,115.87851893914012,13.16000053556076,5.264005059925264,102.71851840357937,102.71851840357937,0.7030198238108187,14713.760045906893,stacked_mtf_v3.3_2h_sync,stack_flip,BACKTEST_ONLY,long-2025-05-13 10:00:00+00:00
306,2025-05-14 06:00:00+00:00,2025-05-14 08:45:00+00:00,2025-05-14 06:00:00+00:00,2025-05-14 08:45:00+00:00,long,2.58331656,2.5570738066874514,2.6358020666250974,2.57038582,stack_flip,2.0,-0.5909285129234101,147.13760045906892,5606.78975664917,5606.78975664917,5606.78975664917,-72.49994057789523,14.447862856501224,5.779142473768566,-86.94780343439646,-86.94780343439646,-0.5909285129234101,14626.812242472497,stacked_mtf_v3.3_2h_sync,stack_flip,BACKTEST_ONLY,long-2025-05-14 06:00:00+00:00
307,2025-05-14 12:00:00+00:00,2025-05-14 13:30:00+00:00,2025-05-14 12:00:00+00:00,2025-05-14 13:30:00+00:00,long,2.61572304,2.572587530814975,2.7019940583700506,2.56408708,stack_flip,2.0,-1.257105018220695,146.26812242472496,3390.898245742815,3390.898245742815,3390.898245742815,-175.0922861812463,8.782104524594441,3.512834946659727,-183.87439070584074,-183.87439070584074,-1.257105018220695,14442.937851766656,stacked_mtf_v3.3_2h_sync,stack_flip,BACKTEST_ONLY,long-2025-05-14 12:00:00+00:00
308,2025-05-23 00:00:00+00:00,2025-05-23 06:15:00+00:00,2025-05-23 00:00:00+00:00,2025-05-23 06:15:00+00:00,long,2.4361871400000004,2.412518807626578,2.483523804746845,2.4287141599999997,stack_flip,2.0,-0.4185098676881702,140.3177317175625,5928.500981975733,5928.500981975733,5928.500981975733,-44.30356926828874,14.42078606713251,5.768312885442749,-58.72435533542125,-58.72435533542125,-0.4185098676881702,14384.213496431234,stacked_mtf_v3.3_2h_sync,stack_flip,BACKTEST_ONLY,long-2025-05-23 00:00:00+00:00
309,2025-06-03 16:00:00+00:00,2025-06-04 06:00:00+00:00,2025-06-03 16:00:00+00:00,2025-06-04 06:00:00+00:00,long,2.2543507799999998,2.234836554969385,2.293379230061229,2.2328533399999997,stack_flip,2.0,-1.216601839056088,124.5133550412962,6380.645649312497,6380.645649312497,6380.645649312497,-137.16754700735703,14.315629722927554,5.7262466315190075,-151.48317673028458,-151.48317673028458,-1.216601839056088,14232.73031970095,stacked_mtf_v3.3_2h_sync,stack_flip,BACKTEST_ONLY,long-2025-06-03 16:00:00+00:00
310,2025-06-04 10:00:00+00:00,2025-06-04 12:15:00+00:00,2025-06-04 10:00:00+00:00,2025-06-04 12:15:00+00:00,long,2.2633525800000003,2.249867984890486,2.2903217702190286,2.2423514399999998,stack_flip,2.0,-1.7244857425191424,84.79571736192925,6288.339892541598,6288.339892541598,6288.339892541598,-132.06230645085438,14.166699166475523,5.666674610764935,-146.2290056173299,-146.2290056173299,-1.7244857425191424,14086.50131408362,stacked_mtf_v3.3_2h_sync,stack_flip,BACKTEST_ONLY,long-2025-06-04 10:00:00+00:00
311,2025-06-07 14:00:00+00:00,2025-06-08 00:45:00+00:00,2025-06-07 14:00:00+00:00,2025-06-08 00:45:00+00:00,long,2.18563704,2.1795645464548152,2.1977820270903696,2.1717655600000003,stack_flip,2.0,-2.6430956542929143,39.13741702694147,6445.032297807151,6445.032297807151,6445.032297807151,-89.40213661838409,14.041800245774429,5.616716746892976,-103.44393686415852,-103.44393686415852,-2.6430956542929143,13983.057377219462,stacked_mtf_v3.3_2h_sync,stack_flip,BACKTEST_ONLY,long-2025-06-07 14:00:00+00:00
312,2025-06-08 06:00:00+00:00,2025-06-09 01:00:00+00:00,2025-06-08 06:00:00+00:00,2025-06-09 01:00:00+00:00,long,2.210442,2.1910482106639213,2.2492295786721574,2.24725046,stack_flip,2.0,1.7830251309201748,122.68336787307499,6325.910101789354,6325.910101789354,6325.910101789354,232.84700894530963,14.099480881692118,5.63980189214928,218.7475280636175,218.7475280636175,1.7830251309201748,14201.80490528308,stacked_mtf_v3.3_2h_sync,stack_flip,BACKTEST_ONLY,long-2025-06-08 06:00:00+00:00
313,2025-06-09 18:00:00+00:00,2025-06-10 03:45:00+00:00,2025-06-09 18:00:00+00:00,2025-06-10 03:45:00+00:00,long,2.2932585600000004,2.272800468878857,2.3341747422422876,2.29414108,stack_flip,2.0,-0.06897905633736075,126.69387739557175,6192.849403463287,6192.849403463287,6192.849403463287,5.465313455543031,14.20453756201085,5.6818154706894965,-8.73922410646782,-8.73922410646782,-0.06897905633736075,14193.065681176611,stacked_mtf_v3.3_2h_sync,stack_flip,BACKTEST_ONLY,long-2025-06-09 18:00:00+00:00
314,2025-06-10 12:00:00+00:00,2025-06-10 13:30:00+00:00,2025-06-10 12:00:00+00:00,2025-06-10 13:30:00+00:00,long,2.30116014,2.2843044301661366,2.3348715596677265,2.28724246,stack_flip,2.0,-0.9618035348134786,103.96242860997778,6167.78703683639,6167.78703683639,6167.78703683639,-85.84128628683736,14.150145038033195,5.660054807964018,-99.99143132487055,-99.99143132487055,-0.9618035348134786,14093.074249851741,stacked_mtf_v3.3_2h_sync,stack_flip,BACKTEST_ONLY,long-2025-06-10 12:00:00+00:00
315,2025-06-10 22:00:00+00:00,2025-06-11 01:15:00+00:00,2025-06-10 22:00:00+00:00,2025-06-11 01:15:00+00:00,long,2.30766144,2.286234987754133,2.350514344491734,2.28714248,stack_flip,2.0,-1.0648688685454757,130.85306933581433,6107.080529911589,6107.080529911589,6107.080529911589,-125.31094111003455,14.030418779296724,5.612162723767553,-139.34135988933127,-139.34135988933127,-1.0648688685454757,13953.73288996241,stacked_mtf_v3.3_2h_sync,stack_flip,BACKTEST_ONLY,long-2025-06-10 22:00:00+00:00
316,2025-06-11 08:00:00+00:00,2025-06-11 17:45:00+00:00,2025-06-11 08:00:00+00:00,2025-06-11 17:45:00+00:00,long,2.3124624,2.288336489853409,2.3607142202931812,2.3036391800000002,stack_flip,2.0,-0.46138241924823553,139.5373288996241,5783.712533611605,5783.712533611605,5783.712533611605,-51.030968100810135,13.349102282335167,5.339639085280906,-64.3800703831453,-64.3800703831453,-0.46138241924823553,13889.352819579264,stacked_mtf_v3.3_2h_sync,stack_flip,BACKTEST_ONLY,long-2025-06-11 08:00:00+00:00
317,2025-06-16 08:00:00+00:00,2025-06-16 23:45:00+00:00,2025-06-16 08:00:00+00:00,2025-06-16 23:45:00+00:00,long,2.20254042,2.1881930093910267,2.231235241217947,2.2310537,stack_flip,2.0,1.832838249123024,90.47563721686697,6306.060353516356,6306.060353516356,6306.060353516356,179.80646455670998,13.97925605185762,5.591709836670024,165.82720850485236,165.82720850485236,1.832838249123024,14055.180028084116,stacked_mtf_v3.3_2h_sync,stack_flip,BACKTEST_ONLY,long-2025-06-16 08:00:00+00:00
318,2025-06-24 00:00:00+00:00,2025-06-25 02:30:00+00:00,2025-06-24 00:00:00+00:00,2025-06-25 02:30:00+00:00,long,2.15553102,2.1180140759468045,2.2305649081063916,2.1800639,stack_flip,2.0,0.5961328435569816,140.55180028084115,3746.3552490189786,3746.3552490189786,3746.3552490189786,91.9088837615518,8.121339393081008,3.2485395635293366,83.7875443684708,83.7875443684708,0.5961328435569816,14138.967572452588,stacked_mtf_v3.3_2h_sync,stack_flip,BACKTEST_ONLY,long-2025-06-24 00:00:00+00:00
319,2025-06-25 12:00:00+00:00,2025-06-25 15:00:00+00:00,2025-06-25 12:00:00+00:00,2025-06-25 15:00:00+00:00,long,2.19613914,2.186926850046369,2.2145637199072623,2.1955608,stack_flip,2.0,-0.3011401056592505,59.309661464537676,6438.101901163051,6438.101901163051,6438.101901163051,-3.723411853519421,14.137105866525829,5.654842423867554,-17.86051772004525,-17.86051772004525,-0.3011401056592505,14121.107054732542,stacked_mtf_v3.3_2h_sync,stack_flip,BACKTEST_ONLY,long-2025-06-25 12:00:00+00:00
320,2025-06-28 02:00:00+00:00,2025-06-28 21:15:00+00:00,2025-06-28 02:00:00+00:00,2025-06-28 21:15:00+00:00,long,2.1853369799999998,2.1558337070871936,2.244343525825612,2.1761646800000003,stack_flip,2.0,-0.3848064878616081,141.21107054732542,4786.2849306468415,4786.2849306468415,4786.2849306468415,-43.90124126936947,10.437694835124592,4.175076345003239,-54.33893610449407,-54.33893610449407,-0.3848064878616081,14066.768118628048,stacked_mtf_v3.3_2h_sync,stack_flip,BACKTEST_ONLY,long-2025-06-28 02:00:00+00:00
321,2025-06-29 06:00:00+00:00,2025-06-29 07:45:00+00:00,2025-06-29 06:00:00+00:00,2025-06-29 07:45:00+00:00,long,2.18783748,2.1820185669481513,2.1994753061036967,2.1812636600000004,stack_flip,2.0,-1.5051557725574178,37.41287977332321,6429.530642572248,6429.530642572248,6429.530642572248,-42.26657712875042,14.04563483006367,5.618252466092482,-56.31221195881409,-56.31221195881409,-1.5051557725574178,14010.455906669235,stacked_mtf_v3.3_2h_sync,stack_flip,BACKTEST_ONLY,long-2025-06-29 06:00:00+00:00
322,2025-06-29 10:00:00+00:00,2025-06-29 10:45:00+00:00,2025-06-29 10:00:00+00:00,2025-06-29 10:45:00+00:00,long,2.19183828,2.1884056840173947,2.19870347196521,2.1850629,stack_flip,2.0,-2.6113852709215792,21.941506861400086,6392.102936841324,6392.102936841324,6392.102936841324,-43.30892639621382,13.988801443471129,5.595519068852158,-57.29772783968495,-57.29772783968495,-2.6113852709215792,13953.15817882955,stacked_mtf_v3.3_2h_sync,stack_flip,BACKTEST_ONLY,long-2025-06-29 10:00:00+00:00
323,2025-06-30 16:00:00+00:00,2025-07-01 02:30:00+00:00,2025-06-30 16:00:00+00:00,2025-07-01 02:30:00+00:00,long,2.2059411,2.1758185816696125,2.266186136660775,2.2294540200000004,stack_flip,2.0,0.7069535888876144,139.5315817882955,4632.135343330062,4632.135343330062,4632.135343330062,108.91502775689405,10.27267524849284,4.109074620361231,98.6423525084012,98.6423525084012,0.7069535888876144,14051.80053133795,stacked_mtf_v3.3_2h_sync,stack_flip,BACKTEST_ONLY,long-2025-06-30 16:00:00+00:00
324,2025-07-02 18:00:00+00:00,2025-07-03 15:30:00+00:00,2025-07-02 18:00:00+00:00,2025-07-03 15:30:00+00:00,long,2.2474494,2.2311735124950083,2.280001175009983,2.24994992,stack_flip,2.0,0.015471988235548463,101.76225755767264,6252.332324517719,6252.332324517719,6252.332324517719,15.634082024105167,14.059617572350003,5.623847879257198,1.5744644517551638,1.5744644517551638,0.015471988235548463,14053.374995789705,stacked_mtf_v3.3_2h_sync,stack_flip,BACKTEST_ONLY,long-2025-07-02 18:00:00+00:00
325,2025-07-06 10:00:00+00:00,2025-07-07 06:45:00+00:00,2025-07-06 10:00:00+00:00,2025-07-07 06:45:00+00:00,long,2.2639527,2.2524107139965843,2.287036672006831,2.2580483,stack_flip,2.0,-0.7074519495677385,71.64631023526049,6207.450798680426,6207.450798680426,6207.450798680426,-36.651272495728215,14.03504935954184,5.614018502326577,-50.68632185527005,-50.68632185527005,-0.7074519495677385,14002.688673934435,stacked_mtf_v3.3_2h_sync,stack_flip,BACKTEST_ONLY,long-2025-07-06 10:00:00+00:00
326,2025-07-07 10:00:00+00:00,2025-07-07 18:15:00+00:00,2025-07-07 10:00:00+00:00,2025-07-07 18:15:00+00:00,long,2.28725736,2.271255019186888,2.3192620416262235,2.28414308,stack_flip,2.0,-0.3374493946270111,97.96702390333523,6122.043334001748,6122.043334001748,6122.043334001748,-19.065757114213078,13.99315579537733,5.5972617794111175,-33.058912909590404,-33.058912909590404,-0.3374493946270111,13969.629761024846,stacked_mtf_v3.3_2h_sync,stack_flip,BACKTEST_ONLY,long-2025-07-07 10:00:00+00:00
327,2025-07-09 06:00:00+00:00,2025-07-10 13:30:00+00:00,2025-07-09 06:00:00+00:00,2025-07-10 13:30:00+00:00,long,2.33186628,2.3116585156609926,2.3722818086780144,2.4285142,stack_flip,2.0,4.664926222344845,121.05968019485779,5990.7507908321595,5990.7507908321595,5990.7507908321595,578.993603172284,14.259126562610987,5.7036740129354815,564.734476609673,564.734476609673,4.664926222344845,14534.36423763452,stacked_mtf_v3.3_2h_sync,stack_flip,BACKTEST_ONLY,long-2025-07-09 06:00:00+00:00
328,2025-07-10 16:00:00+00:00,2025-07-11 21:30:00+00:00,2025-07-10 16:00:00+00:00,2025-07-11 21:30:00+00:00,long,2.44708932,2.430667747082745,2.4799324658345094,2.71175754,stack_flip,2.0,15.960030009951923,97.53510841780606,5939.4498267167955,5939.4498267167955,5939.4498267167955,1571.983613416442,15.320356044342741,6.128205542209855,1556.6632573720992,1556.6632573720992,15.960030009951923,16091.02749500662,stacked_mtf_v3.3_2h_sync,stack_flip,BACKTEST_ONLY,long-2025-07-10 16:00:00+00:00
329,2025-07-12 02:00:00+00:00,2025-07-12 11:30:00+00:00,2025-07-12 02:00:00+00:00,2025-07-12 11:30:00+00:00,long,2.81786346,2.7364880315909392,2.980614316818121,2.7994399999999997,stack_flip,2.0,-0.2609155139960665,160.9102749500662,1977.381601497656,1977.381601497656,1977.381601497656,-36.43021083992834,5.553776255916563,2.2215091340185564,-41.9839870958449,-41.9839870958449,-0.2609155139960665,16049.043507910774,stacked_mtf_v3.3_2h_sync,stack_flip,BACKTEST_ONLY,long-2025-07-12 02:00:00+00:00
330,2025-07-13 14:00:00+00:00,2025-07-13 21:30:00+00:00,2025-07-13 14:00:00+00:00,2025-07-13 21:30:00+00:00,long,2.84546898,2.8003353850370702,2.93573616992586,2.79574074,stack_flip,2.0,-1.1642955741318826,160.49043507910773,3555.8974464791736,3555.8974464791736,3555.8974464791736,-176.82852163390461,10.02978161920075,4.011905735015663,-186.85830325310536,-186.85830325310536,-1.1642955741318826,15862.185204657668,stacked_mtf_v3.3_2h_sync,stack_flip,BACKTEST_ONLY,long-2025-07-13 14:00:00+00:00
331,2025-07-14 02:00:00+00:00,2025-07-14 16:00:00+00:00,2025-07-14 02:00:00+00:00,2025-07-14 16:00:00+00:00,long,2.87087406,2.814771383665221,2.9830794126695577,2.9216155600000002,stack_flip,2.0,0.8528159138878798,158.6218520465767,2827.349110763268,2827.349110763268,2827.349110763268,143.4639349037956,8.18869518810623,3.2754839448192454,135.27523971568937,135.27523971568937,0.8528159138878798,15997.460444373357,stacked_mtf_v3.3_2h_sync,stack_flip,BACKTEST_ONLY,long-2025-07-14 02:00:00+00:00
332,2025-07-16 10:00:00+00:00,2025-07-17 03:15:00+00:00,2025-07-16 10:00:00+00:00,2025-07-17 03:15:00+00:00,long,2.96099208,2.9324297413933933,3.0181167572132135,3.0071984400000003,stack_flip,2.0,1.513260707931056,154.31479372886034,5402.736654524708,5402.736654524708,5402.736654524708,249.6407948441655,16.12228084179544,6.448922580306873,233.51851400237007,233.51851400237007,1.513260707931056,16230.978958375727,stacked_mtf_v3.3_2h_sync,stack_flip,BACKTEST_ONLY,long-2025-07-16 10:00:00+00:00
333,2025-07-17 06:00:00+00:00,2025-07-18 07:45:00+00:00,2025-07-17 06:00:00+00:00,2025-07-18 07:45:00+00:00,long,3.16123212,3.087958489573492,3.3077793808530167,3.4488101,stack_flip,2.0,3.8796079467513103,162.30978958375727,2215.118708312811,2215.118708312811,2215.118708312811,637.0193635968075,7.321014092129774,2.928431234763703,629.6983495046777,629.6983495046777,3.8796079467513103,16860.677307880404,stacked_mtf_v3.3_2h_sync,stack_flip,BACKTEST_ONLY,long-2025-07-17 06:00:00+00:00
334,2025-07-20 10:00:00+00:00,2025-07-20 22:00:00+00:00,2025-07-20 10:00:00+00:00,2025-07-20 22:00:00+00:00,long,3.49199826,3.4671852411667397,3.5416242976665204,3.45150956,stack_flip,2.0,-1.7716689051585242,119.80656129592697,4828.375059923542,4828.375059923542,4828.375059923542,-195.49462928872651,16.762929993236042,6.7051644457158215,-212.25755928196256,-212.25755928196256,-1.7716689051585242,16648.41974859844,stacked_mtf_v3.3_2h_sync,stack_flip,BACKTEST_ONLY,long-2025-07-20 10:00:00+00:00
335,2025-07-21 06:00:00+00:00,2025-07-21 12:00:00+00:00,2025-07-21 06:00:00+00:00,2025-07-21 12:00:00+00:00,long,3.520704,3.4733135146935092,3.615484970612981,3.50939798,stack_flip,2.0,-0.3127436002004775,166.4841974859844,3513.030018774312,3513.030018774312,3513.030018774312,-39.71838765286167,12.348479645392363,4.939390466997058,-52.06686729825404,-52.06686729825404,-0.3127436002004775,16596.352881300187,stacked_mtf_v3.3_2h_sync,stack_flip,BACKTEST_ONLY,long-2025-07-21 06:00:00+00:00
336,2025-07-21 14:00:00+00:00,2025-07-21 18:45:00+00:00,2025-07-21 14:00:00+00:00,2025-07-21 18:45:00+00:00,long,3.5957190000000003,3.5367024668463314,3.7137520663073382,3.5561886200000004,stack_flip,2.0,-0.7304111493258756,165.96352881300186,2812.153136492468,2812.153136492468,2812.153136492468,-111.16548210373907,10.056129722743693,4.022447603376097,-121.22161182648276,-121.22161182648276,-0.7304111493258756,16475.131269473703,stacked_mtf_v3.3_2h_sync,stack_flip,BACKTEST_ONLY,long-2025-07-21 14:00:00+00:00
337,2025-07-22 18:00:00+00:00,2025-07-23 01:00:00+00:00,2025-07-22 18:00:00+00:00,2025-07-23 01:00:00+00:00,long,3.5687136,3.50023300791128,3.705674784177441,3.50909804,stack_flip,2.0,-0.9222242958732021,164.75131269473704,2405.810283901936,2405.810283901936,2405.810283901936,-143.4237273285732,8.513936015516414,3.4055688054802244,-151.9376633440896,-151.9376633440896,-0.9222242958732021,16323.193606129613,stacked_mtf_v3.3_2h_sync,stack_flip,BACKTEST_ONLY,long-2025-07-22 18:00:00+00:00
338,2025-08-07 12:00:00+00:00,2025-08-08 14:30:00+00:00,2025-08-07 12:00:00+00:00,2025-08-08 14:30:00+00:00,long,3.0766152,3.0432654281298857,3.1433147437402287,3.2848428999999997,stack_flip,2.0,6.148377018846956,163.23193606129612,4894.54430744016,4894.54430744016,4894.54430744016,1019.1797036863559,15.568219265187047,6.227328722356116,1003.6114844211688,1003.6114844211688,6.148377018846956,17326.80509055078,stacked_mtf_v3.3_2h_sync,stack_flip,BACKTEST_ONLY,long-2025-08-07 12:00:00+00:00
339,2025-08-08 20:00:00+00:00,2025-08-09 11:30:00+00:00,2025-08-08 20:00:00+00:00,2025-08-09 11:30:00+00:00,long,3.30806148,3.26590792231182,3.39236859537636,3.314337,stack_flip,2.0,0.07032195910788301,173.26805090550783,4110.401598536792,4110.401598536792,4110.401598536792,25.794907439649524,13.610358649169811,5.44414470923001,12.184548790479713,12.184548790479713,0.07032195910788301,17338.98963934126,stacked_mtf_v3.3_2h_sync,stack_flip,BACKTEST_ONLY,long-2025-08-08 20:00:00+00:00
340,2025-08-12 20:00:00+00:00,2025-08-13 02:00:00+00:00,2025-08-12 20:00:00+00:00,2025-08-13 02:00:00+00:00,long,3.2808560399999998,3.239494776823351,3.363578566353297,3.20805826,stack_flip,2.0,-1.8384892362990224,173.3898963934126,4192.084164666018,4192.084164666018,4192.084164666018,-305.1744207608393,13.601037441452439,5.440402987220265,-318.77545820229176,-318.77545820229176,-1.8384892362990224,17020.214181138967,stacked_mtf_v3.3_2h_sync,stack_flip,BACKTEST_ONLY,long-2025-08-12 20:00:00+00:00
341,2025-08-13 10:00:00+00:00,2025-08-13 14:45:00+00:00,2025-08-13 10:00:00+00:00,2025-08-13 14:45:00+00:00,long,3.28895766,3.256177948120546,3.3545170837589073,3.2322534199999997,stack_flip,2.0,-1.8293280233980966,169.63359661623852,5174.956913595223,5174.956913595223,5174.956913595223,-293.44199881816377,16.873493181729884,6.749385804987433,-310.31549199989365,-310.31549199989365,-1.8293280233980966,16709.898689139074,stacked_mtf_v3.3_2h_sync,stack_flip,BACKTEST_ONLY,long-2025-08-13 10:00:00+00:00
342,2025-08-14 02:00:00+00:00,2025-08-14 05:15:00+00:00,2025-08-14 02:00:00+00:00,2025-08-14 05:15:00+00:00,long,3.32536494,3.2737357750588725,3.428623269882255,3.28564274,stack_flip,2.0,-0.8333991822076565,167.09898689139075,3236.523137299097,3236.523137299097,3236.523137299097,-128.56181936442195,10.698339658591012,4.279330892136866,-139.26015902301296,-139.26015902301296,-0.8333991822076565,16570.638530116063,stacked_mtf_v3.3_2h_sync,stack_flip,BACKTEST_ONLY,long-2025-08-14 02:00:00+00:00
343,2025-08-22 18:00:00+00:00,2025-08-23 13:30:00+00:00,2025-08-22 18:00:00+00:00,2025-08-23 13:30:00+00:00,long,3.06751338,3.0011141433643904,3.2003118532712187,3.0158967000000003,stack_flip,2.0,-0.8231779130226723,165.70638530116062,2495.6067825077,2495.6067825077,2495.6067825077,-128.81493669852836,7.590899728211855,3.036354860141468,-136.40583642674022,-136.40583642674022,-0.8231779130226723,16434.232693689322,stacked_mtf_v3.3_2h_sync,stack_flip,BACKTEST_ONLY,long-2025-08-22 18:00:00+00:00
344,2025-08-23 22:00:00+00:00,2025-08-24 04:15:00+00:00,2025-08-23 22:00:00+00:00,2025-08-24 04:15:00+00:00,long,3.04220832,3.021295350655966,3.084034258688068,3.0438911,stack_flip,2.0,-0.06504431234140974,112.9733957587249,5402.073416750541,5402.073416750541,5402.073416750541,9.090501104241246,16.438777944241444,6.575511804337093,-7.348276840000198,-7.348276840000198,-0.06504431234140974,16426.884416849323,stacked_mtf_v3.3_2h_sync,stack_flip,BACKTEST_ONLY,long-2025-08-23 22:00:00+00:00
345,2025-08-24 18:00:00+00:00,2025-08-24 19:30:00+00:00,2025-08-24 18:00:00+00:00,2025-08-24 19:30:00+00:00,long,3.05871162,3.031813734494262,3.112507391011476,3.05278932,stack_flip,2.0,-0.3337827602874094,144.45574187879964,5370.524082570858,5370.524082570858,5370.524082570858,-31.80585477420905,16.41098148946222,6.5643915861263595,-48.21683626367127,-48.21683626367127,-0.3337827602874094,16378.667580585652,stacked_mtf_v3.3_2h_sync,stack_flip,BACKTEST_ONLY,long-2025-08-24 18:00:00+00:00
346,2025-08-26 20:00:00+00:00,2025-08-27 19:00:00+00:00,2025-08-26 20:00:00+00:00,2025-08-27 19:00:00+00:00,long,3.040608,2.9973998653180742,3.127024269363852,2.98920204,stack_flip,2.0,-1.259505077472475,163.78667580585653,3790.6444471987065,3790.6444471987065,3790.6444471987065,-194.86171682691997,11.428432972894505,4.571365577543752,-206.2901497998145,-206.2901497998145,-1.259505077472475,16172.377430785838,stacked_mtf_v3.3_2h_sync,stack_flip,BACKTEST_ONLY,long-2025-08-26 20:00:00+00:00
347,2025-08-28 08:00:00+00:00,2025-08-28 13:45:00+00:00,2025-08-28 08:00:00+00:00,2025-08-28 13:45:00+00:00,long,3.0110020800000004,2.99147798694004,3.050050266119921,2.9974004,stack_flip,2.0,-0.8505327847496986,104.8657535166711,5371.094738926861,5371.094738926861,5371.094738926861,-73.05591188856823,16.135849474841553,6.454337125873631,-89.19176136340978,-89.19176136340978,-0.8505327847496986,16083.185669422428,stacked_mtf_v3.3_2h_sync,stack_flip,BACKTEST_ONLY,long-2025-08-28 08:00:00+00:00
